source_id,category,store_name,main_menu,price,road_address,district,latitude,longitude,image_url_1,image_url_2,image_url_3
1,KOREAN,국수전문점,잔치국수,5000.0,서울특별시 종로구 종로 246 (종로5가) 1층,종로구,37.5708386957387,127.005118978637,https://eatssu-bucket.s3.ap-northeast-2.amazonaws.com/goodPriceStoreImg/5b220b62-cd0d-4991-9675-fd37e9130bc4.jpeg,https://eatssu-bucket.s3.ap-northeast-2.amazonaws.com/goodPriceStoreImg/15e4dc52-b518-47d8-820e-ab2a98980d87.jpeg,
2,KOREAN,금하낙지마당,낙지볶음,11000.0,서울특별시 종로구 종로35길 40 (효제동) 1층,종로구,37.5729596846722,127.003904828972,https://eatssu-bucket.s3.ap-northeast-2.amazonaws.com/goodPriceStoreImg/c32f4dae-93d6-4e50-801e-22e24273f6bc.jpeg,https://eatssu-bucket.s3.ap-northeast-2.amazonaws.com/goodPriceStoreImg/1331f788-85c4-4a73-a4db-ba2bf916ce88.jpeg,https://eatssu-bucket.s3.ap-northeast-2.amazonaws.com/goodPriceStoreImg/dd3fb608-ce30-4059-b400-fd2dbf7418ad.jpeg
3,KOREAN,꽃보다예쁜한미영꽃백숙,능이영계탕&찰밥,15000.0,서울특별시 종로구 창신길 18 (창신동) 1층,종로구,37.5723843287421,127.010817294838,https://eatssu-bucket.s3.ap-northeast-2.amazonaws.com/goodPriceStoreImg/1904e6cf-995a-40cc-b4b6-f483beb237ba.jpeg,https://eatssu-bucket.s3.ap-northeast-2.amazonaws.com/goodPriceStoreImg/7c4b4cb6-6c66-4fa5-a327-cd518ea7571f.jpg,
4,CHINESE,남도식당,짜장면,3500.0,서울특별시 종로구 종로 374-1 (숭인동) 1층,종로구,37.5736893412123,127.019225031923,https://eatssu-bucket.s3.ap-northeast-2.amazonaws.com/goodPriceStoreImg/95ebea5d-45eb-443a-ae84-514885d22fd2.jpg,https://eatssu-bucket.s3.ap-northeast-2.amazonaws.com/goodPriceStoreImg/83addf55-b93c-4cc6-a4e9-b0911df0a722.jpg,
5,KOREAN,남원추어탕,추어탕,9000.0,서울특별시 종로구 율곡로30길 21 (종로6가) 1층,종로구,37.5720028594186,127.007096634467,https://eatssu-bucket.s3.ap-northeast-2.amazonaws.com/goodPriceStoreImg/d6e3c7ee-58ce-4202-9d78-1abdad85d1ca.jpg,https://eatssu-bucket.s3.ap-northeast-2.amazonaws.com/goodPriceStoreImg/46f79c27-0d66-44a4-b3f4-e132d6dee5c2.jpg,https://eatssu-bucket.s3.ap-northeast-2.amazonaws.com/goodPriceStoreImg/274d5405-f0dc-4f36-ad43-1143615a0877.jpg
6,KOREAN,눈나무집,김치말이국수,7000.0,서울특별시 종로구 삼청로 136-1 1층,종로구,37.5874914824006,126.98189944814,https://eatssu-bucket.s3.ap-northeast-2.amazonaws.com/goodPriceStoreImg/b27f087f-1f20-4f0b-99ff-616eeffe4fe9.png,,
7,WESTERN,돈까스보라,수제 돈까스,7000.0,서울특별시 종로구 대학로5길 5 (연건동),종로구,37.5781982996716,127.001695852612,https://eatssu-bucket.s3.ap-northeast-2.amazonaws.com/goodPriceStoreImg/5eaf97eb-6a65-4798-b2fa-85529a5fd380.png,,
8,KOREAN,동대문 한국통닭,통닭 1마리,4500.0,서울특별시 종로구 종로 304 (창신동) 1층,종로구,37.5716711229533,127.011537243548,https://eatssu-bucket.s3.ap-northeast-2.amazonaws.com/goodPriceStoreImg/bd2d29a7-4f7f-49ce-8e51-206d2782f559.jpg,https://eatssu-bucket.s3.ap-northeast-2.amazonaws.com/goodPriceStoreImg/0c99f88a-9ecc-4986-91a0-d249b6a61709.jpg,
9,KOREAN,동문식당,콩나물비빔밥,5000.0,서울특별시 종로구 종로 300-1 (창신동) 1층,종로구,37.5715889805158,127.011243709036,https://eatssu-bucket.s3.ap-northeast-2.amazonaws.com/goodPriceStoreImg/42c65bfe-6d42-40c9-8a94-48904f8f3995.jpg,https://eatssu-bucket.s3.ap-northeast-2.amazonaws.com/goodPriceStoreImg/60ef059d-351c-49f1-ad9f-b86286f797fd.jpg,
10,KOREAN,둘리분식,된장찌개,4000.0,서울특별시 종로구 창경궁로34길 15 (혜화동) 1층,종로구,37.5843250630596,127.001182552211,https://eatssu-bucket.s3.ap-northeast-2.amazonaws.com/goodPriceStoreImg/82a34846-bff9-474e-8c92-1bb32a0333a7.jpg,https://eatssu-bucket.s3.ap-northeast-2.amazonaws.com/goodPriceStoreImg/c7bcc07c-4f11-4e73-b2c6-6d3bddb8076d.jpg,
11,WESTERN,리브포나우,아라비아따,13500.0,서울특별시 종로구 새문안로5가길 28 (적선동) 지하1층 121호,종로구,37.574460196686,126.973597076089,https://eatssu-bucket.s3.ap-northeast-2.amazonaws.com/goodPriceStoreImg/de0a7a81-0985-4671-bdba-4a563382a029.jpg,https://eatssu-bucket.s3.ap-northeast-2.amazonaws.com/goodPriceStoreImg/0824ceb6-20c4-4bee-9fc4-21be30e4ffed.jpg,
12,KOREAN,마로화적,양념소갈비(180g),19500.0,서울특별시 종로구 성균관로16길 5 (명륜1가) 1층,종로구,37.5897176823622,126.998557623797,https://eatssu-bucket.s3.ap-northeast-2.amazonaws.com/goodPriceStoreImg/b8a07dd6-91ad-4257-8560-559e61908d77.jpg,https://eatssu-bucket.s3.ap-northeast-2.amazonaws.com/goodPriceStoreImg/c1888aa8-fcb1-4e04-91e9-40e5b5e21ffc.jpg,
13,KOREAN,만족김치삼겹살(만족숯불갈비),김치삼겹살(180g),15000.0,서울특별시 종로구 종로53길 7-2 1층,종로구,37.572952861839,127.013401276692,https://eatssu-bucket.s3.ap-northeast-2.amazonaws.com/goodPriceStoreImg/70a0a741-09b9-405d-98c8-9c2ba029752c.png,,
14,KOREAN,맛밥김밥전문점,돈가스,7500.0,서울특별시 종로구 창경궁로 269 (혜화동) 1층,종로구,37.5853421081725,127.000665725381,https://eatssu-bucket.s3.ap-northeast-2.amazonaws.com/goodPriceStoreImg/82065437-f02e-4950-a76e-a148fa358c01.jpg,https://eatssu-bucket.s3.ap-northeast-2.amazonaws.com/goodPriceStoreImg/46103c09-8a21-4868-9322-739a9232aa7a.jpg,
15,KOREAN,먹고갈래지고갈래,삼계탕,16000.0,서울특별시 종로구 수표로 117 (낙원동),종로구,37.5717755006791,126.988906023959,https://eatssu-bucket.s3.ap-northeast-2.amazonaws.com/goodPriceStoreImg/11c02cd1-b33e-42d9-b683-4aabf2c54c63.png,,
16,KOREAN,백제고기집,육회(500g),42000.0,서울특별시 종로구 종로35길 31 (효제동) 1층,종로구,37.5726136194676,127.003688034186,https://eatssu-bucket.s3.ap-northeast-2.amazonaws.com/goodPriceStoreImg/1c19fa05-cbb2-4892-bc7f-835bdcad0e77.jpeg,https://eatssu-bucket.s3.ap-northeast-2.amazonaws.com/goodPriceStoreImg/8688fedd-8678-4e0f-b72a-1b44db376614.jpeg,
17,KOREAN,복코돼지,김치찌개(점심),8000.0,서울특별시 종로구 종로 232 (종로5가) 1층,종로구,37.5707627999585,127.00353275048,https://eatssu-bucket.s3.ap-northeast-2.amazonaws.com/goodPriceStoreImg/8900417b-3634-407c-a73e-e84a6fbc63c9.jpeg,https://eatssu-bucket.s3.ap-northeast-2.amazonaws.com/goodPriceStoreImg/da0b359b-eb4f-40b4-86ec-77ee296e6b39.jpeg,
18,KOREAN,불백당,고추장불백,5500.0,서울특별시 종로구 우정국로2길 34 (관철동) 1층,종로구,37.5694595040515,126.984945123988,https://eatssu-bucket.s3.ap-northeast-2.amazonaws.com/goodPriceStoreImg/49eaa3be-716d-4186-b248-2a5d403bcccf.jpg,https://eatssu-bucket.s3.ap-northeast-2.amazonaws.com/goodPriceStoreImg/35f5756a-810d-4351-aa61-9a1841071d92.jpg,
19,ETC,사직로커피,아메리카노,3500.0,서울특별시 종로구 사직로 108 (내자동) 1층,종로구,37.5758486533993,126.970646596999,https://eatssu-bucket.s3.ap-northeast-2.amazonaws.com/goodPriceStoreImg/909d3ccf-96a6-485a-9dfe-b5a4a1090f2a.jpg,https://eatssu-bucket.s3.ap-northeast-2.amazonaws.com/goodPriceStoreImg/9d86d5c7-47a6-4874-9430-574e378d4ab7.jpg,https://eatssu-bucket.s3.ap-northeast-2.amazonaws.com/goodPriceStoreImg/2d97a507-e7db-4790-974b-b9bc3d7c7cac.jpg
20,KOREAN,삼삼 뚝배기,된장뚝배기,7500.0,서울특별시 종로구 동숭길 51 (동숭동),종로구,37.5805564090189,127.004190744723,https://eatssu-bucket.s3.ap-northeast-2.amazonaws.com/goodPriceStoreImg/8246173e-b0d7-45c8-a032-63991f4e0dc2.jpg,https://eatssu-bucket.s3.ap-northeast-2.amazonaws.com/goodPriceStoreImg/9bb2a875-803d-4ab9-bee1-7cd9bfc1ba07.jpg,
21,ETC,샐러드하우스,에그듬뿍샌드위치,5500.0,서울특별시 종로구 새문안로5가길 28 (적선동) 지하1층 119호,종로구,37.574460196686,126.973597076089,https://eatssu-bucket.s3.ap-northeast-2.amazonaws.com/goodPriceStoreImg/fa2dd54a-0656-4a30-99ec-acc7d67fab6c.jpg,,
22,KOREAN,서울식당,백반,8000.0,서울특별시 종로구 창신길 50 (창신동) 1층,종로구,37.5738362027887,127.010698756801,https://eatssu-bucket.s3.ap-northeast-2.amazonaws.com/goodPriceStoreImg/7d13b582-87b3-4681-ad06-44b6605e6660.jpg,,
23,KOREAN,서울풍경,서울풍경정식(제육뚝불고등어조림된장찌개)(점심2인이상),16000.0,서울특별시 종로구 북촌로5길 39 (화동) 1층,종로구,37.5793376128612,126.982701926649,https://eatssu-bucket.s3.ap-northeast-2.amazonaws.com/goodPriceStoreImg/9f8b04fa-e6f3-460b-92b0-cff24256d628.jpeg,,
24,ETC,세종커피,아메리카노,2700.0,서울특별시 종로구 세종대로23길 54 (당주동) 지하1층 26호,종로구,37.5718394925759,126.973284555591,https://eatssu-bucket.s3.ap-northeast-2.amazonaws.com/goodPriceStoreImg/7cad62e5-7cb7-4e13-bca5-1f85741c20e3.jpeg,,
25,KOREAN,수원성갈비,돼지갈비(200g),14000.0,서울특별시 종로구 창신3길 9 (창신동),종로구,37.5732182566597,127.011172071825,https://eatssu-bucket.s3.ap-northeast-2.amazonaws.com/goodPriceStoreImg/6ad5abc3-31f6-42dc-b8ef-956af33368af.png,,
26,KOREAN,수인인사동닭한마리,삼계탕,13000.0,서울특별시 종로구 인사동10길 23-8 (경운동) 1층,종로구,37.5747847174107,126.986190073207,https://eatssu-bucket.s3.ap-northeast-2.amazonaws.com/goodPriceStoreImg/aa6d3067-7ce1-457a-8288-68f343fce941.jpg,https://eatssu-bucket.s3.ap-northeast-2.amazonaws.com/goodPriceStoreImg/4156ee1d-812c-4304-9638-dcb1a052e64d.jpg,https://eatssu-bucket.s3.ap-northeast-2.amazonaws.com/goodPriceStoreImg/69c1fa73-ddcc-4758-ac5e-319772a2a408.jpg
27,KOREAN,스윗샐러드,버섯샐러드,8500.0,서울특별시 종로구 종로1길 50 (중학동) 지하1층,종로구,37.5747244659804,126.979022440109,https://eatssu-bucket.s3.ap-northeast-2.amazonaws.com/goodPriceStoreImg/c4876735-d380-408a-aaf7-fa3209b3f3a8.jpeg,https://eatssu-bucket.s3.ap-northeast-2.amazonaws.com/goodPriceStoreImg/6373274b-c943-485c-98fb-f87d4c93029d.jpeg,
28,ETC,약속커피숍,맥심커피,3000.0,서울특별시 종로구 종로 302 (창신동),종로구,37.5716332944196,127.01140072111,https://eatssu-bucket.s3.ap-northeast-2.amazonaws.com/goodPriceStoreImg/bdb7c05e-3d18-4238-b3c3-06d8f6d6e4b2.jpg,https://eatssu-bucket.s3.ap-northeast-2.amazonaws.com/goodPriceStoreImg/1e8d7b64-d65f-4a5f-be62-5717f9ea01e7.jpg,
29,KOREAN,옛촌,돼지갈비김치찜,13000.0,서울특별시 종로구 종로44길 94 (창신동) 1층,종로구,37.5706759746126,127.015468174516,https://eatssu-bucket.s3.ap-northeast-2.amazonaws.com/goodPriceStoreImg/e0aa68fc-5df6-4b01-859e-a13d7b0cc49c.jpeg,,
30,JAPANESE,온마츠,숙성등심카츠,11800.0,서울특별시 종로구 평창문화로 45-1 (평창동) 1층 1호,종로구,37.6056144665195,126.96627695748,https://eatssu-bucket.s3.ap-northeast-2.amazonaws.com/goodPriceStoreImg/53c0fb67-efdc-4901-8c8a-4360b3b43eeb.jpg,https://eatssu-bucket.s3.ap-northeast-2.amazonaws.com/goodPriceStoreImg/e3a45bc2-dacd-41d8-8eba-6ff43c3d5ab8.jpg,https://eatssu-bucket.s3.ap-northeast-2.amazonaws.com/goodPriceStoreImg/73834627-eb11-4080-97fd-a9e52e2ff186.jpg
31,KOREAN,완판생국수,멸치국수,6000.0,서울특별시 종로구 종로 258 (종로6가) 1층,종로구,37.5706294173625,127.006487394713,https://eatssu-bucket.s3.ap-northeast-2.amazonaws.com/goodPriceStoreImg/f268b4ba-1c70-4bf1-ba7d-f5720ea034b9.jpg,https://eatssu-bucket.s3.ap-northeast-2.amazonaws.com/goodPriceStoreImg/88ab5a60-2eb9-4f66-80b0-2bfca700a04a.jpg,https://eatssu-bucket.s3.ap-northeast-2.amazonaws.com/goodPriceStoreImg/98c52a7e-16fb-48c6-8d6b-be9ce3323aae.jpg
32,ETC,왕관커피숍,커피,2000.0,서울특별시 종로구 종로 222 (종로5가),종로구,37.570760396587,127.002357657235,https://eatssu-bucket.s3.ap-northeast-2.amazonaws.com/goodPriceStoreImg/f0e696ca-10f2-473f-acb2-7fafe89721a6.jpg,https://eatssu-bucket.s3.ap-northeast-2.amazonaws.com/goodPriceStoreImg/35c1e1b5-b339-4bd2-98bd-5b9d8f14612c.jpg,
33,KOREAN,원준네식당,왕돈가스,9000.0,서울특별시 종로구 지봉로17길 36 (창신동) 1층,종로구,37.580053493927,127.013531156512,https://eatssu-bucket.s3.ap-northeast-2.amazonaws.com/goodPriceStoreImg/0b006cb4-4b2a-439a-8cdb-d8e2a9fe7c5f.jpg,https://eatssu-bucket.s3.ap-northeast-2.amazonaws.com/goodPriceStoreImg/abd22120-5a12-47dc-be21-36454bcebaa9.jpg,
34,ETC,유로시안커피전문점,아메리카노(16oz) 포장,1500.0,서울특별시 종로구 종로40길 4 (종로6가) 1층,종로구,37.5707603280844,127.006557927503,https://eatssu-bucket.s3.ap-northeast-2.amazonaws.com/goodPriceStoreImg/b9416898-6cfd-420d-b682-660054bb4bc8.jpg,https://eatssu-bucket.s3.ap-northeast-2.amazonaws.com/goodPriceStoreImg/930077c3-7606-4c68-89b5-e229a8d40512.jpg,
35,KOREAN,육미,-,,서울특별시 종로구 종로9길 18 (인사동) 1층,종로구,37.5710165518871,126.984539905226,https://eatssu-bucket.s3.ap-northeast-2.amazonaws.com/goodPriceStoreImg/8cd60dac-1c3e-44d9-b0b6-9e66fcf44ce7.jpg,https://eatssu-bucket.s3.ap-northeast-2.amazonaws.com/goodPriceStoreImg/3585b416-80a6-4ebd-9a2f-f3fad7b97748.jpg,
36,KOREAN,을밀대 (소문난국밥전문),우거지해장국,3000.0,서울특별시 종로구 수표로 131 (낙원동) 1층,종로구,37.5724935312538,126.988259663514,https://eatssu-bucket.s3.ap-northeast-2.amazonaws.com/goodPriceStoreImg/58f37df2-aa86-4f8a-9f2a-c7e31fb26ca6.jpg,https://eatssu-bucket.s3.ap-northeast-2.amazonaws.com/goodPriceStoreImg/c1512829-7a4f-446a-91d6-004742178888.jpg,
37,KOREAN,이모네감자탕,뼈해장국,9000.0,서울특별시 종로구 새문안로9길 29-3 (당주동) 1층,종로구,37.5712732816389,126.975233336141,https://eatssu-bucket.s3.ap-northeast-2.amazonaws.com/goodPriceStoreImg/c595109b-c0fc-4156-909e-a76acd07ddf0.jpg,https://eatssu-bucket.s3.ap-northeast-2.amazonaws.com/goodPriceStoreImg/144590be-42f9-4e96-afac-8e26e0cf6947.jpg,
38,KOREAN,인사동보리밥,제육보리밥정식,14900.0,서울특별시 종로구 인사동7길 37 (관훈동) 지하1층,종로구,37.5726406166543,126.984701444611,https://eatssu-bucket.s3.ap-northeast-2.amazonaws.com/goodPriceStoreImg/3748e94f-cc07-45ea-806c-01f6a80f9ec9.jpg,,
39,KOREAN,인사동칼국수,칼국수,7500.0,서울특별시 종로구 인사동5길 25 1층,종로구,37.5720973140597,126.985392406484,https://eatssu-bucket.s3.ap-northeast-2.amazonaws.com/goodPriceStoreImg/f456f57c-a846-414e-a07b-364a626ce918.png,,
40,KOREAN,장원식당,우거지뼈해장국,9000.0,서울특별시 종로구 창신5나길 3 (창신동) 1층,종로구,37.5737764224116,127.011178154865,https://eatssu-bucket.s3.ap-northeast-2.amazonaws.com/goodPriceStoreImg/eaa8c51e-52ec-4f19-b78b-9d5cfe08f685.jpg,,
41,KOREAN,전주콩나물국밥,콩나물국밥,7000.0,서울특별시 종로구 자하문로 3 (내자동),종로구,37.5764830744797,126.972264842484,https://eatssu-bucket.s3.ap-northeast-2.amazonaws.com/goodPriceStoreImg/555b075b-8e6e-44a6-b00f-5f720d7a75a2.jpg,,
42,KOREAN,종가대박집,암퇘지삼겹살(170g),15000.0,서울특별시 종로구 종로 307 (창신동) 1층,종로구,37.5722159232795,127.011854397226,https://eatssu-bucket.s3.ap-northeast-2.amazonaws.com/goodPriceStoreImg/b1286baf-6488-4f6f-a763-f8adc5234861.jpeg,https://eatssu-bucket.s3.ap-northeast-2.amazonaws.com/goodPriceStoreImg/3f7f12b3-8b71-45df-b51a-5cf38e4a6e68.jpeg,https://eatssu-bucket.s3.ap-northeast-2.amazonaws.com/goodPriceStoreImg/1f7d0401-fb0b-4da2-bdd1-4e96a4d51a46.jpeg
43,CHINESE,중국,짜장면,6000.0,서울특별시 종로구 자하문로33길 2 (청운동) 1층,종로구,37.5861940804564,126.969723642462,https://eatssu-bucket.s3.ap-northeast-2.amazonaws.com/goodPriceStoreImg/f0aa76c3-b1e2-401f-a5cc-734fbb6f61e7.jpg,https://eatssu-bucket.s3.ap-northeast-2.amazonaws.com/goodPriceStoreImg/f017fd1d-b777-4265-90e4-b968fcc79576.jpg,
44,KOREAN,진미김밥,유부김밥,4000.0,서울특별시 종로구 종로46길 28 (창신동) 1층,종로구,37.5704709419319,127.010179837332,https://eatssu-bucket.s3.ap-northeast-2.amazonaws.com/goodPriceStoreImg/e6321381-59de-41cc-bc8a-672a2e1ae6ad.jpg,,
45,ETC,착한커피공장,아메리카노,2000.0,서울특별시 종로구 자하문로7길 66 (누하동) 1층,종로구,37.5801973823904,126.969195225427,https://eatssu-bucket.s3.ap-northeast-2.amazonaws.com/goodPriceStoreImg/4e3a5659-6edd-4f5e-ad86-497826562e6e.jpg,https://eatssu-bucket.s3.ap-northeast-2.amazonaws.com/goodPriceStoreImg/50ae61a7-ce7a-44ed-a175-c16b9bdbbaf3.jpg,
46,KOREAN,창신숯불돼지갈비,돼지갈비정식,10000.0,서울특별시 종로구 종로 322-11 (창신동) 1층,종로구,37.571668378973,127.013613745385,https://eatssu-bucket.s3.ap-northeast-2.amazonaws.com/goodPriceStoreImg/229cd15a-c1e9-4eb3-94c2-5a7d78ff013c.jpg,https://eatssu-bucket.s3.ap-northeast-2.amazonaws.com/goodPriceStoreImg/664dcb23-0074-4702-bd79-5ea21963f0b1.jpg,
47,KOREAN,천만참숯구이,생목고기(200g),15000.0,서울특별시 종로구 지봉로 80 (숭인동) 1층,종로구,37.5772916913911,127.015603013294,https://eatssu-bucket.s3.ap-northeast-2.amazonaws.com/goodPriceStoreImg/e5e83ed9-e97a-4ad7-92bd-1db7e931c9dc.jpg,https://eatssu-bucket.s3.ap-northeast-2.amazonaws.com/goodPriceStoreImg/e486ca7b-b538-448e-93b2-eeca54852d0e.jpg,
48,KOREAN,청년밥상문간 슬로우점,-,,서울특별시 종로구 동숭3길 33 (동숭동) 지하1층,종로구,37.5825936339102,127.004512048282,https://eatssu-bucket.s3.ap-northeast-2.amazonaws.com/goodPriceStoreImg/52c57e36-c3fc-47f4-b824-0a2c04c0d72c.jpg,https://eatssu-bucket.s3.ap-northeast-2.amazonaws.com/goodPriceStoreImg/3d0de43d-78b0-43c3-a6c7-dfc87ca47d64.jpg,
49,KOREAN,청정바지락칼국수,칼국수,7000.0,서울특별시 종로구 창신길 11 1층,종로구,37.5722071295158,127.010524084538,https://eatssu-bucket.s3.ap-northeast-2.amazonaws.com/goodPriceStoreImg/36e43010-0833-431a-aa9c-d8ea28463604.png,,
50,KOREAN,체부동잔치집,잔치국수,5000.0,서울특별시 종로구 자하문로1길 16 (체부동) 1층,종로구,37.5765518168746,126.971493775769,https://eatssu-bucket.s3.ap-northeast-2.amazonaws.com/goodPriceStoreImg/595f5338-2b08-451b-9a30-15ca08724d7d.jpg,https://eatssu-bucket.s3.ap-northeast-2.amazonaws.com/goodPriceStoreImg/405ed7ea-558e-48ad-b587-f5faf595df34.jpg,
51,JAPANESE,카츠연,등심돈카츠정식,9500.0,서울특별시 종로구 삼봉로 81 (수송동) 지하1층 136호,종로구,37.5725639351805,126.981506298154,https://eatssu-bucket.s3.ap-northeast-2.amazonaws.com/goodPriceStoreImg/da26e4c5-99e3-4f19-b654-9edbb327b58a.jpg,https://eatssu-bucket.s3.ap-northeast-2.amazonaws.com/goodPriceStoreImg/a3078190-bd6d-483c-b7f8-594dcec440d8.jpg,
52,ETC,커피&분식,아메리카노(hot),2000.0,서울특별시 종로구 지봉로5길 25 (창신동) 1층,종로구,37.5750466306907,127.014607263976,https://eatssu-bucket.s3.ap-northeast-2.amazonaws.com/goodPriceStoreImg/b15516be-5f95-4dd2-965e-05991f8e4974.jpg,https://eatssu-bucket.s3.ap-northeast-2.amazonaws.com/goodPriceStoreImg/8bc272d8-441f-49a8-947c-c24ccc877bc3.jpg,
53,KOREAN,콩쥐팥쥐,돌솥비빔밥,8000.0,서울특별시 종로구 지봉로 84 (숭인동) 102호,종로구,37.5775729856373,127.015573977832,https://eatssu-bucket.s3.ap-northeast-2.amazonaws.com/goodPriceStoreImg/888dd863-e052-4632-aca7-cd84f44feff2.jpg,https://eatssu-bucket.s3.ap-northeast-2.amazonaws.com/goodPriceStoreImg/ea73d1de-1bbd-414d-b5cc-2c645d8d7943.jpg,
54,BAKERY,토리베이커리,막걸리식빵,4000.0,서울특별시 종로구 옥인길 30-3 (옥인동) 1층,종로구,37.5810719501489,126.96709240261,https://eatssu-bucket.s3.ap-northeast-2.amazonaws.com/goodPriceStoreImg/471e5859-03cc-4f98-8867-e5bfe6e16efa.jpeg,,
55,KOREAN,현궁,철판제육쌈밥,10000.0,서울특별시 종로구 종로1길 42 (수송동) 지하1층,종로구,37.5739029320481,126.978983502911,https://eatssu-bucket.s3.ap-northeast-2.amazonaws.com/goodPriceStoreImg/969e3c80-8787-4044-85f3-ce21a18ad744.jpg,https://eatssu-bucket.s3.ap-northeast-2.amazonaws.com/goodPriceStoreImg/f71b4343-39ab-44bd-a0b7-c8ac24331aa7.jpg,
56,KOREAN,홍순두부,홍순두부,5500.0,서울특별시 종로구 명륜길 50 1층,종로구,37.5892935619767,126.994629871047,https://eatssu-bucket.s3.ap-northeast-2.amazonaws.com/goodPriceStoreImg/62a0df0b-26d1-467c-9d1b-3014dd8f1b78.png,,
57,KOREAN,효자왕족발,보쌈정식(점심),9000.0,서울특별시 종로구 자하문로 31-2 (통인동) 1층,종로구,37.5788039794644,126.971276575353,https://eatssu-bucket.s3.ap-northeast-2.amazonaws.com/goodPriceStoreImg/38c735a6-df4f-401a-929c-7eb77b106d3b.jpeg,https://eatssu-bucket.s3.ap-northeast-2.amazonaws.com/goodPriceStoreImg/31ae262a-743e-4ebd-bb7d-0d6942a4b5dd.jpeg,
58,KOREAN,흥진옥,뼈해장국,10000.0,서울특별시 종로구 종로5길 19-12 (청진동) 1층,종로구,37.5713987489389,126.980273412814,https://eatssu-bucket.s3.ap-northeast-2.amazonaws.com/goodPriceStoreImg/5b451c21-e933-4a44-aab2-1b61fa8d3410.jpg,https://eatssu-bucket.s3.ap-northeast-2.amazonaws.com/goodPriceStoreImg/b4d3607b-0a0d-4cc4-848b-7e1b82db61fa.jpg,
59,KOREAN,345국수,손수제비,8000.0,서울특별시 중구 청구로 83-9 1층,중구,37.5601687381546,127.013245400694,https://eatssu-bucket.s3.ap-northeast-2.amazonaws.com/goodPriceStoreImg/4f398043-d469-458b-9f12-2b7ca5a6f935.jpg,,
60,KOREAN,거목식당,된장찌개,7000.0,서울특별시 중구 을지로36길 18 (을지로5가),중구,37.5659767545803,127.001477572948,https://eatssu-bucket.s3.ap-northeast-2.amazonaws.com/goodPriceStoreImg/9b3d103f-075e-43e6-bf86-62ef230648ed.jpg,https://eatssu-bucket.s3.ap-northeast-2.amazonaws.com/goodPriceStoreImg/5eeb0f31-6520-41db-b61a-47b5b101e486.jpg,
61,CHINESE,공화춘,짜장면,6000.0,서울특별시 중구 청파로 457-1 (중림동) 2층,중구,37.5602060884752,126.967810544752,https://eatssu-bucket.s3.ap-northeast-2.amazonaws.com/goodPriceStoreImg/5d4cf80f-bbe1-4aa0-8056-6e293cf2b43a.jpg,https://eatssu-bucket.s3.ap-northeast-2.amazonaws.com/goodPriceStoreImg/db072226-c9e9-471e-bdc1-659cc569cb5e.jpg,https://eatssu-bucket.s3.ap-northeast-2.amazonaws.com/goodPriceStoreImg/dc0ed894-951d-459d-b35b-f28cb17e3b8a.jpg
62,KOREAN,광희식당,된장찌개,7000.0,서울특별시 중구 장충단로 212-2 (광희동2가),중구,37.5636366550507,127.007233814214,https://eatssu-bucket.s3.ap-northeast-2.amazonaws.com/goodPriceStoreImg/b41d83bb-157e-4178-8545-106b5b51e184.jpg,,
63,KOREAN,뉴욕스넥,야채김밥,3500.0,서울특별시 중구 을지로 지하131 (을지로3가) 56호,중구,37.5664453133971,126.994077559861,https://eatssu-bucket.s3.ap-northeast-2.amazonaws.com/goodPriceStoreImg/f4c60e29-2ee9-45da-a5eb-b24954feae15.jpg,https://eatssu-bucket.s3.ap-northeast-2.amazonaws.com/goodPriceStoreImg/94f3f1b6-4d8a-468b-aa26-3effb4925042.jpg,https://eatssu-bucket.s3.ap-northeast-2.amazonaws.com/goodPriceStoreImg/b5c76222-c529-41c5-8c15-85a6823156bb.jpg
64,KOREAN,대박물갈비,제육볶음,9000.0,서울특별시 중구 퇴계로4길 7 (남창동) 1층,중구,37.5575384511336,126.977728218838,https://eatssu-bucket.s3.ap-northeast-2.amazonaws.com/goodPriceStoreImg/b0d6cf2d-6091-4540-bd47-fcb326d37159.jpg,https://eatssu-bucket.s3.ap-northeast-2.amazonaws.com/goodPriceStoreImg/de2c56da-dc67-4da2-8ff1-2cf046a5be5a.jpg,https://eatssu-bucket.s3.ap-northeast-2.amazonaws.com/goodPriceStoreImg/08e0fcc6-9a60-41d0-9540-f001544e7288.jpg
65,KOREAN,돈우가식당,김치찌개,7000.0,서울특별시 중구 남대문로 25-17 1층(북창동),중구,37.5620306338518,126.97816807023,https://eatssu-bucket.s3.ap-northeast-2.amazonaws.com/goodPriceStoreImg/1f36ea66-ef4c-4ee5-807b-c9c25d008786.jpg,,
66,KOREAN,동경우동(2호점),우동,5000.0,서울특별시 중구 퇴계로27길 16 (필동1가) 1층 105호,중구,37.5619768682224,126.991828962716,https://eatssu-bucket.s3.ap-northeast-2.amazonaws.com/goodPriceStoreImg/c3c3a65b-5486-4879-8a18-c6e78c181185.jpg,https://eatssu-bucket.s3.ap-northeast-2.amazonaws.com/goodPriceStoreImg/b5a24f80-4a4c-487e-a103-0bdf75489fde.jpg,
67,KOREAN,동경우동집,우동,5000.0,서울특별시 중구 충무로 48 (초동) 1층 1호,중구,37.5653760401311,126.992961493923,https://eatssu-bucket.s3.ap-northeast-2.amazonaws.com/goodPriceStoreImg/59200c85-0056-4ece-bc17-ab8ea7540133.jpg,,
68,KOREAN,명동얼큰수제비,김치찌개,8000.0,서울특별시 중구 남대문로 64 1층,중구,37.5627658956023,126.982216802182,https://eatssu-bucket.s3.ap-northeast-2.amazonaws.com/goodPriceStoreImg/9befe523-5556-49aa-aa88-140eb2cea52c.png,,
69,KOREAN,명동중앙점 왕비집,한우 등심구이(140g),45000.0,서울특별시 중구 명동8나길 45 2층,중구,37.5610751129026,126.982401011409,https://eatssu-bucket.s3.ap-northeast-2.amazonaws.com/goodPriceStoreImg/06e9a8b1-ad33-461f-90a3-bca219becc57.jpg,https://eatssu-bucket.s3.ap-northeast-2.amazonaws.com/goodPriceStoreImg/a3b812cf-232b-4546-8fce-77450b98fb19.jpg,
70,KOREAN,민정이네,점심백반,7000.0,서울특별시 중구 만리재로 37길 21 (만리동1가),중구,37.5565915616197,126.967168586088,https://eatssu-bucket.s3.ap-northeast-2.amazonaws.com/goodPriceStoreImg/c3c1ebc6-a208-4af6-a82a-20577bf60d1b.jpg,,
71,ETC,바재커피,아메리카노(핫),2000.0,서울특별시 중구 남대문시장8길 25 (남창동) 1층,중구,37.5593472045347,126.978713698141,https://eatssu-bucket.s3.ap-northeast-2.amazonaws.com/goodPriceStoreImg/68bf439e-0c74-407a-a1cb-077ca6f89028.jpg,,
72,KOREAN,산과들그리고바다,모듬돌솥비빔밥,10000.0,서울특별시 중구 을지로14길 22 (을지로3가) 1층,중구,37.5652432645115,126.992034721625,https://eatssu-bucket.s3.ap-northeast-2.amazonaws.com/goodPriceStoreImg/9ee2ce62-c51c-473b-9f2b-8ac4c8c3ea1f.jpg,https://eatssu-bucket.s3.ap-northeast-2.amazonaws.com/goodPriceStoreImg/0c3b5eb6-4912-443e-b749-46b8cf6ece50.jpg,https://eatssu-bucket.s3.ap-northeast-2.amazonaws.com/goodPriceStoreImg/27365460-380c-4e33-b5bd-9b7b05399d9b.jpg
73,ETC,신빙고,아메리카노,2300.0,서울특별시 중구 동호로12길 93 1층(신당동),중구,37.559329134852,127.012071243923,https://eatssu-bucket.s3.ap-northeast-2.amazonaws.com/goodPriceStoreImg/a912616e-e78d-43f5-b0dc-0dcbce37a56d.jpg,https://eatssu-bucket.s3.ap-northeast-2.amazonaws.com/goodPriceStoreImg/974daffd-899b-4621-86e4-773dbe9f6026.jpg,https://eatssu-bucket.s3.ap-northeast-2.amazonaws.com/goodPriceStoreImg/ab76a8ee-b057-42be-8b4c-11c36ee2ae9e.jpg
74,KOREAN,영자씨우동김밥,김치찌개,7000.0,서울특별시 중구 마른내로 15-1 (저동2가),중구,37.5649541262687,126.989606762221,https://eatssu-bucket.s3.ap-northeast-2.amazonaws.com/goodPriceStoreImg/48f74c70-6fa8-4fe0-b6ab-5804563e4981.jpg,,
75,KOREAN,옛날홍두깨손칼국수,손수제비,6000.0,서울특별시 중구 동호로7길 32 1층,중구,37.5525136777809,127.010624637953,https://eatssu-bucket.s3.ap-northeast-2.amazonaws.com/goodPriceStoreImg/8a9dd7c6-773b-4691-97cb-580a25460f60.jpg,,
76,KOREAN,왕비집 명동2호점,한우 등심구이(140g),45000.0,서울특별시 중구 명동9길 13 2층,중구,37.5644068781235,126.984779529696,https://eatssu-bucket.s3.ap-northeast-2.amazonaws.com/goodPriceStoreImg/eaf6bdc2-bf0d-4a91-a86b-b9eb6267ccd0.jpg,https://eatssu-bucket.s3.ap-northeast-2.amazonaws.com/goodPriceStoreImg/8a93480b-1e5d-44b8-8329-764686d1e477.jpg,
77,KOREAN,왕비집 명동본점,한우 등심구이(140g),45000.0,서울특별시 중구 명동8가길 26 2층,중구,37.5616031804762,126.986448865343,https://eatssu-bucket.s3.ap-northeast-2.amazonaws.com/goodPriceStoreImg/a8d30451-cd89-4d47-b011-8d998fb234ee.jpg,https://eatssu-bucket.s3.ap-northeast-2.amazonaws.com/goodPriceStoreImg/ac147fea-33c4-4e15-b666-b539d371e215.jpg,
78,KOREAN,왕비집 시청무교점,한우 등심구이(140g),46000.0,서울특별시 중구 무교로 19 2층,중구,37.5676347080798,126.978984811389,https://eatssu-bucket.s3.ap-northeast-2.amazonaws.com/goodPriceStoreImg/13735a33-ba5d-49ae-b3dc-0a3381ecb45d.jpg,https://eatssu-bucket.s3.ap-northeast-2.amazonaws.com/goodPriceStoreImg/c42e05ed-30a9-48d8-8e39-33d691f814cb.jpg,
79,KOREAN,왕비집 육호점,한우 등심구이(140g),45000.0,서울특별시 중구 남대문로 64 2층 203호,중구,37.5627658956023,126.982216802182,https://eatssu-bucket.s3.ap-northeast-2.amazonaws.com/goodPriceStoreImg/331324b5-3f07-4913-89d3-943d2ce8e069.jpg,https://eatssu-bucket.s3.ap-northeast-2.amazonaws.com/goodPriceStoreImg/700b04da-fe8a-4421-87d9-25a17151865f.jpg,
80,KOREAN,우리집 맛자랑,된장찌개,7000.0,서울특별시 중구 퇴계로20길 26 (남산동2가),중구,37.559092298164,126.985816423839,https://eatssu-bucket.s3.ap-northeast-2.amazonaws.com/goodPriceStoreImg/6af37c47-260e-4c1d-856e-e9277645350e.jpg,,
81,CHINESE,유가,자장면,7000.0,서울특별시 중구 퇴계로12길 68 1층 (회현동1가),중구,37.5566718882239,126.981473444416,https://eatssu-bucket.s3.ap-northeast-2.amazonaws.com/goodPriceStoreImg/366a44d3-fa93-46b6-955a-b922068bd729.jpg,,
82,KOREAN,이모분식,김밥,4000.0,서울특별시 중구 충무로 43-2 (초동) 1층,중구,37.5650958071738,126.992583246148,https://eatssu-bucket.s3.ap-northeast-2.amazonaws.com/goodPriceStoreImg/0e6f01df-d15b-4a54-a966-feee39211488.jpg,https://eatssu-bucket.s3.ap-northeast-2.amazonaws.com/goodPriceStoreImg/b4719c9f-dfc1-4f71-b0e7-f6368a9ae3b6.jpg,
83,KOREAN,이원 손칼국수,칼국수,7000.0,서울특별시 중구 동호로37길 33-16 (주교동) 1층,중구,37.5685910027871,126.999672984722,https://eatssu-bucket.s3.ap-northeast-2.amazonaws.com/goodPriceStoreImg/4fef89c4-331b-46ea-a81d-f8b730eef0ec.jpg,https://eatssu-bucket.s3.ap-northeast-2.amazonaws.com/goodPriceStoreImg/fe3199b5-4ff8-4605-af77-c6c1e57fafa9.jpg,https://eatssu-bucket.s3.ap-northeast-2.amazonaws.com/goodPriceStoreImg/358d0f3a-7d62-445f-92e3-a54fe2a7052f.jpg
84,KOREAN,이조식당,콩나물비빔밥,7000.0,서울특별시 중구 청파로103길 33 1층(중림동),중구,37.5576624371646,126.968304863066,https://eatssu-bucket.s3.ap-northeast-2.amazonaws.com/goodPriceStoreImg/2a37178d-c496-4a20-8b21-7058baecf2fc.jpg,,
85,KOREAN,장수보리밥,보리밥,8000.0,서울특별시 중구 퇴계로85길 12-4 (황학동),중구,37.5662631412838,127.01986332429,https://eatssu-bucket.s3.ap-northeast-2.amazonaws.com/goodPriceStoreImg/87135109-8ffb-400e-b3a8-898a49172809.jpg,,
86,KOREAN,충정로김밥,충정로김밥,3000.0,"서울특별시 중구 서소문로6길 34 1층108호(중림동,성요셉아파트상가)",중구,37.5596149765767,126.967598813552,https://eatssu-bucket.s3.ap-northeast-2.amazonaws.com/goodPriceStoreImg/2b87b68d-7d03-4f68-a1f5-83b68b8f61b9.png,,
87,KOREAN,코너집,된장찌개,8000.0,"서울특별시 중구 퇴계로 336 1층101호(광희동2가,성진오피스텔)",중구,37.5642008377656,127.008866132716,https://eatssu-bucket.s3.ap-northeast-2.amazonaws.com/goodPriceStoreImg/53469c9f-b67d-4243-b91a-e2a1647ffb6c.jpg,,
88,ETC,콩다방,아메리카노,1800.0,서울특별시 중구 마른내로 50 (인현동1가) 1층,중구,37.5642397201096,126.993242190558,https://eatssu-bucket.s3.ap-northeast-2.amazonaws.com/goodPriceStoreImg/954aa399-551c-413c-9b9b-852c3a1ebdcd.jpg,https://eatssu-bucket.s3.ap-northeast-2.amazonaws.com/goodPriceStoreImg/7262e3d7-a18b-415d-965b-805c42c7ac88.jpg,
89,KOREAN,풍년식당,가정식백반,7000.0,서울특별시 중구 퇴계로36가길 47 (필동2가),중구,37.5582187442402,126.995702195702,https://eatssu-bucket.s3.ap-northeast-2.amazonaws.com/goodPriceStoreImg/cf5b727c-bed4-40ae-b978-efe0ed9421fb.jpg,https://eatssu-bucket.s3.ap-northeast-2.amazonaws.com/goodPriceStoreImg/764b27e7-416d-4285-979d-4fd9d5917ae0.jpg,
90,CHINESE,하우마라탕,소고기 마라탕,9000.0,서울특별시 중구 퇴계로27길 42 (충무로3가) 2층,중구,37.563178944345,126.991358773904,https://eatssu-bucket.s3.ap-northeast-2.amazonaws.com/goodPriceStoreImg/b1d80d22-dcdb-45aa-a6cf-59a905529052.jpg,https://eatssu-bucket.s3.ap-northeast-2.amazonaws.com/goodPriceStoreImg/15f5e370-7e55-4aa5-aa99-779339efc1b8.jpg,
91,KOREAN,형제정육식당,된장찌개,7000.0,서울특별시 중구 다산로40길 56 1층(신당5동),중구,37.5631864591946,127.019075758025,https://eatssu-bucket.s3.ap-northeast-2.amazonaws.com/goodPriceStoreImg/b3413fa0-6692-4067-9ba2-a53a3178d2a3.jpg,,
92,KOREAN,흑돈연가,점심백반,7000.0,서울특별시 중구 퇴계로88길 20 1층 (신당5동),중구,37.5647641578328,127.020885801266,https://eatssu-bucket.s3.ap-northeast-2.amazonaws.com/goodPriceStoreImg/fbf7e1f4-4947-4f6c-920b-a2d74a5653d0.jpg,,
93,KOREAN,5빠떡볶이,떡볶이,4000.0,서울특별시 용산구 후암로 37-1 (후암동) 1층,용산구,37.5493239922749,126.977408824535,https://eatssu-bucket.s3.ap-northeast-2.amazonaws.com/goodPriceStoreImg/e4e90fb5-4d01-43a3-a0bb-9273bc231b14.jpg,,
94,ETC,Y brew(와이브루),아메리카노,1800.0,서울특별시 용산구 서빙고로 17 (한강로3가) 센트럴파크몰 A동 1층 76호,용산구,37.5269056148241,126.966566172294,https://eatssu-bucket.s3.ap-northeast-2.amazonaws.com/goodPriceStoreImg/d8880223-8c3d-4059-8da3-9c173e8c9204.jpg,,
95,KOREAN,가장 맛있는 족발 족과의동침,족발(대),37000.0,서울특별시 용산구 한강대로 153 (한강로2가) 1층,용산구,37.5329237936686,126.97111689069,https://eatssu-bucket.s3.ap-northeast-2.amazonaws.com/goodPriceStoreImg/23071456-3ed6-485a-bfda-015ba28e8944.jpeg,,
96,WESTERN,감베로니,돈 까 스 (1인분),9000.0,서울특별시 용산구 한강대로 81길 5 1층,용산구,37.5429793370245,126.971946055378,https://eatssu-bucket.s3.ap-northeast-2.amazonaws.com/goodPriceStoreImg/9cb2043e-9177-46b0-aef0-f76bf12d4cc5.jpg,https://eatssu-bucket.s3.ap-northeast-2.amazonaws.com/goodPriceStoreImg/bd32b7b3-cef0-439f-860f-89eaef041d80.jpg,https://eatssu-bucket.s3.ap-northeast-2.amazonaws.com/goodPriceStoreImg/2151960b-b4ff-4cd6-b917-804cdd27aaac.jpg
97,KOREAN,갑을,떡만두국,10000.0,서울특별시 용산구 이촌로77길 19 (이촌동) 1층,용산구,37.5205536707079,126.974666973357,https://eatssu-bucket.s3.ap-northeast-2.amazonaws.com/goodPriceStoreImg/68c6b3e8-51a5-4173-a4cf-5e30be910061.jpg,,
98,KOREAN,강남화로숯불갈비,백반,8000.0,서울특별시 용산구 청파로47길 56 (청파동2가) 1층,용산구,37.5449365558532,126.967306431744,https://eatssu-bucket.s3.ap-northeast-2.amazonaws.com/goodPriceStoreImg/19c01ee8-9ea6-4bb3-aaf3-f0f4a85b65dc.jpeg,,
99,KOREAN,경리단578,부대찌개,10000.0,서울특별시 용산구 녹사평대로 226 (이태원동) 1층,용산구,37.5378167884317,126.986972174924,https://eatssu-bucket.s3.ap-northeast-2.amazonaws.com/goodPriceStoreImg/907eabd6-2064-4724-a6b8-50439c23abf8.jpg,,
100,ETC,공감까페,아메리카노,2000.0,서울특별시 용산구 효창원로 91 (용문동) 1층,용산구,37.5370964520946,126.959043436377,https://eatssu-bucket.s3.ap-northeast-2.amazonaws.com/goodPriceStoreImg/d86f2d1a-67fc-4be0-ad4f-1b74f9c96440.jpg,,
101,CHINESE,기사식당(효창동짜장우동),짜장면,6000.0,서울특별시 용산구 백범로 283 (효창동) 1층,용산구,37.5396678066765,126.960874372919,https://eatssu-bucket.s3.ap-northeast-2.amazonaws.com/goodPriceStoreImg/76763318-e939-4300-a9fe-dd0977e30f45.jpeg,,
102,KOREAN,길농원,김치찌게,10000.0,서울특별시 용산구 원효로 71 (원효로4가) 1층,용산구,37.5329481073802,126.951760436367,https://eatssu-bucket.s3.ap-northeast-2.amazonaws.com/goodPriceStoreImg/7b2b0401-29a4-41d3-9b48-488c400aa843.jpg,,
103,KOREAN,김정문숯불갈비,된장찌게,8000.0,서울특별시 용산구 장문로 98 (보광동) 1층,용산구,37.5260061009381,127.000369365753,https://eatssu-bucket.s3.ap-northeast-2.amazonaws.com/goodPriceStoreImg/9321546a-319c-4a68-ab62-902b9015566c.jpeg,,
104,KOREAN,남산불판,생오겹살(200g),13000.0,서울특별시 용산구 소월로20길 10 (용산동2가) 지하,용산구,37.5460747822821,126.985198212436,https://eatssu-bucket.s3.ap-northeast-2.amazonaws.com/goodPriceStoreImg/8d2b992e-c055-4eb1-b724-e5af776c93b3.jpg,,
105,KOREAN,남산집,급랭삼겹살,14000.0,서울특별시 용산구 한강대로7길 10-11 (한강로3가) 1층,용산구,37.5247748070734,126.962569214955,https://eatssu-bucket.s3.ap-northeast-2.amazonaws.com/goodPriceStoreImg/67c486b5-628d-4468-8776-5c01d86e0886.jpeg,,
106,KOREAN,대도식당,된장찌게,8000.0,서울특별시 용산구 청파로93길 9 (서계동) 1층,용산구,37.5542654031888,126.968293739764,https://eatssu-bucket.s3.ap-northeast-2.amazonaws.com/goodPriceStoreImg/5a8d2f58-cc74-4efa-9ec6-aeddedfea6e9.jpeg,,
107,KOREAN,대포항,삼치구이,10000.0,서울특별시 용산구 새창로 116-7 (용문동) 1층,용산구,37.5367664717508,126.96026252916,https://eatssu-bucket.s3.ap-northeast-2.amazonaws.com/goodPriceStoreImg/b1b1d121-4719-4176-a759-4df15bd46ab1.jpg,,
108,KOREAN,돼지집,냉동삼겹살,15000.0,서울특별시 용산구 이태원로20길 17 (이태원동) 1층,용산구,37.5336217418379,126.992229858812,https://eatssu-bucket.s3.ap-northeast-2.amazonaws.com/goodPriceStoreImg/36275f8e-68c2-468e-8289-7c9229259ed3.jpeg,,
109,KOREAN,만나칼국수,칼국수,9000.0,"서울특별시 용산구 청파로49길 18 (청파동2가, 덕수빌라) 1층",용산구,37.5454268020355,126.969369318027,https://eatssu-bucket.s3.ap-northeast-2.amazonaws.com/goodPriceStoreImg/1e45bd9f-efff-4b99-bfe7-e32024b7ec3a.jpg,,
110,KOREAN,맛드림,생대구탕,17000.0,서울특별시 용산구 한강대로84길 11-29 (남영동) 1층,용산구,37.5443396442205,126.973012612026,https://eatssu-bucket.s3.ap-northeast-2.amazonaws.com/goodPriceStoreImg/bccf26cf-229f-41da-9886-505fb9f519ba.jpeg,,
111,KOREAN,맛사랑,쭈꾸미 비빔밥,10000.0,서울특별시 용산구 한강대로42길 5 (한강로2가) 1층,용산구,37.5308374451688,126.970071185744,https://eatssu-bucket.s3.ap-northeast-2.amazonaws.com/goodPriceStoreImg/1f01e753-69fd-4bdc-a1c9-92f1474c554b.jpeg,,
112,KOREAN,면마루,물냉면,9000.0,서울특별시 용산구 신흥로 86 2층,용산구,37.5456536557396,126.985939031575,https://eatssu-bucket.s3.ap-northeast-2.amazonaws.com/goodPriceStoreImg/d1012652-5480-44ac-ac90-12ae15677f6e.jpg,,
113,ETC,미스터 아메리카노,아메리카노(테이크아웃만 가능),2500.0,서울특별시 용산구 백범로99길 46 (한강로1가) 1층,용산구,37.5361067967582,126.972021155499,,,
114,KOREAN,보광정 이태원점,찌게,8000.0,서울특별시 용산구 보광로 118 (이태원동) 1층,용산구,37.5333258927732,126.994547900247,https://eatssu-bucket.s3.ap-northeast-2.amazonaws.com/goodPriceStoreImg/86f1de83-d043-4693-8c1f-ec0c39cb6a54.jpeg,,
115,CHINESE,부자반점,짜장면,6500.0,서울특별시 용산구 한강대로 275-1 (갈월동) 1층,용산구,37.5429280043936,126.972048705679,https://eatssu-bucket.s3.ap-northeast-2.amazonaws.com/goodPriceStoreImg/6fa02700-6136-444d-bcaf-0d5ee680978f.jpeg,,
116,KOREAN,부자식당,고등어쌈밥정식,12000.0,서울특별시 용산구 대사관로24길 13 (한남동) 1층,용산구,37.5329998449266,127.004894298627,https://eatssu-bucket.s3.ap-northeast-2.amazonaws.com/goodPriceStoreImg/197a962d-4263-40a0-9be1-05021a668574.jpg,,
117,KOREAN,서리김밥,서리김밥,3000.0,서울특별시 용산구 원효로 220 (원효로2가) 1층,용산구,37.5377353223699,126.966369327926,https://eatssu-bucket.s3.ap-northeast-2.amazonaws.com/goodPriceStoreImg/64df925c-956a-4d8f-b3d0-4fc13b39996c.jpeg,,
118,KOREAN,소문난국수집,칼국수,6000.0,서울특별시 용산구 보광로 41 (보광동) 1층,용산구,37.527761521483,126.999269736048,https://eatssu-bucket.s3.ap-northeast-2.amazonaws.com/goodPriceStoreImg/2a07a70b-51f2-4f45-b746-87fa9dfea7aa.jpg,,
119,KOREAN,손맛집,된장찌개,8000.0,서울특별시 용산구 원효로89길 13-3 (원효로1가) 1층,용산구,37.5405355852942,126.968155626743,https://eatssu-bucket.s3.ap-northeast-2.amazonaws.com/goodPriceStoreImg/d7a3fd79-9828-4f7e-9e7c-61957df8bc30.jpg,,
120,JAPANESE,시드니참치,참치초밥(10피스),14000.0,서울특별시 용산구 새창로14길 4 (도원동) 1층,용산구,37.5392806365164,126.958213878543,https://eatssu-bucket.s3.ap-northeast-2.amazonaws.com/goodPriceStoreImg/05b852ae-5320-4a53-af9e-8c0a70ae831d.jpg,,
121,ETC,시온,아메리카노,3300.0,서울특별시 용산구 한강대로7길 13 (한강로3가) 1층,용산구,37.5243263248753,126.962119309376,https://eatssu-bucket.s3.ap-northeast-2.amazonaws.com/goodPriceStoreImg/6b2b09aa-ed4f-4410-b22a-81e57a510dc3.jpg,,
122,ETC,에어셉커피,아메리카노,3000.0,"서울특별시 용산구 한강대로30길 25 (한강로2가, 아스테리움 용산) 지하1층 상가 113호",용산구,37.527358545339,126.968861735609,https://eatssu-bucket.s3.ap-northeast-2.amazonaws.com/goodPriceStoreImg/62f475ef-b46a-41b4-95ad-7e9ec722dd01.jpg,,
123,KOREAN,영광정육식당,곰탕,9000.0,서울특별시 용산구 서빙고로91나길 104 1층,용산구,37.5252696495859,126.996147660543,https://eatssu-bucket.s3.ap-northeast-2.amazonaws.com/goodPriceStoreImg/9abc1a08-4b21-4e37-bb18-690fa5659217.jpg,,
124,ETC,와이브루,아메리카노,2000.0,서울특별시 용산구 새창로45길 12 (신계동) 1층,용산구,37.5344444055464,126.963013441723,https://eatssu-bucket.s3.ap-northeast-2.amazonaws.com/goodPriceStoreImg/9a185403-da99-4100-9ad3-f4836c9f8be0.jpeg,,
125,KOREAN,용대박,순대국,8000.0,서울특별시 용산구 원효로83길 13-5 102호,용산구,37.5400072571702,126.967560569215,https://eatssu-bucket.s3.ap-northeast-2.amazonaws.com/goodPriceStoreImg/6363c06d-bd95-42d5-8b9d-b0b975725245.jpg,,
126,KOREAN,용산국제회관,모듬스테이크(한우등심 150g),18000.0,서울특별시 용산구 청파로20길 49 (한강로2가) 1층,용산구,37.5318959964847,126.96563893049,https://eatssu-bucket.s3.ap-northeast-2.amazonaws.com/goodPriceStoreImg/e0f7fa5a-352a-484b-bd83-240e62d0c9fe.jpeg,,
127,KOREAN,용산수림식당,생고기 김치찌개,9000.0,서울특별시 용산구 한강대로 58-1 (한강로3가) 2층,용산구,37.5257838771383,126.965044302329,https://eatssu-bucket.s3.ap-northeast-2.amazonaws.com/goodPriceStoreImg/d1ba726b-8303-4fd7-abb1-715b1f3ebba5.jpg,,
128,KOREAN,용산풍천숯불민물장어,손칼국수,5500.0,서울특별시 용산구 한강대로39길 10 1층,용산구,37.5312479318758,126.968986718823,https://eatssu-bucket.s3.ap-northeast-2.amazonaws.com/goodPriceStoreImg/a3502597-c860-493c-ac17-b6ed7f3b6d44.jpg,,
129,KOREAN,용산풍천장어마을,추어장어탕,11000.0,서울특별시 용산구 백범로 318 1층,용산구,37.5383327765565,126.964226159435,https://eatssu-bucket.s3.ap-northeast-2.amazonaws.com/goodPriceStoreImg/b322c7df-30dc-4843-9de1-822f940ea165.jpg,,
130,JAPANESE,원돈까스우동,원우동,7000.0,서울특별시 용산구 서빙고로65길 10 1층,용산구,37.5206387935546,126.994548371044,https://eatssu-bucket.s3.ap-northeast-2.amazonaws.com/goodPriceStoreImg/942c56e0-b2e1-47ee-8ad3-6db49fb47789.jpg,,
131,KOREAN,원조보리밥수제비,감자수제비,9000.0,서울특별시 용산구 이태원로14길 24 (이태원동) 1층,용산구,37.5332730395748,126.990771296133,https://eatssu-bucket.s3.ap-northeast-2.amazonaws.com/goodPriceStoreImg/17f065a1-b131-42bd-9a66-c11a12d11955.jpg,,
132,KOREAN,원효로돈가스&어쩌다열게된소주집,돈가스,8000.0,서울특별시 용산구 백범로 323-1 (원효로1가) 1층,용산구,37.5384804134586,126.965004658262,https://eatssu-bucket.s3.ap-northeast-2.amazonaws.com/goodPriceStoreImg/e57c2757-7f30-489a-8c02-62225fc3c252.jpeg,,
133,KOREAN,윤경남7통황태국,황태국,11000.0,서울특별시 용산구 녹사평대로26가길 9 (이태원동) 지층,용산구,37.5323529435483,126.992100673191,https://eatssu-bucket.s3.ap-northeast-2.amazonaws.com/goodPriceStoreImg/f1542875-a514-490f-8c17-fd66cae4d612.jpg,,
134,WESTERN,윤토스트,토스트,2000.0,서울특별시 용산구 청파로 280-1 (청파동2가) 1층,용산구,37.5446339525017,126.970912311889,https://eatssu-bucket.s3.ap-northeast-2.amazonaws.com/goodPriceStoreImg/34df8306-86f6-4903-821d-32f0bd023c4f.jpg,,
135,KOREAN,이태원그리들,삼겹살,17000.0,서울특별시 용산구 회나무로 30-1 (이태원동) 1층,용산구,37.5395014153205,126.990022272539,https://eatssu-bucket.s3.ap-northeast-2.amazonaws.com/goodPriceStoreImg/f9fe7e10-8c90-4d56-829a-c95a0653c998.jpeg,,
136,ETC,인디에어,아메리카노(테이크아웃만 가능),3000.0,서울특별시 용산구 백범로 325 (원효로1가) 1층,용산구,37.5384299387279,126.965246365187,https://eatssu-bucket.s3.ap-northeast-2.amazonaws.com/goodPriceStoreImg/0647fb2f-2f5b-4976-ab16-0c0b3135e167.jpeg,,
137,KOREAN,일공오삼겹살,된장찌개,8000.0,서울특별시 용산구 백범로87길 52 1층,용산구,37.5394589579514,126.969434444107,https://eatssu-bucket.s3.ap-northeast-2.amazonaws.com/goodPriceStoreImg/79175500-0622-4d43-81bc-567535f7f595.jpg,,
138,KOREAN,장군이네,버섯불고시,10000.0,서울특별시 용산구 청파로 325 (청파동1가) 1층,용산구,37.5486746554287,126.969807175081,https://eatssu-bucket.s3.ap-northeast-2.amazonaws.com/goodPriceStoreImg/621ce677-a453-4b60-b528-1f4cf8d5f078.jpeg,,
139,KOREAN,장원,오늘의메뉴(백반찌개류),9000.0,서울특별시 용산구 원효로19길 34 1층,용산구,37.5331134182461,126.953729977052,https://eatssu-bucket.s3.ap-northeast-2.amazonaws.com/goodPriceStoreImg/495f9e4a-f513-4bd2-ab5e-4222563f9034.jpg,,
140,KOREAN,정가네왕김밥,정가네왕김밥,3000.0,서울특별시 용산구 효창원로 91 (용문동) 1층,용산구,37.5370964520946,126.959043436377,https://eatssu-bucket.s3.ap-northeast-2.amazonaws.com/goodPriceStoreImg/8c16a558-25a5-401a-b571-7f7c1fc217d6.jpeg,,
141,JAPANESE,좋은날,초밥,13000.0,서울특별시 용산구 원효로19길 3 (원효로4가) 1층,용산구,37.5329918513573,126.952093377471,https://eatssu-bucket.s3.ap-northeast-2.amazonaws.com/goodPriceStoreImg/81479f98-52f9-438e-a056-3a30adfcc2f5.jpeg,,
142,JAPANESE,준참치,회덮밥,9000.0,서울특별시 용산구 두텁바위로 79-1 (후암동) 1층 준참치,용산구,37.5465677061716,126.980737689934,https://eatssu-bucket.s3.ap-northeast-2.amazonaws.com/goodPriceStoreImg/1d380cd8-9bf6-4766-931e-d142e1db050f.jpeg,,
143,KOREAN,지혜식당,가정식백반,9000.0,서울특별시 용산구 이촌로18길 21-15 (이촌동) 1층,용산구,37.5257915480316,126.9549698632,https://eatssu-bucket.s3.ap-northeast-2.amazonaws.com/goodPriceStoreImg/b1c1249a-dde9-430f-8184-291f163433a1.jpg,,
144,KOREAN,진미식당,오징어볶음,10000.0,서울특별시 용산구 백범로 90길 46 1층,용산구,37.5366958702301,126.970177576899,https://eatssu-bucket.s3.ap-northeast-2.amazonaws.com/goodPriceStoreImg/37e06c48-68d0-4d30-bc29-b762dcebe18b.png,,
145,KOREAN,진아네,김치찌개,8000.0,서울특별시 용산구 한강대로 158 (한강로1가) 2층,용산구,37.5329621717645,126.9718442489,https://eatssu-bucket.s3.ap-northeast-2.amazonaws.com/goodPriceStoreImg/0e727169-b896-4bfb-a4e4-91d70c64b0c6.jpg,,
146,KOREAN,찌갠,쭈꾸미(철판),14000.0,서울특별시 용산구 원효로41길 60 (원효로2가) 1층,용산구,37.5353280020429,126.960734532788,https://eatssu-bucket.s3.ap-northeast-2.amazonaws.com/goodPriceStoreImg/556ef697-5797-4bcf-969a-e65dd3ae07ea.jpeg,,
147,KOREAN,친구의천,즉석떡볶이,5000.0,서울특별시 용산구 장문로 88,용산구,37.525986638102,126.999353921205,,,
148,ETC,커피스모키,아메리카노,2900.0,서울특별시 용산구 한강대로30길 25 지하1층 26호,용산구,37.527358545339,126.968861735609,https://eatssu-bucket.s3.ap-northeast-2.amazonaws.com/goodPriceStoreImg/ad760899-b4bb-42b7-bc8d-21d2f868daed.jpg,,
149,KOREAN,콩양황군,황태콩나물해장국,9000.0,서울특별시 용산구 청파로93길 7 (서계동) 1층,용산구,37.5542783294719,126.968450590107,https://eatssu-bucket.s3.ap-northeast-2.amazonaws.com/goodPriceStoreImg/e20186ca-d69f-471b-9349-459fa396caee.jpeg,,
150,KOREAN,쿠쿠스,제육덮밥,7000.0,서울특별시 용산구 한강대로15길 19-2 (한강로3가) 1층,용산구,37.5260218617933,126.963070431619,https://eatssu-bucket.s3.ap-northeast-2.amazonaws.com/goodPriceStoreImg/5546555e-2d74-4cd6-b93b-b979c3a9a076.jpeg,,
151,ETC,테폼,아메리카노(핫),3000.0,"서울특별시 용산구 녹사평대로26길 21 (이태원동) 1층 (이태원동, 미광빌딩)",용산구,37.5308746149099,126.991306047155,https://eatssu-bucket.s3.ap-northeast-2.amazonaws.com/goodPriceStoreImg/0d914b05-87ef-4627-a466-156b29d71c5b.jpg,,
152,KOREAN,통큰칼국수,손칼국수,9000.0,서울특별시 용산구 장문로 112 (보광동) 1층,용산구,37.5263959488037,127.001963927361,https://eatssu-bucket.s3.ap-northeast-2.amazonaws.com/goodPriceStoreImg/7250aa54-fc10-438e-9c81-d32a45b3cac6.jpg,,
153,KOREAN,풍년숯불갈비,돌솥비밤밥,9000.0,"서울특별시 용산구 새창로 130 1,2층",용산구,37.5359434126284,126.961088803009,https://eatssu-bucket.s3.ap-northeast-2.amazonaws.com/goodPriceStoreImg/d9fb9815-478b-47fd-8e26-b3c64f3d48fd.jpg,,
154,CHINESE,한일각,자장면,4000.0,서울특별시 용산구 보광로 21-1 2층,용산구,37.526344336243,127.000589177803,https://eatssu-bucket.s3.ap-northeast-2.amazonaws.com/goodPriceStoreImg/63d411d2-8ec0-4b1e-9391-e828a8866e04.jpg,https://eatssu-bucket.s3.ap-northeast-2.amazonaws.com/goodPriceStoreImg/9d101e6e-3d82-4606-ae31-042d053b4ab6.jpg,
155,KOREAN,헤바리기정육식당,된장찌개,8000.0,서울특별시 용산구 청파로 289 (청파동2가) 1층,용산구,37.5453805217866,126.970195051872,https://eatssu-bucket.s3.ap-northeast-2.amazonaws.com/goodPriceStoreImg/47347d4f-d8c6-4fe8-8a23-241a2ba5cfda.jpg,,
156,KOREAN,호정식당,삼겹살(200g),13000.0,서울특별시 용산구 보광로 17,용산구,37.5260131257855,127.000915325754,https://eatssu-bucket.s3.ap-northeast-2.amazonaws.com/goodPriceStoreImg/267dfb8f-f0c8-4602-b1de-b3222e047cd6.jpg,,
157,CHINESE,홍콩중화요리,짜장면,6500.0,서울특별시 용산구 한강대로 367-1 (동자동) 1층,용산구,37.5513779921924,126.971921179598,,,
158,KOREAN,화로가,돌솥비빔밥,10000.0,서울특별시 용산구 한강대로 39길 5 1층,용산구,37.5305301811316,126.96859635845,https://eatssu-bucket.s3.ap-northeast-2.amazonaws.com/goodPriceStoreImg/1914aa87-cd62-4652-a71f-3f8001d421f4.jpg,https://eatssu-bucket.s3.ap-northeast-2.amazonaws.com/goodPriceStoreImg/43ac7e1f-c04f-4c65-8aa1-63f67b4b598c.jpg,https://eatssu-bucket.s3.ap-northeast-2.amazonaws.com/goodPriceStoreImg/6bcc46d2-5524-4382-9392-867c0fae9ee8.jpg
159,KOREAN,황제정육식당 용문시장점,삼겹살,7900.0,서울특별시 용산구 새창로 128 (용문동) 1층,용산구,37.5361987047413,126.960932983865,https://eatssu-bucket.s3.ap-northeast-2.amazonaws.com/goodPriceStoreImg/4a517502-3a92-43b6-91b8-24ea22881bb0.jpg,,
160,WESTERN,효창돈까스,돈까스,11000.0,서울특별시 용산구 효창원로 147 (효창동) 1층,용산구,37.5412850612069,126.961852857892,https://eatssu-bucket.s3.ap-northeast-2.amazonaws.com/goodPriceStoreImg/1b764b43-3885-4d31-8a10-f7707fad5549.jpeg,,
161,KOREAN,흑돈연가,돼지스떼끼,18000.0,서울특별시 용산구 한강대로 76길 11-2 1층,용산구,37.5417031695849,126.973949334171,https://eatssu-bucket.s3.ap-northeast-2.amazonaws.com/goodPriceStoreImg/1950cb57-ccf9-4213-acc3-3bd2dabed720.jpg,,
162,KOREAN,5오돈까스,등심돈까스,9000.0,서울특별시 성동구 용답중앙길 57-1 (용답동) 1층,성동구,37.5643255366512,127.052323307506,,,
163,KOREAN,고향냉면,냉면,9000.0,서울특별시 성동구 독서당로 301-93 .,성동구,37.5488200114508,127.022392761196,https://eatssu-bucket.s3.ap-northeast-2.amazonaws.com/goodPriceStoreImg/10571308-4757-4315-ac34-6f363a736447.png,,
164,BAKERY,꾸리찌바 베이커리,단팥빵,1600.0,서울특별시 성동구 광나루로11길 14-1 (송정동),성동구,37.5492569006615,127.066305838362,https://eatssu-bucket.s3.ap-northeast-2.amazonaws.com/goodPriceStoreImg/5b76004b-308a-4aff-afb7-adb2dd61b6b6.jpg,https://eatssu-bucket.s3.ap-northeast-2.amazonaws.com/goodPriceStoreImg/6e966d94-b2b1-491e-a16f-be13dc346a7c.jpg,https://eatssu-bucket.s3.ap-northeast-2.amazonaws.com/goodPriceStoreImg/abea9933-32e1-4dc3-9eae-b17966011c28.jpg
165,KOREAN,달님이네,백반,8000.0,서울특별시 성동구 아차산로13길 31 (성수동2가) 1층,성동구,37.5458939042897,127.061512730347,https://eatssu-bucket.s3.ap-northeast-2.amazonaws.com/goodPriceStoreImg/e322b654-cbd9-4f96-ae54-212f8b3e66e6.jpeg,,
166,ETC,동네커피,아메리카노,2000.0,서울특별시 성동구 용답중앙길 57 (용답동) 1층,성동구,37.5642428633497,127.052440397868,,,
167,CHINESE,동해루,자장면,6000.0,서울특별시 성동구 고산자로8길 26 .,성동구,37.5581421344486,127.036653756474,https://eatssu-bucket.s3.ap-northeast-2.amazonaws.com/goodPriceStoreImg/102ecbb2-c812-4a5c-a943-396bad985bae.jpg,https://eatssu-bucket.s3.ap-northeast-2.amazonaws.com/goodPriceStoreImg/2add2a71-fbd9-42fd-9cef-0567f8d3f1c0.jpg,https://eatssu-bucket.s3.ap-northeast-2.amazonaws.com/goodPriceStoreImg/77bccaaf-e189-41cd-b4f1-6ed4e14b2a40.jpg
168,KOREAN,두리김치,만두,6000.0,서울특별시 성동구 광나루로11길 40 (송정동),성동구,37.5512199749781,127.067927449053,https://eatssu-bucket.s3.ap-northeast-2.amazonaws.com/goodPriceStoreImg/05509178-d47d-48f9-ad13-0a0415ff43eb.jpg,https://eatssu-bucket.s3.ap-northeast-2.amazonaws.com/goodPriceStoreImg/4c7b71f5-50d4-4ee9-8f5c-3e32ea74c955.jpg,https://eatssu-bucket.s3.ap-northeast-2.amazonaws.com/goodPriceStoreImg/9e658313-b4c6-4ea9-b4ab-794516dd435f.jpg
169,KOREAN,또와,점심뷔페,7000.0,서울특별시 성동구 성수일로12길 20 (성수동2가) 1층 101호,성동구,37.5481744730279,127.0532504713,https://eatssu-bucket.s3.ap-northeast-2.amazonaws.com/goodPriceStoreImg/414847c6-3e59-472e-b944-391585b86016.jpeg,,
170,KOREAN,또와분식,떡볶이,5000.0,서울특별시 성동구 마장로35나길 40 (마장동) 101호,성동구,37.5671883517622,127.043217160881,https://eatssu-bucket.s3.ap-northeast-2.amazonaws.com/goodPriceStoreImg/d2f455f7-21c8-4018-b9f3-e983ea59d710.jpeg,,
171,KOREAN,뚝도국수,잔치국수,6000.0,서울특별시 성동구 성덕정길 100 (성수동2가) 1층,성동구,37.5374003483494,127.054572614566,https://eatssu-bucket.s3.ap-northeast-2.amazonaws.com/goodPriceStoreImg/2267dd3d-da27-49c2-a2ba-7688d162a26c.jpg,https://eatssu-bucket.s3.ap-northeast-2.amazonaws.com/goodPriceStoreImg/a80e3744-9a54-411b-989a-8c1fc0c10cd2.jpg,
172,KOREAN,란칼국수,칼국수,9000.0,서울특별시 성동구 성수일로8길 42 (성수동2가) 1층 104호,성동구,37.5453542444305,127.055045076117,https://eatssu-bucket.s3.ap-northeast-2.amazonaws.com/goodPriceStoreImg/cab5cfbe-b88c-471c-8557-aaf4deb9c584.jpg,,
173,ETC,롬누,-,,서울특별시 성동구 상원길 82 (성수동1가) 1층,성동구,37.5512891382136,127.047541937843,,,
174,KOREAN,마포갈매기,김치찌개,8000.0,서울특별시 성동구 용답29길 26 (용답동) 1층,성동구,37.5648472485916,127.053650230661,https://eatssu-bucket.s3.ap-northeast-2.amazonaws.com/goodPriceStoreImg/c28e3393-6128-47a1-9016-db2d4999cf69.jpg,https://eatssu-bucket.s3.ap-northeast-2.amazonaws.com/goodPriceStoreImg/9f44b647-7b4b-48d6-a305-9a7ed76eb18a.jpg,
175,KOREAN,맹꽁이,칼국수,6000.0,서울특별시 성동구 용답중앙25길 1 (용답동) 1층,성동구,37.563007299815,127.054098481146,https://eatssu-bucket.s3.ap-northeast-2.amazonaws.com/goodPriceStoreImg/c91edcf0-7e12-4abc-80e3-42d371efb82f.jpeg,,
176,KOREAN,명가,소불고기,10000.0,서울특별시 성동구 무학봉16길 1 (하왕십리동) 1층,성동구,37.5613574218419,127.031372661236,https://eatssu-bucket.s3.ap-northeast-2.amazonaws.com/goodPriceStoreImg/1ca68a91-2f28-4dae-b2d0-6a63262fd842.jpg,,
177,WESTERN,베네토,페퍼로니 피자,13900.0,서울특별시 성동구 마조로 3길 7-1 1층,성동구,37.558460032864,127.03963897954,https://eatssu-bucket.s3.ap-northeast-2.amazonaws.com/goodPriceStoreImg/9bf546bf-55e3-400e-8faf-079e5635decb.jpg,,
178,KOREAN,본떡볶이,떡볶이,4000.0,서울특별시 성동구 용답중앙길 42 (용답동) 1층,성동구,37.5650908282999,127.050913860665,https://eatssu-bucket.s3.ap-northeast-2.amazonaws.com/goodPriceStoreImg/3f8aa3d3-791b-4a0f-a729-d59f68429863.jpg,https://eatssu-bucket.s3.ap-northeast-2.amazonaws.com/goodPriceStoreImg/8e47b5fd-b5c2-4d5f-aac0-a039feac35c8.jpg,https://eatssu-bucket.s3.ap-northeast-2.amazonaws.com/goodPriceStoreImg/d25e26bf-3b26-4fd9-8fe3-f8c005656238.jpg
179,KOREAN,성수식당,삼겹살,16000.0,서울특별시 성동구 성수일로12길 19-1 (성수동2가) 1층,성동구,37.5484325275189,127.053431149445,https://eatssu-bucket.s3.ap-northeast-2.amazonaws.com/goodPriceStoreImg/d525756a-cd16-47c6-8e56-2257c6777111.jpg,,
180,KOREAN,소문난순대국왕족발,순대국,8000.0,서울특별시 성동구 용답25라길 23 (용답동) 1층,성동구,37.5635180292566,127.053006723049,,,
181,KOREAN,송하정,백반,9000.0,서울특별시 성동구 무학봉길 77 (하왕십리동) .,성동구,37.5613531744094,127.031080196425,https://eatssu-bucket.s3.ap-northeast-2.amazonaws.com/goodPriceStoreImg/e4b85ab8-6e45-479d-b882-daa6a99c666e.jpg,,
182,KOREAN,수제비먹는닭갈비,수제비,7500.0,서울특별시 성동구 왕십리로21길 14 (행당동) 1층,성동구,37.5612978205226,127.032864490866,https://eatssu-bucket.s3.ap-northeast-2.amazonaws.com/goodPriceStoreImg/b7ab0161-ba59-4312-935a-ec6cfdbeee44.jpeg,,
183,KOREAN,수제비먹는닭갈비 본점,칼국수,7500.0,서울특별시 성동구 왕십리로21다길 39 (행당동) 1층,성동구,37.5596426799865,127.03321982721,https://eatssu-bucket.s3.ap-northeast-2.amazonaws.com/goodPriceStoreImg/cdcc09b4-5224-4517-adcf-dc277ae8b116.jpg,,
184,KOREAN,신명먹거리,냉국수,8000.0,서울특별시 성동구 상원6길 3 (성수동1가) 1층,성동구,37.548526602286,127.048610817274,https://eatssu-bucket.s3.ap-northeast-2.amazonaws.com/goodPriceStoreImg/8182e586-4b09-46eb-b434-67889d3394ee.jpg,https://eatssu-bucket.s3.ap-northeast-2.amazonaws.com/goodPriceStoreImg/f517affc-2ab0-43f6-953a-abaa7580760f.jpg,https://eatssu-bucket.s3.ap-northeast-2.amazonaws.com/goodPriceStoreImg/727729a9-67a8-4786-8c83-d427396b3842.jpg
185,KOREAN,아랫목식당,감자탕 소,26000.0,서울특별시 성동구 송정 14길 14-1 (송정동),성동구,37.5510338225438,127.067938257278,https://eatssu-bucket.s3.ap-northeast-2.amazonaws.com/goodPriceStoreImg/d5c1e1dd-daa3-4478-8949-31eb2005b7f5.jpg,,
186,KOREAN,엄마김치찌개,문어숙회,20000.0,서울특별시 성동구 용답중앙15길 1 (용답동) 1층,성동구,37.56393229028,127.05284380209,https://eatssu-bucket.s3.ap-northeast-2.amazonaws.com/goodPriceStoreImg/017c4437-b11f-4132-b337-de02e7023c3b.jpeg,,
187,JAPANESE,엘닷,모듬초밥(8pcs),6900.0,서울특별시 성동구 성수일로12길 20 (성수동2가) 1층 103호,성동구,37.5481744730279,127.0532504713,https://eatssu-bucket.s3.ap-northeast-2.amazonaws.com/goodPriceStoreImg/0e149b9b-ea01-41ac-b68c-5cc7625e459b.jpeg,https://eatssu-bucket.s3.ap-northeast-2.amazonaws.com/goodPriceStoreImg/5e2e880a-25f6-474d-a679-015587439332.jpeg,
188,ETC,인바이트,오늘의커피,2500.0,"서울특별시 성동구 용답중앙27길 7 (용답동, METROCITY) 1층 101호",성동구,37.56322605231,127.054705537895,,,
189,KOREAN,전과함께(막걸리한잔),백반,8000.0,서울특별시 성동구 무학봉15길 28-1 (하왕십리동) 1층,성동구,37.5636066628094,127.030364780309,https://eatssu-bucket.s3.ap-northeast-2.amazonaws.com/goodPriceStoreImg/598a2460-9904-487d-8f54-0209f632baeb.jpg,,
190,KOREAN,전주식당,백반,8000.0,서울특별시 성동구 무학봉15가길 1 (하왕십리동) .,성동구,37.5615017145303,127.030867248642,https://eatssu-bucket.s3.ap-northeast-2.amazonaws.com/goodPriceStoreImg/8af3090c-20c6-45ad-ae7b-14778b37c924.png,,
191,CHINESE,착한짜장,자장면,5500.0,서울특별시 성동구 아차산로7길 17-1 (성수동2가) 1층,성동구,37.5467286248079,127.054664623794,https://eatssu-bucket.s3.ap-northeast-2.amazonaws.com/goodPriceStoreImg/be16eeec-33c1-4a96-9fa3-acbb1612a813.jpg,,
192,KOREAN,참새와방앗간,부대찌개,6000.0,서울특별시 성동구 광나루로 156 (성수동1가) 1층,성동구,37.5514310351373,127.047567490611,https://eatssu-bucket.s3.ap-northeast-2.amazonaws.com/goodPriceStoreImg/f074a50d-1934-4c9f-aab2-6dbf299ed985.jpg,https://eatssu-bucket.s3.ap-northeast-2.amazonaws.com/goodPriceStoreImg/b143bf57-6498-4590-bb95-df5cd86b6ddd.jpg,https://eatssu-bucket.s3.ap-northeast-2.amazonaws.com/goodPriceStoreImg/57320454-7dba-4c25-8781-9f2fa5be050e.jpg
193,ETC,창창커피,아메리카노,3000.0,서울특별시 성동구 성수일로4가길 2 (성수동2가) 1층,성동구,37.5420814943666,127.053982764473,https://eatssu-bucket.s3.ap-northeast-2.amazonaws.com/goodPriceStoreImg/c664a727-c01c-40ca-ae89-81d5a3ea0cec.jpg,https://eatssu-bucket.s3.ap-northeast-2.amazonaws.com/goodPriceStoreImg/2f1fc9e4-7819-42c4-9bee-2de17c357c59.jpg,https://eatssu-bucket.s3.ap-northeast-2.amazonaws.com/goodPriceStoreImg/bb117e9b-6ae3-4cb1-b985-970811900b0b.jpg
194,ETC,커피로 그리는 꿈 협동조합,아메리카노,3000.0,서울특별시 성동구 상원6나길 22-11 (성수동1가) 1층,성동구,37.5476908001764,127.049991185761,https://eatssu-bucket.s3.ap-northeast-2.amazonaws.com/goodPriceStoreImg/1d5c0f00-d942-44d2-b81f-f6cfe67c7d91.png,,
195,ETC,코너스톤,아메리카노,3000.0,서울특별시 성동구 용답길 169-1 (용답동) 1층,성동구,37.5637882249342,127.055963671377,https://eatssu-bucket.s3.ap-northeast-2.amazonaws.com/goodPriceStoreImg/4c3efd3f-2cfa-4bc8-a465-94f32b22a790.jpeg,https://eatssu-bucket.s3.ap-northeast-2.amazonaws.com/goodPriceStoreImg/83592791-95b1-483a-a8fe-f3ef49f45094.jpeg,
196,JAPANESE,키치노야,규동 레귤러,7800.0,서울특별시 성동구 뚝섬로13길 32-1 (성수동2가) 1층일부,성동구,37.5410995494079,127.057862931953,,,
197,KOREAN,한우공감,김치찌개,8000.0,서울특별시 성동구 용답중앙길 57-1 (용답동) 1층,성동구,37.5643255366512,127.052323307506,https://eatssu-bucket.s3.ap-northeast-2.amazonaws.com/goodPriceStoreImg/ab827e39-c5c9-47bc-b60a-98fd31e76eb0.jpeg,,
198,KOREAN,할루우치킨,치킨,17000.0,서울특별시 성동구 용답19길 10-2 (용답동) 1층,성동구,37.5630964181578,127.052276721177,https://eatssu-bucket.s3.ap-northeast-2.amazonaws.com/goodPriceStoreImg/66dc208a-ac43-4705-94fa-450ef65a0d50.jpeg,,
199,KOREAN,해원횟집,회덮밥,8000.0,서울특별시 성동구 용답중앙15길 5 (용답동) 1층,성동구,37.5641239101443,127.053093739982,https://eatssu-bucket.s3.ap-northeast-2.amazonaws.com/goodPriceStoreImg/c800f675-abde-41ba-96c7-a1bfbf92c426.jpg,,
200,KOREAN,59년왕십리성수점,인삼왕갈비(300g),15000.0,서울특별시 광진구 동일로4길 15 (자양동) 1층,광진구,37.5363582224391,127.061937108783,https://eatssu-bucket.s3.ap-northeast-2.amazonaws.com/goodPriceStoreImg/b69cb663-7ab3-4142-bbf4-52817ad5dae8.jpg,,
201,WESTERN,겨울나그네,돈까스,5500.0,서울특별시 광진구 능동로 147-1 (화양동),광진구,37.5440353858273,127.072221992568,https://eatssu-bucket.s3.ap-northeast-2.amazonaws.com/goodPriceStoreImg/c641ddac-50bf-452e-a323-73940294bf61.jpg,https://eatssu-bucket.s3.ap-northeast-2.amazonaws.com/goodPriceStoreImg/5db246ab-d935-48fc-94f1-017c32884371.jpg,https://eatssu-bucket.s3.ap-northeast-2.amazonaws.com/goodPriceStoreImg/6a2a3daf-161e-4855-9d10-dbce04a696ed.jpg
202,KOREAN,고기굽는놈,돼지갈비(250g),16000.0,서울특별시 광진구 아차산로31길 8 (화양동) 1층,광진구,37.5413286478003,127.06944421585,https://eatssu-bucket.s3.ap-northeast-2.amazonaws.com/goodPriceStoreImg/6287e38a-a622-49b5-9878-294cce94b5bb.jpeg,,
203,ETC,고은별,커피,3000.0,서울특별시 광진구 자양로 177,광진구,37.5434577433462,127.084336510516,https://eatssu-bucket.s3.ap-northeast-2.amazonaws.com/goodPriceStoreImg/ea33a2fc-60e7-43cf-b94d-0bee0ebb4deb.jpg,,
204,KOREAN,곰곰탕,돼지곰탕,8500.0,서울특별시 광진구 용마산로 128 (중곡동) 1층,광진구,37.5649861974625,127.086920515699,https://eatssu-bucket.s3.ap-northeast-2.amazonaws.com/goodPriceStoreImg/3d3c99e8-4e6f-477f-8f54-8b17d2916764.jpg,,
205,JAPANESE,구름초밥,초밥(10p),12000.0,서울특별시 광진구 뚝섬로 678 1층 (자양동),광진구,37.5319855424998,127.084765507611,https://eatssu-bucket.s3.ap-northeast-2.amazonaws.com/goodPriceStoreImg/271a0fec-7cd9-43a1-9bf2-05825a0ae386.jpg,,
206,KOREAN,국이랑찌개랑,김치찌개백반,8000.0,서울특별시 광진구 자양로26길 21 (구의동) 1층,광진구,37.5417147908299,127.08529724925,https://eatssu-bucket.s3.ap-northeast-2.amazonaws.com/goodPriceStoreImg/baf2765a-3fdb-4ef3-a1dd-e2a5f16a6d24.jpg,,
207,KOREAN,금강숯불생고기,삼겹살,15000.0,서울특별시 광진구  용마산로7길 9 (중곡동),광진구,37.558985617161,127.087089650743,https://eatssu-bucket.s3.ap-northeast-2.amazonaws.com/goodPriceStoreImg/1df88803-ee14-40ae-8013-adcff213f464.jpg,https://eatssu-bucket.s3.ap-northeast-2.amazonaws.com/goodPriceStoreImg/a7afaa64-b4b3-4c61-ad85-a5a4bc291811.jpg,https://eatssu-bucket.s3.ap-northeast-2.amazonaws.com/goodPriceStoreImg/8a94dc71-fa34-4d73-b58d-4cfe58b432c5.jpg
208,KOREAN,금쪽삼겹,삼겹살(400g),10900.0,서울특별시 광진구 능동로16길 57 (화양동) 1층,광진구,37.5453845146894,127.076137772935,https://eatssu-bucket.s3.ap-northeast-2.amazonaws.com/goodPriceStoreImg/3ea6b35c-2b1e-4736-aad8-5429f9582f1b.png,,
209,KOREAN,기절초풍물닭갈비,조리라면,4000.0,서울특별시 광진구 자양로13길 88-1 (자양동) 1층,광진구,37.5330001176132,127.080181002823,https://eatssu-bucket.s3.ap-northeast-2.amazonaws.com/goodPriceStoreImg/6db5488e-d181-4cb9-85fc-226360f9fe59.jpg,,
210,KOREAN,능라도분식,김밥,2500.0,서울특별시 광진구 천호대로110길 50 (능동),광진구,37.5551457109101,127.079074919213,https://eatssu-bucket.s3.ap-northeast-2.amazonaws.com/goodPriceStoreImg/1fcc7ca2-2ce1-4d63-a455-348fe39b4aeb.jpg,,
211,KOREAN,다비다식당,삼겹살,14000.0,서울특별시 광진구 동일로 444,광진구,37.5697005648114,127.079776378236,https://eatssu-bucket.s3.ap-northeast-2.amazonaws.com/goodPriceStoreImg/b13536ab-fabc-4532-9fa3-27cf5b76b33d.jpg,,
212,ETC,달디빈,커피,2500.0,서울특별시 광진구 능동로39길 11 1층,광진구,37.5585293444964,127.079434892288,https://eatssu-bucket.s3.ap-northeast-2.amazonaws.com/goodPriceStoreImg/208e23df-f6a0-4df9-ac81-794556a98ba1.jpg,,
213,ETC,리플커피 건국대점,아메리카노,1500.0,서울특별시 광진구 광나루로24길 20 (화양동) 1층,광진구,37.5454553064569,127.076318784936,https://eatssu-bucket.s3.ap-northeast-2.amazonaws.com/goodPriceStoreImg/31b81805-1480-4803-a4af-169365fd6fab.jpg,,
214,KOREAN,마니아우동,냉면,7000.0,서울특별시 광진구 긴고랑로 25 (중곡동),광진구,37.5635316803178,127.079296570847,https://eatssu-bucket.s3.ap-northeast-2.amazonaws.com/goodPriceStoreImg/cd97c576-b4d0-4f80-8412-179a61a3ae0d.jpg,,
215,ETC,면곡당,커피(콜드브루),3400.0,서울특별시 광진구 면목로17길 24 (중곡동) 1층,광진구,37.5706216673276,127.081989895297,https://eatssu-bucket.s3.ap-northeast-2.amazonaws.com/goodPriceStoreImg/e2bf36c6-3e9b-4815-bf00-11f5d0e83644.png,,
216,KOREAN,무병장수한방삼계탕,삼계탕,13000.0,서울특별시 광진구 자양번영로 65,광진구,37.5354363044071,127.076140669245,https://eatssu-bucket.s3.ap-northeast-2.amazonaws.com/goodPriceStoreImg/1f7d85c1-d5db-480d-bf55-f814b9c3b6ca.jpg,,
217,WESTERN,무한정수제돈가스,돈가스,8500.0,서울특별시 광진구 군자로 102 1층 (군자동),광진구,37.5521905589032,127.071540099809,https://eatssu-bucket.s3.ap-northeast-2.amazonaws.com/goodPriceStoreImg/0b40745b-e978-4205-9a94-5af21f683567.png,,
218,ETC,베이지크,아메리카노,3000.0,서울특별시 광진구 뚝섬로24길 21 (자양동) 1층,광진구,37.5354824434622,127.063476489208,https://eatssu-bucket.s3.ap-northeast-2.amazonaws.com/goodPriceStoreImg/aa888392-ba7a-43eb-88d4-8089672c71c6.jpeg,,
219,KOREAN,보광식당,된장찌개,7000.0,서울특별시 광진구 아차산로 341-1 (자양동) (자양동),광진구,37.5373620251826,127.080865340982,https://eatssu-bucket.s3.ap-northeast-2.amazonaws.com/goodPriceStoreImg/a37f6b53-69bc-4b12-b454-e37e97a7f8fc.jpg,,
220,KOREAN,보리&치킨,치킨,15000.0,서울특별시 광진구 군자로 175 1층,광진구,37.5563287731714,127.077637832508,https://eatssu-bucket.s3.ap-northeast-2.amazonaws.com/goodPriceStoreImg/dd7455ae-4489-4ebf-b8bc-791cc75d6a6e.jpg,,
221,KOREAN,새맛식당,삼겹살,10000.0,서울특별시 광진구 자양로18길 12-3 (구의동),광진구,37.5373807702894,127.084337133659,https://eatssu-bucket.s3.ap-northeast-2.amazonaws.com/goodPriceStoreImg/bb711625-1125-4fd5-bd12-5a78449a51a1.jpg,,
222,CHINESE,석기시대짜장마을,자장면,4000.0,서울특별시 광진구 군자로 111,광진구,37.5529612679396,127.072139956245,https://eatssu-bucket.s3.ap-northeast-2.amazonaws.com/goodPriceStoreImg/d59c76d5-7d4f-4c47-a682-1f6f18715b90.jpg,,
223,CHINESE,세종원,자장면,6000.0,서울특별시 광진구 광나루로 373 (군자동),광진구,37.5482417291505,127.07158079852,https://eatssu-bucket.s3.ap-northeast-2.amazonaws.com/goodPriceStoreImg/37a48c24-9c83-4a59-bce8-320404a2ed07.jpg,,
224,KOREAN,손수제치킨,치킨,10500.0,서울특별시 광진구 군자로 129 1층 (군자동),광진구,37.5538042039805,127.073804267091,https://eatssu-bucket.s3.ap-northeast-2.amazonaws.com/goodPriceStoreImg/eba10756-bf80-4956-a054-0b2e6b723fc5.jpg,,
225,JAPANESE,스시교센,모듬초밥,11000.0,서울특별시 광진구 능동로35길 9 (군자동) 2층,광진구,37.5566462360305,127.078393153264,https://eatssu-bucket.s3.ap-northeast-2.amazonaws.com/goodPriceStoreImg/34ad9536-4097-4890-a32a-5a1901a290c2.jpg,,
226,JAPANESE,스시텐,런치초밥,11000.0,서울특별시 광진구 구의강변로 86 (구의동) 101호,광진구,37.5381146951572,127.094039760254,https://eatssu-bucket.s3.ap-northeast-2.amazonaws.com/goodPriceStoreImg/64c6784f-4d08-4f0b-8273-ce3651e01bd4.jpg,,
227,KOREAN,아차산통닭,-,,서울특별시 광진구 천호대로 659 (구의동) 1층,광진구,37.5523039456894,127.089928064798,https://eatssu-bucket.s3.ap-northeast-2.amazonaws.com/goodPriceStoreImg/4e8e7002-6470-4844-9493-b3b3a3bff680.jpg,,
228,KOREAN,옛골,백반,6000.0,서울특별시 광진구 자양로26길 10 (구의동) 1층,광진구,37.5417527707951,127.084604459005,https://eatssu-bucket.s3.ap-northeast-2.amazonaws.com/goodPriceStoreImg/020be6e8-6daa-4209-badd-4369ccf34ddb.jpg,,
229,KOREAN,옛날집,보리비빔밥,7500.0,서울특별시 광진구 면목로17길 40 (중곡동) 1층,광진구,37.5708453857498,127.081074719437,https://eatssu-bucket.s3.ap-northeast-2.amazonaws.com/goodPriceStoreImg/56790841-f821-4a99-bf17-cff5a1d6b68a.jpg,,
230,KOREAN,오목대,삼계탕,14000.0,서울특별시 광진구 동일로80길 23,광진구,37.5702682551131,127.081137709861,https://eatssu-bucket.s3.ap-northeast-2.amazonaws.com/goodPriceStoreImg/ffef8070-5643-4856-847b-93ef9da0d38e.jpg,,
231,KOREAN,오성정육식당,한우 등심(100g),11000.0,"서울특별시 광진구 구의강변로 106 (구의동, 구의동삼성쉐르빌 101동) 1층 오성정육식당",광진구,37.53985699394,127.09489656845,https://eatssu-bucket.s3.ap-northeast-2.amazonaws.com/goodPriceStoreImg/912024b6-a2bb-4019-b618-4823110dd355.jpg,,
232,KOREAN,옥돌바베큐,치킨,15000.0,서울특별시 광진구 군자로 138,광진구,37.5539653056186,127.074658980888,https://eatssu-bucket.s3.ap-northeast-2.amazonaws.com/goodPriceStoreImg/03fc674a-2b2b-496a-abb2-b7ed9bba5d19.png,,
233,KOREAN,위락,된장찌개,6000.0,서울특별시 광진구 능동로16길 50 1층 (화양동),광진구,37.5450828437467,127.075883427175,https://eatssu-bucket.s3.ap-northeast-2.amazonaws.com/goodPriceStoreImg/ed87f1e2-01bf-410f-b257-73cc1a3a0318.jpg,,
234,KOREAN,윤가네,냉면,8000.0,서울특별시 광진구 동일로60길 43 (군자동) 1층,광진구,37.5578680664131,127.075789438417,https://eatssu-bucket.s3.ap-northeast-2.amazonaws.com/goodPriceStoreImg/e5d1a93e-5751-499e-b22d-bd90b71a78cb.jpg,,
235,KOREAN,이삭홍두깨칼국수,칼국수,4500.0,서울특별시 광진구 동일로72길 51 (중곡동),광진구,37.5653450430501,127.080468294062,https://eatssu-bucket.s3.ap-northeast-2.amazonaws.com/goodPriceStoreImg/9443caaf-82e6-4a63-a5f5-6bc93b60d3a7.jpg,https://eatssu-bucket.s3.ap-northeast-2.amazonaws.com/goodPriceStoreImg/80b53cf1-33c3-49ab-8fa5-cd7206a09364.jpg,https://eatssu-bucket.s3.ap-northeast-2.amazonaws.com/goodPriceStoreImg/ce861f99-15f4-4ca8-a69b-0239ae174eef.jpg
236,ETC,자양다방,커피,2000.0,서울특별시 광진구 자양로15길 100 1층,광진구,37.5347343376592,127.078204571221,https://eatssu-bucket.s3.ap-northeast-2.amazonaws.com/goodPriceStoreImg/3fcae90a-4165-47f9-a420-e1774553331a.jpg,,
237,KOREAN,종로한정식,된장찌개,7000.0,서울특별시 광진구 아차산로 324,광진구,37.5374179594352,127.078758734579,https://eatssu-bucket.s3.ap-northeast-2.amazonaws.com/goodPriceStoreImg/07eff109-7a02-4907-a2e9-b736a521dc41.png,,
238,CHINESE,중국관,짜장면,4000.0,서울특별시 광진구 긴고랑로 39 (중곡동),광진구,37.5630759218576,127.080677509112,https://eatssu-bucket.s3.ap-northeast-2.amazonaws.com/goodPriceStoreImg/446062c2-bc8a-445b-afce-1fb4a4647e36.jpg,,
239,CHINESE,차우동짜장,짜장면,5000.0,서울특별시 광진구 뚝섬로 472 (자양동) 1층,광진구,37.5366343680318,127.06281092898,https://eatssu-bucket.s3.ap-northeast-2.amazonaws.com/goodPriceStoreImg/6bd48882-8d60-49da-80fb-f0927ac2f0de.jpeg,,
240,KOREAN,채움,된장찌개,7000.0,서울특별시 광진구 군자로 104-1,광진구,37.5523503895716,127.071699141373,https://eatssu-bucket.s3.ap-northeast-2.amazonaws.com/goodPriceStoreImg/7cff0a5e-4774-4cff-88dd-8c1be7e2d5fb.jpg,,
241,ETC,청담커피 자양점,아메리카노,2500.0,서울특별시 광진구 뚝섬로52길 41 (자양동) 1층 청담커피,광진구,37.5301468796083,127.078899521931,https://eatssu-bucket.s3.ap-northeast-2.amazonaws.com/goodPriceStoreImg/a417ffae-578b-464b-b1c7-830b7894670b.jpg,,
242,KOREAN,통영돌문어산곰장어,열무비빔밥,7000.0,서울특별시 광진구 용마산로6길 9 (중곡동) 1층,광진구,37.5574120435232,127.088640032232,https://eatssu-bucket.s3.ap-northeast-2.amazonaws.com/goodPriceStoreImg/39cbbac9-4988-4c8a-b870-ded06c49465b.jpeg,,
243,WESTERN,하루,돈가스,8500.0,서울특별시 광진구 능동로16길 60 1층 (화양동),광진구,37.5452297113773,127.076295470745,https://eatssu-bucket.s3.ap-northeast-2.amazonaws.com/goodPriceStoreImg/9f226b3b-f094-490e-9c56-a6ec28556e2a.jpg,,
244,KOREAN,화양삼계,삼계탕,13900.0,서울특별시 광진구 아차산로29길 67 (화양동) 1층,광진구,37.5437174982038,127.069392230067,https://eatssu-bucket.s3.ap-northeast-2.amazonaws.com/goodPriceStoreImg/fdd5049b-94e3-41f3-a418-0de5e94cd426.jpg,,
245,KOREAN,흥부농장,김치찌개,7000.0,서울특별시 광진구  뚝섬로59길 81-2 (자양동),광진구,37.5355225542768,127.082799348183,https://eatssu-bucket.s3.ap-northeast-2.amazonaws.com/goodPriceStoreImg/e76aa636-3d32-4e49-9bb1-62e3f5ec46ad.jpg,https://eatssu-bucket.s3.ap-northeast-2.amazonaws.com/goodPriceStoreImg/ed891780-d5d9-45d8-a097-23cfca0f1064.jpg,https://eatssu-bucket.s3.ap-northeast-2.amazonaws.com/goodPriceStoreImg/5e0109f3-faf0-46d1-99ab-0091dcb4ebda.jpg
246,JAPANESE,24시회마트,광어+우럭,30000.0,서울특별시 동대문구 전농로4길 42 (답십리동) 지상 1층,동대문구,37.5666918895194,127.058876986331,https://eatssu-bucket.s3.ap-northeast-2.amazonaws.com/goodPriceStoreImg/b89a8768-5786-4265-97b5-ff919563edfd.jpg,,
247,WESTERN,39돈가스,등심돈가스,8500.0,서울특별시 동대문구 휘경로2길 5-2 (이문동),동대문구,37.5956340092929,127.061096298819,https://eatssu-bucket.s3.ap-northeast-2.amazonaws.com/goodPriceStoreImg/45f583e9-fbea-4431-9145-728c9affff05.jpg,,
248,KOREAN,40년전통 그시절 그맛,꽈배기(3개),2000.0,서울특별시 동대문구 고산자로38길 25 (제기동) 경동시장 다-11,동대문구,37.5801684528241,127.039860944339,https://eatssu-bucket.s3.ap-northeast-2.amazonaws.com/goodPriceStoreImg/7d8fe352-6f14-40d7-8ac7-2c1dbd009579.png,,
249,KOREAN,79번지국수집,닭칼국수,7000.0,서울특별시 동대문구 회기로13길 25 (회기동) 1층,동대문구,37.5926788782586,127.05097160045,https://eatssu-bucket.s3.ap-northeast-2.amazonaws.com/goodPriceStoreImg/0310ec38-9674-4659-a322-6e39f9f36563.jpg,,
250,KOREAN,가위바위보떡볶이,라면,4000.0,"서울특별시 동대문구 전농로 222 (전농동, 씨티빌라트)",동대문구,37.5839388978562,127.053599055745,https://eatssu-bucket.s3.ap-northeast-2.amazonaws.com/goodPriceStoreImg/9c97ca2a-2ad2-4540-8de1-3eb79da9911f.png,,
251,KOREAN,갈비장터,된장찌개,9000.0,서울특별시 동대문구 회기로 188 (휘경동),동대문구,37.5897656433708,127.056819285026,https://eatssu-bucket.s3.ap-northeast-2.amazonaws.com/goodPriceStoreImg/b619a56f-f865-4328-abbd-07e5b67e8a02.jpg,,
252,KOREAN,경희쌈밥,한식뷔페,8000.0,서울특별시 동대문구 경희대로1가길 27 (회기동),동대문구,37.5930633795256,127.051483663593,https://eatssu-bucket.s3.ap-northeast-2.amazonaws.com/goodPriceStoreImg/d2b6f0ae-b04a-41fa-92e0-edf2c3fbd5a6.png,,
253,KOREAN,고대멸치국수,멸치국수,7000.0,서울특별시 동대문구 제기로 2 (제기동),동대문구,37.5862261117288,127.033124418016,https://eatssu-bucket.s3.ap-northeast-2.amazonaws.com/goodPriceStoreImg/841d513b-89e1-4612-88ef-31232b6e7fe9.jpg,,
254,KOREAN,고향홍두깨손칼국수,손칼국수,5000.0,서울특별시 동대문구 경동시장로10길 53 (제기동),동대문구,37.5814092982677,127.043688645919,https://eatssu-bucket.s3.ap-northeast-2.amazonaws.com/goodPriceStoreImg/50402b14-185b-4647-9b97-df84098f5d5e.jpg,,
255,KOREAN,광주회관,김치찌개,10000.0,서울특별시 동대문구 이문로 118 (이문동),동대문구,37.5971294761998,127.060918834447,https://eatssu-bucket.s3.ap-northeast-2.amazonaws.com/goodPriceStoreImg/00b45f9b-4007-4505-acb2-cf6699ca04b6.jpg,,
256,KOREAN,국수천천히,멸치국수,5000.0,서울특별시 동대문구 서울시립대로28길 6 (전농동) 1층,동대문구,37.5824800062405,127.053007710684,https://eatssu-bucket.s3.ap-northeast-2.amazonaws.com/goodPriceStoreImg/bd7b42bb-4412-4f1a-b529-0e82cb934408.jpg,,
257,KOREAN,그린하우스,김치찌개,8000.0,서울특별시 동대문구 전농로 219 (전농동),동대문구,37.5836791356617,127.053213708433,https://eatssu-bucket.s3.ap-northeast-2.amazonaws.com/goodPriceStoreImg/39016464-39be-4625-924f-f5f3ff6b213e.png,,
258,KOREAN,금복,김치찌개,6000.0,서울특별시 동대문구 안암로20길 16 (제기동),동대문구,37.5873670338882,127.035014819615,https://eatssu-bucket.s3.ap-northeast-2.amazonaws.com/goodPriceStoreImg/b6d9ca57-0f2c-491b-8ae3-0f8b962efc3e.png,,
259,KOREAN,김가네김밥,김가네김밥,4000.0,서울특별시 동대문구 서울시립대로16길 97-2 (전농동),동대문구,37.5778233947261,127.055757608642,https://eatssu-bucket.s3.ap-northeast-2.amazonaws.com/goodPriceStoreImg/c63ec6d8-1bd1-49c0-971d-0381dbaaf5fb.png,,
260,KOREAN,김밥에빠지다,야채김밥,3000.0,서울특별시 동대문구 전농로 237 (전농동) 1층,동대문구,37.5850319735606,127.052212238185,https://eatssu-bucket.s3.ap-northeast-2.amazonaws.com/goodPriceStoreImg/75bb574d-76a7-47eb-8eb5-658d7c619032.jpg,,
261,ETC,까페뜨랑,아메리카노,2500.0,서울특별시 동대문구 제기로 130 (청량리동),동대문구,37.5864273533873,127.047490117497,https://eatssu-bucket.s3.ap-northeast-2.amazonaws.com/goodPriceStoreImg/a252013d-5300-433f-93e2-0781053fcc59.jpg,,
262,KOREAN,낙원떡방앗간,인절미(400g),3000.0,서울특별시 동대문구 회기로25길 11 (회기동),동대문구,37.5909701503054,127.054979127858,https://eatssu-bucket.s3.ap-northeast-2.amazonaws.com/goodPriceStoreImg/63d8010f-a09f-4a87-b66c-e4808546ee4d.png,,
263,ETC,난망베이킹스튜디오,대만카스테라,3500.0,서울특별시 동대문구 사가정로 41-1 (답십리동) 3층,동대문구,37.5729802022403,127.051565941955,https://eatssu-bucket.s3.ap-northeast-2.amazonaws.com/goodPriceStoreImg/7bfbd435-d1f2-404a-930c-6ed759f76d8e.png,,
264,KOREAN,놀부만두,수제고기통만두(10개),7000.0,서울특별시 동대문구 망우로16길 15 (휘경동),동대문구,37.5893525413018,127.061487903115,https://eatssu-bucket.s3.ap-northeast-2.amazonaws.com/goodPriceStoreImg/daa30083-97d5-4386-92d0-8fe835c61919.jpg,https://eatssu-bucket.s3.ap-northeast-2.amazonaws.com/goodPriceStoreImg/5278ebd3-7655-44a8-9b7f-8550f8665867.jpg,https://eatssu-bucket.s3.ap-northeast-2.amazonaws.com/goodPriceStoreImg/bf6bb57e-c981-443c-9fa8-89bb24320db1.jpg
265,KOREAN,다옴감자탕양평해장국,뼈해장국,9000.0,서울특별시 동대문구 전농로 91 (답십리동),동대문구,37.5733020510431,127.057022081587,https://eatssu-bucket.s3.ap-northeast-2.amazonaws.com/goodPriceStoreImg/873ceddb-f44f-44e9-b080-bdef12e17e5a.jpg,,
266,CHINESE,대광반점,짜장면,5000.0,서울특별시 동대문구 전농로 19-1 (답십리동) 1층,동대문구,37.5668622524802,127.056133832753,https://eatssu-bucket.s3.ap-northeast-2.amazonaws.com/goodPriceStoreImg/87b8d875-31dd-49aa-aa8b-9faa64e2b183.jpg,,
267,KOREAN,도읍지,순두부찌개백반,8000.0,서울특별시 동대문구 회기로21길 38-1 (회기동),동대문구,37.5930706847977,127.053094369606,https://eatssu-bucket.s3.ap-northeast-2.amazonaws.com/goodPriceStoreImg/95339c29-d6b6-4167-a4f7-9611f8d124e3.jpg,,
268,WESTERN,돈태자,돈까스,10000.0,서울특별시 동대문구 한천로24길 10 (장안동) 1층,동대문구,37.5705286015565,127.065702112405,https://eatssu-bucket.s3.ap-northeast-2.amazonaws.com/goodPriceStoreImg/12280d65-49c0-4ff1-ac1d-5a9687ce1189.png,,
269,ETC,디디카페,아메리카노,1900.0,서울특별시 동대문구 회기로21가길 10 (회기동) 1층 101호,동대문구,37.5919819636381,127.053609579093,https://eatssu-bucket.s3.ap-northeast-2.amazonaws.com/goodPriceStoreImg/22116cd5-cc82-4224-91eb-cfe385aba43d.jpg,,
270,WESTERN,따께리아 라 비다(Taqueria La Vida),타코(3p),9000.0,서울특별시 동대문구 경희대로1길 27 (회기동) 1층,동대문구,37.591757399893,127.050631739972,https://eatssu-bucket.s3.ap-northeast-2.amazonaws.com/goodPriceStoreImg/585bb7e7-cb8f-4fd4-a20e-855d35cbbf47.jpg,,
271,KOREAN,따뜻한밥상 외대점,김치찌개,3000.0,서울특별시 동대문구 이문로 58 (휘경동) 오스카빌딩 2층,동대문구,37.5923757925664,127.057798324522,https://eatssu-bucket.s3.ap-northeast-2.amazonaws.com/goodPriceStoreImg/bf8f06fb-a9cc-4bd7-8d3b-c59bcaff7d79.png,,
272,KOREAN,마루한,육회비빔밥,9000.0,서울특별시 동대문구 서울시립대로27길 3 (전농동) 1층,동대문구,37.582828330243,127.052806774985,https://eatssu-bucket.s3.ap-northeast-2.amazonaws.com/goodPriceStoreImg/543bc4fd-22c2-4adc-a8ad-5fc6f1abca07.jpg,,
273,KOREAN,명물식당,백반,7000.0,서울특별시 동대문구 답십리로51길 8-4 (답십리동),동대문구,37.5732545383074,127.05873782209,https://eatssu-bucket.s3.ap-northeast-2.amazonaws.com/goodPriceStoreImg/e0de2302-44c0-450c-a805-17bc6c73fc93.jpg,,
274,KOREAN,명성식당,백반,7000.0,서울특별시 동대문구 무학로 142-2 (용두동) 1층,동대문구,37.5769812836617,127.030806279787,https://eatssu-bucket.s3.ap-northeast-2.amazonaws.com/goodPriceStoreImg/bd7efd5c-d307-4af5-9412-e1107f819e12.jpg,,
275,KOREAN,밥이야기,특정식(10찬),7000.0,서울특별시 동대문구 한천로33길 21 (답십리동) 1층,동대문구,37.576427007926,127.06690647597,https://eatssu-bucket.s3.ap-northeast-2.amazonaws.com/goodPriceStoreImg/a2905ee5-13ab-4e54-bfec-4fac3b7d737b.jpg,,
276,ETC,배트콩,아메리카노,3000.0,서울특별시 동대문구 경희대로4길 52 (회기동) 1층,동대문구,37.5915419343972,127.055141124803,https://eatssu-bucket.s3.ap-northeast-2.amazonaws.com/goodPriceStoreImg/79d60f46-0ee5-4752-b11f-39cc3a2b8504.png,,
277,KOREAN,버드나무순대국,순대국밥,9000.0,서울특별시 동대문구 휘경로2길 42 (이문동) 1층,동대문구,37.5943931905466,127.059990363605,https://eatssu-bucket.s3.ap-northeast-2.amazonaws.com/goodPriceStoreImg/eafeaf66-3e02-450c-880e-369fab7680c0.png,,
278,KOREAN,불꽃냉면칼국수,장칼국수,9000.0,서울특별시 동대문구 경희대로3길 13 (회기동) 2층,동대문구,37.5926598392702,127.051657872528,https://eatssu-bucket.s3.ap-northeast-2.amazonaws.com/goodPriceStoreImg/392692ea-2a6d-4add-a879-c2be4b5a0693.jpg,,
279,JAPANESE,비나레스토랑,커리,9000.0,서울특별시 동대문구 안암로24길 4 (제기동) 1층,동대문구,37.5884310249523,127.035287620012,https://eatssu-bucket.s3.ap-northeast-2.amazonaws.com/goodPriceStoreImg/7b400a30-f746-43e6-9706-605aab8a3ea3.png,,
280,KOREAN,비에르 에 프리트,소세지볶음,10000.0,서울특별시 동대문구 제기로5길 40 (제기동),동대문구,37.5880323854649,127.035422393241,https://eatssu-bucket.s3.ap-northeast-2.amazonaws.com/goodPriceStoreImg/ddc0072a-eade-4371-afde-18ce8cd9ff2e.png,,
281,ETC,빵이가,꽈배기(1개),800.0,서울특별시 동대문구 이문로 42 (휘경동) 1층,동대문구,37.5910713369851,127.056869644735,https://eatssu-bucket.s3.ap-northeast-2.amazonaws.com/goodPriceStoreImg/91ea7cdf-5356-4238-8d43-c761d230f8a4.png,,
282,KOREAN,사나이뚝배기,된장뚝배기,6300.0,서울특별시 동대문구 경희대로4길 5 (회기동) 1층,동대문구,37.5925789236514,127.052893264244,https://eatssu-bucket.s3.ap-northeast-2.amazonaws.com/goodPriceStoreImg/65c45cdb-ede4-469a-94b5-7069e6dfbc82.jpg,,
283,KOREAN,삼보닭꼬치,파닭꼬치,3500.0,서울특별시 동대문구 한천로 186 (장안동),동대문구,37.5774874101017,127.068284018089,https://eatssu-bucket.s3.ap-northeast-2.amazonaws.com/goodPriceStoreImg/39b78a0a-de13-4060-8bfd-c22789884496.png,,
284,ETC,서울쉬퐁,아메리카노,2500.0,서울특별시 동대문구 한천로63길 17 (이문동) 1층,동대문구,37.6039449644645,127.066527842097,https://eatssu-bucket.s3.ap-northeast-2.amazonaws.com/goodPriceStoreImg/08d8b24e-5a86-412c-8420-8d803f15006d.jpg,,
286,KOREAN,선이네순대국,순대국,9000.0,서울특별시 동대문구 이문로28길 16 (이문동),동대문구,37.5954973335287,127.060562855075,https://eatssu-bucket.s3.ap-northeast-2.amazonaws.com/goodPriceStoreImg/aadced4a-cf3d-495f-8205-915499931dd0.jpg,,
287,KOREAN,세진식당,백반,6000.0,서울특별시 동대문구 서울시립대로 61-4 (전농동),동대문구,37.576828323232,127.047775298893,https://eatssu-bucket.s3.ap-northeast-2.amazonaws.com/goodPriceStoreImg/fec62844-8350-4a0e-b864-85dc914f2fd5.png,,
288,KOREAN,솔낭구,돼지한판(1kg),66000.0,서울특별시 동대문구 회기로13길 11 (회기동) 1층,동대문구,37.5920770917479,127.050795119244,https://eatssu-bucket.s3.ap-northeast-2.amazonaws.com/goodPriceStoreImg/888374cf-14a0-4b94-a2c3-def01f75998a.jpg,,
289,KOREAN,수빈마마,된장찌개,9000.0,서울특별시 동대문구 사가정로 221 (장안동) 103호,동대문구,37.5789191658125,127.069695228668,https://eatssu-bucket.s3.ap-northeast-2.amazonaws.com/goodPriceStoreImg/0b117916-066c-42bd-bab5-6ce50f7c07c9.png,,
290,ETC,시루앤도마,호두강정,3000.0,"서울특별시 동대문구 제기로 131 (청량리동, 한신아파트) 121동 1층 6호",동대문구,37.5880281566858,127.049226158581,https://eatssu-bucket.s3.ap-northeast-2.amazonaws.com/goodPriceStoreImg/586c89a6-e2c1-448b-aabe-a9e30bfb47d2.jpg,,
291,CHINESE,신라방마라탕 장안동맛집,마라탕,7000.0,서울특별시 동대문구 천호대로79길 66 (장안동),동대문구,37.5650430235262,127.064479053461,https://eatssu-bucket.s3.ap-northeast-2.amazonaws.com/goodPriceStoreImg/2683ca0b-aafd-4f77-b70a-a9430da5bda6.png,,
292,KOREAN,신설동뚝배기,김치찌개,8000.0,서울특별시 동대문구 한빛로 18 (신설동),동대문구,37.5772842467757,127.025292007791,https://eatssu-bucket.s3.ap-northeast-2.amazonaws.com/goodPriceStoreImg/ed9a7bf2-42b2-4f15-b639-c8622d125d09.jpg,,
293,KOREAN,신설보쌈앤칼국수,보쌈정식,10000.0,서울특별시 동대문구 하정로3길 10 (신설동) 1층,동대문구,37.5755942823163,127.025980168367,https://eatssu-bucket.s3.ap-northeast-2.amazonaws.com/goodPriceStoreImg/27e7dcfb-074b-4c62-b3c3-ab102d912526.png,,
294,ETC,싸가지,아메리카노,2000.0,서울특별시 동대문구 망우로18다길 41 (휘경동) 1층,동대문구,37.5855030198208,127.061025860691,https://eatssu-bucket.s3.ap-northeast-2.amazonaws.com/goodPriceStoreImg/64ae7666-6a95-4002-a3bd-d31194295ada.jpg,,
295,WESTERN,아리랑동가스,마늘돈까스,6500.0,서울특별시 동대문구 이문로28길 13 (이문동),동대문구,37.5956193826959,127.06063134742,https://eatssu-bucket.s3.ap-northeast-2.amazonaws.com/goodPriceStoreImg/f6df9df0-12a6-4760-a344-376e8e826b97.jpg,,
296,KOREAN,영수네고기세상,생삼겹살(170g),12000.0,서울특별시 동대문구 신이문로 34-1 (이문동) 1층,동대문구,37.6028753142263,127.065875956428,https://eatssu-bucket.s3.ap-northeast-2.amazonaws.com/goodPriceStoreImg/9b8dd569-5c07-4143-9e54-7400bc6a43a1.png,,
297,KOREAN,영칼국수,칼국수,7000.0,서울특별시 동대문구 답십리로51길 10 (답십리동),동대문구,37.5734273579937,127.058719958936,https://eatssu-bucket.s3.ap-northeast-2.amazonaws.com/goodPriceStoreImg/a8a738e3-491b-4c01-b26d-d4119d491a09.jpg,,
298,KOREAN,옛고을닭한마리,백반,7000.0,서울특별시 동대문구 사가정로 7 (답십리동) 1층,동대문구,37.5706008629445,127.049007876884,https://eatssu-bucket.s3.ap-northeast-2.amazonaws.com/goodPriceStoreImg/ee8d6085-1053-4c99-a642-8a3f4f514506.png,,
299,KOREAN,오뚜기부대찌개,부대찌개,9000.0,서울특별시 동대문구 휘경로 6-5 (이문동) 1층,동대문구,37.5959003956359,127.060818638956,https://eatssu-bucket.s3.ap-northeast-2.amazonaws.com/goodPriceStoreImg/156156fa-9baa-4cab-a171-e5fdaead2b9f.png,,
300,KOREAN,오뚝식당,된장찌개,9000.0,서울특별시 동대문구 회기로21길 8-18 (회기동),동대문구,37.5913549488338,127.053839321242,https://eatssu-bucket.s3.ap-northeast-2.amazonaws.com/goodPriceStoreImg/fe507b21-09f8-4c8c-b4e0-b57c7db4323e.png,,
301,KOREAN,오케이식당,칼국수,6000.0,서울특별시 동대문구 장한로18길 36 (장안동),동대문구,37.5675264679054,127.071021744961,https://eatssu-bucket.s3.ap-northeast-2.amazonaws.com/goodPriceStoreImg/0a3bf45b-9e00-469e-9f8f-76dd087b1416.jpg,,
302,KOREAN,용두동홍가네,한식뷔페,7000.0,서울특별시 동대문구 무학로 116 (용두동),동대문구,37.5744824475741,127.03087486972,https://eatssu-bucket.s3.ap-northeast-2.amazonaws.com/goodPriceStoreImg/bc8e9ae8-a119-4ee4-b26c-31da1084f8b1.jpg,,
303,KOREAN,우담,양파보쌈정식,8400.0,서울특별시 동대문구 경희대로1가길 39 (회기동),동대문구,37.5931507326913,127.052197075409,https://eatssu-bucket.s3.ap-northeast-2.amazonaws.com/goodPriceStoreImg/4afabfca-121f-4c49-a812-b9dfed434c4b.png,,
304,KOREAN,우리한식부페식당,한식뷔페(점심),7000.0,서울특별시 동대문구 장한로5길 41 (장안동) 1층,동대문구,37.565017443888,127.064132337131,https://eatssu-bucket.s3.ap-northeast-2.amazonaws.com/goodPriceStoreImg/8acf7b41-c706-4d3c-aa55-3e7d2f96bcf9.png,,
305,ETC,원더월커피로스터스,텀블러(to go) 아메리카노,1500.0,서울특별시 동대문구 답십리로 80 (답십리동),동대문구,37.5747324363678,127.049509015035,https://eatssu-bucket.s3.ap-northeast-2.amazonaws.com/goodPriceStoreImg/61a1002d-f253-4891-b642-91866a0cea79.png,,
306,KOREAN,이도감식당,김치찌개,8000.0,서울특별시 동대문구 망우로20가길 3 (휘경동) 1층,동대문구,37.589966352171,127.063259482741,https://eatssu-bucket.s3.ap-northeast-2.amazonaws.com/goodPriceStoreImg/59e5aa78-2353-4916-bd77-a21a3edc7edd.png,,
307,KOREAN,이문동그집 회기역직영점,한우차돌(130g),17000.0,서울특별시 동대문구 회기로28길 14 (휘경동) 1층,동대문구,37.5891762137007,127.056255998479,https://eatssu-bucket.s3.ap-northeast-2.amazonaws.com/goodPriceStoreImg/78ccc44d-dc59-41ff-83d8-8e804f75d3bb.jpg,,
308,ETC,이문동커피집 크럼블로스터스,아메리카노,2300.0,서울특별시 동대문구 이문로25길 39 (이문동) 1층,동대문구,37.5954715513459,127.057343593494,https://eatssu-bucket.s3.ap-northeast-2.amazonaws.com/goodPriceStoreImg/77b02576-1d26-4b81-997e-571e732dc306.jpg,,
309,ETC,인더베이글(InTheBagel),훈제연어 샌드,8500.0,서울특별시 동대문구 회기로13길 19 (회기동) 1층,동대문구,37.5923059991065,127.050875667513,https://eatssu-bucket.s3.ap-northeast-2.amazonaws.com/goodPriceStoreImg/6db76cf9-0d30-4142-9b26-cdc99466a44e.jpg,,
310,KOREAN,일심해장국 본점,해장국,7000.0,서울특별시 동대문구 장한로 179 (장안동) 1층,동대문구,37.5764749815622,127.071746605254,https://eatssu-bucket.s3.ap-northeast-2.amazonaws.com/goodPriceStoreImg/884673ad-3d5c-448d-81a2-3eac39de2860.jpg,,
311,JAPANESE,잇츠소유,소유돈카츠,12000.0,서울특별시 동대문구 회기로19길 18 (회기동) 2층,동대문구,37.5923358610789,127.053038252032,https://eatssu-bucket.s3.ap-northeast-2.amazonaws.com/goodPriceStoreImg/73187720-e710-4582-8e85-84e16241f99d.jpg,,
312,KOREAN,자매분식,오징어볶음,11000.0,서울특별시 동대문구 경희대로1가길 15 (회기동),동대문구,37.5925419262177,127.051390116494,https://eatssu-bucket.s3.ap-northeast-2.amazonaws.com/goodPriceStoreImg/33adadc3-329e-4d94-ad90-29b8cddc1202.png,,
313,KOREAN,장안골,뚝배기불고기,7000.0,서울특별시 동대문구 답십리로65길 124-3 (장안동) 1층,동대문구,37.5781820887267,127.070410467383,https://eatssu-bucket.s3.ap-northeast-2.amazonaws.com/goodPriceStoreImg/3785d50b-5c7e-4dcb-823c-84aaff1a6522.jpg,,
314,KOREAN,장진주,콩나물비빔밥,9000.0,서울특별시 동대문구 약령동길 97 (제기동) 1층,동대문구,37.5826867555773,127.037867559412,https://eatssu-bucket.s3.ap-northeast-2.amazonaws.com/goodPriceStoreImg/7efe509e-387b-4bf2-a840-e5eeba2e45e5.jpg,,
315,KOREAN,재민식당,백반,8000.0,서울특별시 동대문구 무학로27길 11 (용두동) 1층,동대문구,37.5744873949797,127.029855373086,https://eatssu-bucket.s3.ap-northeast-2.amazonaws.com/goodPriceStoreImg/b149e4ff-608c-45b5-a604-91fa0288445e.png,,
316,KOREAN,전주곰탕,소머리국밥,10000.0,서울특별시 동대문구 답십리로51길 15-12 (답십리동) 12호,동대문구,37.5733608421755,127.058219447537,https://eatssu-bucket.s3.ap-northeast-2.amazonaws.com/goodPriceStoreImg/3a602c50-116e-4856-a4ca-772de3cedfb4.jpg,https://eatssu-bucket.s3.ap-northeast-2.amazonaws.com/goodPriceStoreImg/4c877224-5f51-4cf3-97dd-98bf2673b876.jpg,
317,KOREAN,정성서울국수집,멸치국수,5000.0,서울특별시 동대문구 이문로 166 (이문동) 캠퍼스빌 101호,동대문구,37.6013152280643,127.062263947843,https://eatssu-bucket.s3.ap-northeast-2.amazonaws.com/goodPriceStoreImg/084e1001-239c-4924-b314-3e3387512549.jpg,,
318,KOREAN,제일정육식당,목살(600g),20000.0,서울특별시 동대문구 장한로10길 45 (장안동) 지하1층,동대문구,37.564599959278,127.069786244986,https://eatssu-bucket.s3.ap-northeast-2.amazonaws.com/goodPriceStoreImg/070b0a77-bf0d-42c6-a9cf-10008ed80e93.jpg,https://eatssu-bucket.s3.ap-northeast-2.amazonaws.com/goodPriceStoreImg/99bbd197-3296-4399-865b-436c09da6cc3.jpg,
319,KOREAN,제주흑돼지알토란쌈밥,백반,7000.0,서울특별시 동대문구 한천로14길 69 (장안동) 1층,동대문구,37.5666033159951,127.066522010262,https://eatssu-bucket.s3.ap-northeast-2.amazonaws.com/goodPriceStoreImg/a97057f4-95b4-4787-a729-8a4ce293a362.png,,
320,KOREAN,준이네밥집,제육볶음,8500.0,서울특별시 동대문구 천장산로7길 16 (이문동) 지하1층,동대문구,37.5985014902704,127.056980384807,https://eatssu-bucket.s3.ap-northeast-2.amazonaws.com/goodPriceStoreImg/2ded9825-3d19-48e8-84f2-91ae253f567c.png,,
321,WESTERN,지노돈까스,돈까스,8500.0,서울특별시 동대문구 제기로38길 40 (청량리동) 1층,동대문구,37.5844887637521,127.04949600224,https://eatssu-bucket.s3.ap-northeast-2.amazonaws.com/goodPriceStoreImg/25b75b45-b5b1-47b0-b1aa-7ec73e4dbd3b.jpg,,
322,KOREAN,청량리할머니냉면,냉면,8000.0,서울특별시 동대문구 왕산로37길 51 (제기동),동대문구,37.5822715535487,127.043676583037,https://eatssu-bucket.s3.ap-northeast-2.amazonaws.com/goodPriceStoreImg/ed496bfc-c5ce-4835-bb5c-23dcb4a40875.png,,
323,KOREAN,청정생고기집,삼겹살(수입산 150g),8000.0,서울특별시 동대문구 서울시립대로 121 (전농동),동대문구,37.5814103006045,127.051689610036,https://eatssu-bucket.s3.ap-northeast-2.amazonaws.com/goodPriceStoreImg/d0c1c0f1-c4db-40e1-99e5-0fe083fa3093.jpg,,
324,KOREAN,충북식당,청국장보리밥,8000.0,서울특별시 동대문구 고산자로38길 27 (제기동),동대문구,37.5801884862893,127.040034393951,https://eatssu-bucket.s3.ap-northeast-2.amazonaws.com/goodPriceStoreImg/893cb844-96bd-46cb-9ad7-debd975a2ab2.png,,
325,KOREAN,충청도식당,정식백반,6000.0,서울특별시 동대문구 경동시장로12길 26 (제기동),동대문구,37.5820824024783,127.042028874178,https://eatssu-bucket.s3.ap-northeast-2.amazonaws.com/goodPriceStoreImg/fef86caf-8d39-475f-9c8f-253b6a7ba5ac.jpg,,
326,CHINESE,친친,짜장면,6000.0,"서울특별시 동대문구 정릉천동로 58 (용두동, 롯데캐슬피렌체)",동대문구,37.5771867895785,127.036238453059,https://eatssu-bucket.s3.ap-northeast-2.amazonaws.com/goodPriceStoreImg/a9960180-3443-42a4-9353-fbb5ad396eb3.jpg,,
327,KOREAN,칼리앤메리,제육비빔밥,8000.0,서울특별시 동대문구 서울시립대로 160 (전농동) 영광빌딩 105호,동대문구,37.5834168787586,127.05454674953,https://eatssu-bucket.s3.ap-northeast-2.amazonaws.com/goodPriceStoreImg/18d639a2-b876-4065-b893-2f31bb97b16c.png,,
328,KOREAN,큰손갈비,-,,서울특별시 동대문구 서울시립대로 49-3 (전농동) 1층 큰손숯불갈비,동대문구,37.5758625050318,127.047208660657,https://eatssu-bucket.s3.ap-northeast-2.amazonaws.com/goodPriceStoreImg/edae1a9d-64a1-4fe7-9a4c-00f871b56ce1.png,,
329,KOREAN,푸드김밥,김밥,2500.0,서울특별시 동대문구 왕산로9길 6 (용두동),동대문구,37.5773517646862,127.027940949514,https://eatssu-bucket.s3.ap-northeast-2.amazonaws.com/goodPriceStoreImg/90a3d56d-62cd-4a07-b565-d1d8a7125f41.jpg,,
330,KOREAN,푸른하늘,물냉면,6500.0,서울특별시 동대문구 경희대로6길 3-4 (회기동),동대문구,37.5935462368517,127.053075231731,https://eatssu-bucket.s3.ap-northeast-2.amazonaws.com/goodPriceStoreImg/7aeca338-ea05-46d3-9c2f-6ca855b12215.jpg,,
331,KOREAN,할머니보쌈,보쌈정식,11000.0,서울특별시 동대문구 회기로21길 26 (회기동) 1층,동대문구,37.5926289649356,127.053413023652,https://eatssu-bucket.s3.ap-northeast-2.amazonaws.com/goodPriceStoreImg/e8326870-5c98-4bec-9c8e-b9be5d1363e8.jpg,,
332,KOREAN,행복한연탄구이,라면,4000.0,서울특별시 동대문구 답십리로 145-1 (답십리동),동대문구,37.5730721819771,127.05632402826,https://eatssu-bucket.s3.ap-northeast-2.amazonaws.com/goodPriceStoreImg/faaab496-7cac-483d-b1d7-28f6813d028f.png,,
333,KOREAN,형제집칼국수,칼국수,7000.0,서울특별시 동대문구 사가정로25길 46 (장안동),동대문구,37.58079543406,127.070990760876,https://eatssu-bucket.s3.ap-northeast-2.amazonaws.com/goodPriceStoreImg/28442f4d-3ead-40ac-8e73-12afb41817c8.jpg,,
334,KOREAN,호미,참치김치찌개,7000.0,서울특별시 동대문구 안암로20길 7-15 (제기동) 지하1층,동대문구,37.5880286866125,127.034832954289,https://eatssu-bucket.s3.ap-northeast-2.amazonaws.com/goodPriceStoreImg/26299b11-a618-4784-bb0e-dd31986c6093.png,,
335,KOREAN,홍두깨손칼국수(청량리),손칼국수,4000.0,서울특별시 동대문구 왕산로 185 (청량리동) 1층,동대문구,37.5800963307551,127.043795202414,https://eatssu-bucket.s3.ap-northeast-2.amazonaws.com/goodPriceStoreImg/b8c0a23a-b29f-4de5-a984-7a23332338dc.jpg,,
336,KOREAN,홍두깨칼국수(답십리동),손칼국수,5000.0,서울특별시 동대문구 전농로 99 (답십리동) 1층,동대문구,37.5738999228993,127.05726659937,https://eatssu-bucket.s3.ap-northeast-2.amazonaws.com/goodPriceStoreImg/37a6adc5-495e-4141-abf8-92ff50c2faef.jpg,,
337,KOREAN,홍두깨칼국수(제기동),칼국수,4000.0,서울특별시 동대문구 왕산로 165 (제기동),동대문구,37.579366432265,127.041561603405,https://eatssu-bucket.s3.ap-northeast-2.amazonaws.com/goodPriceStoreImg/60be2d2e-da14-4bfa-9743-f5d197cdff05.jpg,,
338,KOREAN,휘경곱창,야채곱창,10000.0,서울특별시 동대문구 휘경로14길 15-1 (휘경동) 1층,동대문구,37.5945277807102,127.063302409055,https://eatssu-bucket.s3.ap-northeast-2.amazonaws.com/goodPriceStoreImg/bc5cb45a-f442-45b7-a003-b805fcaf1a2c.jpg,,
339,KOREAN,휘경할매순대국,순대국,9000.0,서울특별시 동대문구 망우로 76 (휘경동),동대문구,37.5897492517301,127.061653878029,https://eatssu-bucket.s3.ap-northeast-2.amazonaws.com/goodPriceStoreImg/9c70e3d9-e3ec-4a66-a548-69eaf1f09d27.jpg,,
340,KOREAN,곰배령칼국수,칼국수,6000.0,서울특별시 중랑구 용마산로117길 54 (신내동) 1층,중랑구,37.6000083972237,127.097465571456,https://eatssu-bucket.s3.ap-northeast-2.amazonaws.com/goodPriceStoreImg/8c87c44f-63e4-4c95-a377-1522d952aa20.jpg,,
341,KOREAN,광양불고기,삼겹살(150g),10500.0,서울특별시 중랑구 망우로71길 31,중랑구,37.6017726663241,127.102003046846,https://eatssu-bucket.s3.ap-northeast-2.amazonaws.com/goodPriceStoreImg/ac619f48-4a59-4614-9610-40cc21237825.jpg,https://eatssu-bucket.s3.ap-northeast-2.amazonaws.com/goodPriceStoreImg/8ecbb35d-9126-4e39-abc7-91ebe68b3890.jpg,https://eatssu-bucket.s3.ap-northeast-2.amazonaws.com/goodPriceStoreImg/9cf44671-420d-4ec2-a94a-c486e57b95a8.jpg
342,ETC,늘봄카페&수제샌드위치,커피,2800.0,"서울특별시 중랑구 용마산로 670 (망우동, 신내역 프라디움 더 테라스) 1층 A120호",중랑구,37.6119441454331,127.102489000658,https://eatssu-bucket.s3.ap-northeast-2.amazonaws.com/goodPriceStoreImg/004df4df-e660-4a83-9ee8-42207972e646.jpg,,
343,ETC,담다,아메리카노,2500.0,서울특별시 중랑구 봉화산로4길 62 (중화동) 1층,중랑구,37.5991534504971,127.075161711419,https://eatssu-bucket.s3.ap-northeast-2.amazonaws.com/goodPriceStoreImg/25078a54-a639-4190-8249-863ab1d1d1aa.jpg,,
344,KOREAN,대성식당,김치찌개,7000.0,서울특별시 중랑구 면목로33길 14 (면목동) 1층,중랑구,37.5768149700489,127.085107576977,https://eatssu-bucket.s3.ap-northeast-2.amazonaws.com/goodPriceStoreImg/1408128e-6012-4be9-845a-f2297bb28f53.jpg,,
345,CHINESE,대흥각,자장면,5000.0,서울특별시 중랑구 동일로139길 7 (중화동) 1층,중랑구,37.6033649457218,127.078490281355,https://eatssu-bucket.s3.ap-northeast-2.amazonaws.com/goodPriceStoreImg/83094382-27c5-4464-aafe-c77d5bf1d910.jpg,,
346,CHINESE,동춘원,자장면,5000.0,서울특별시 중랑구 망우로66길 57 (망우동) 1층,중랑구,37.5969530405907,127.099632096546,https://eatssu-bucket.s3.ap-northeast-2.amazonaws.com/goodPriceStoreImg/b7927a68-5821-407e-908d-da8400bc4a93.jpg,,
347,KOREAN,뜨끈시원 국밥 엔 밀면,콩나물국밥,5000.0,서울특별시 중랑구 상봉로 45 (면목동) 1층,중랑구,37.5899437517151,127.093382213962,https://eatssu-bucket.s3.ap-northeast-2.amazonaws.com/goodPriceStoreImg/ba3739ec-0eda-47e8-8532-c6f9b4016f67.jpeg,,
348,ETC,마션,커피,2000.0,서울특별시 중랑구 봉화산로56길 69,중랑구,37.6056953618392,127.098111378036,https://eatssu-bucket.s3.ap-northeast-2.amazonaws.com/goodPriceStoreImg/ee4a48e7-f0c8-4d5f-a0f6-9d2050dea056.png,,
349,KOREAN,먹골김밥,김밥,3000.0,서울특별시 중랑구 공릉로 60 (묵동) 1층,중랑구,37.6159098167398,127.0793750393,https://eatssu-bucket.s3.ap-northeast-2.amazonaws.com/goodPriceStoreImg/25e1d4bd-7209-4a9d-a7f1-bed6d4a92116.jpg,,
350,KOREAN,미례김밥,김밥,3000.0,서울특별시 중랑구 상봉로 7 (면목동) 1층,중랑구,37.5864359367373,127.09437858522,https://eatssu-bucket.s3.ap-northeast-2.amazonaws.com/goodPriceStoreImg/fb55bde9-d2de-403f-b004-655d68daf39a.jpg,,
351,KOREAN,박리김밥,김밥,3000.0,서울특별시 중랑구 공릉로2길 22 1층,중랑구,37.6119559660238,127.079036383266,https://eatssu-bucket.s3.ap-northeast-2.amazonaws.com/goodPriceStoreImg/28749f63-f144-42d6-b1ba-21de814cfb96.png,,
352,ETC,베이글옆케이크,컵케이크,5000.0,"서울특별시 중랑구 면목로21길 26 (면목동, 현대주택) 102호",중랑구,37.57265309281,127.082446617697,https://eatssu-bucket.s3.ap-northeast-2.amazonaws.com/goodPriceStoreImg/333b365b-d911-40ce-a336-fd668fe05847.jpg,,
353,ETC,복희커피 인테리어공방,커피,2500.0,서울특별시 중랑구 상봉로1길 14 (면목동) 1층,중랑구,37.5862449494018,127.093897725485,https://eatssu-bucket.s3.ap-northeast-2.amazonaws.com/goodPriceStoreImg/9383da78-6b9d-47bf-8ff9-dbe0a8e3ed37.jpg,,
354,KOREAN,사가정손두부,김치찌개,7000.0,서울특별시 중랑구 면목로44길 62 (면목동) 1층,중랑구,37.5809076094499,127.092000044516,https://eatssu-bucket.s3.ap-northeast-2.amazonaws.com/goodPriceStoreImg/8f63f190-4615-45ea-b3f9-580d2d38e795.jpg,,
355,ETC,사가커피,커피,2000.0,서울특별시 중랑구 면목로44길 37 (면목동) 1층,중랑구,37.5810804660715,127.090659486184,https://eatssu-bucket.s3.ap-northeast-2.amazonaws.com/goodPriceStoreImg/472f63dc-9893-43ea-bffd-3a45b5776a54.jpg,,
356,KOREAN,사계,삼겹살(200g),14000.0,"서울특별시 중랑구 신내로14길 21 (신내동, 동성7차아파트) 상가동 115호",중랑구,37.6061237684817,127.097147956287,https://eatssu-bucket.s3.ap-northeast-2.amazonaws.com/goodPriceStoreImg/60a2be21-488b-4d36-936c-877f60edc2b6.jpg,,
357,CHINESE,상하이,자장면,4000.0,서울특별시 중랑구 면목로 223 (면목동) 1층,중랑구,37.5731843162285,127.084111358922,https://eatssu-bucket.s3.ap-northeast-2.amazonaws.com/goodPriceStoreImg/2e4d7f63-cc94-4d9b-aa77-03d423015dbe.jpeg,,
358,KOREAN,성이네천원김밥,김밥,2000.0,"서울특별시 중랑구 중랑역로 150 (묵동, 우성아파트) 1층",중랑구,37.6067737700947,127.077369280232,https://eatssu-bucket.s3.ap-northeast-2.amazonaws.com/goodPriceStoreImg/a2e089c5-e564-4c0c-8c03-1d4e3a19d80a.jpg,,
359,KOREAN,성창식당,김치찌개,7000.0,서울특별시 중랑구 면목로 421 (면목동) 1층,중랑구,37.5896465780784,127.087051201678,https://eatssu-bucket.s3.ap-northeast-2.amazonaws.com/goodPriceStoreImg/5cf7d8af-5fa4-48a0-80d4-44b764d56663.jpg,,
360,KOREAN,세븐돈가스,김치찌개,6000.0,서울특별시 중랑구 용마산로 557,중랑구,37.6006970374489,127.100246556563,https://eatssu-bucket.s3.ap-northeast-2.amazonaws.com/goodPriceStoreImg/2f8dbacc-3d38-4dc3-8e27-3d3f300a1ac6.jpg,https://eatssu-bucket.s3.ap-northeast-2.amazonaws.com/goodPriceStoreImg/38d81950-1999-4554-a5ea-52f1fb7eb0b7.jpg,https://eatssu-bucket.s3.ap-northeast-2.amazonaws.com/goodPriceStoreImg/d414a89f-0e80-45bc-89ac-0b833d48bff0.jpg
361,KOREAN,소문난 황칠 순대국 왕족발,순대국밥,8000.0,서울특별시 중랑구 겸재로 217 (면목동) 1층,중랑구,37.5894446318813,127.091735641774,https://eatssu-bucket.s3.ap-northeast-2.amazonaws.com/goodPriceStoreImg/f108bcba-157e-40a8-ae49-b4b2ecd66675.jpeg,,
362,ETC,수리야,커피,1500.0,서울특별시 중랑구 양원역로 19 (망우동) 1층,중랑구,37.6022479074522,127.107914248589,https://eatssu-bucket.s3.ap-northeast-2.amazonaws.com/goodPriceStoreImg/6735d56c-2b8e-47c9-9f8d-b19474c07e6a.jpg,,
363,ETC,스텔라커피,커피,2000.0,서울특별시 중랑구 신내로7가길 13 1층,중랑구,37.6023913424372,127.095139356268,https://eatssu-bucket.s3.ap-northeast-2.amazonaws.com/goodPriceStoreImg/206f044a-26b5-49fd-ae2a-5f06c5cd6baa.jpg,,
364,KOREAN,신성식당,김치찌개,7000.0,서울특별시 중랑구 겸재로 202 (면목동) 1층,중랑구,37.588766536469,127.090109369347,https://eatssu-bucket.s3.ap-northeast-2.amazonaws.com/goodPriceStoreImg/7234798b-bbb3-493a-b072-3aa12ed410e9.jpg,,
365,ETC,아르카디아커피컴퍼니,커피,2000.0,서울특별시 중랑구 면목로88길 5-9,중랑구,37.5944534334494,127.086350457246,https://eatssu-bucket.s3.ap-northeast-2.amazonaws.com/goodPriceStoreImg/40c5e588-110c-40b5-bcc2-4a9d425ba825.png,,
366,KOREAN,안대복원조맛집 멸치국수,김밥,3000.0,서울특별시 중랑구 상봉로 33 (면목동) 1층,중랑구,37.5888498755055,127.093700138648,https://eatssu-bucket.s3.ap-northeast-2.amazonaws.com/goodPriceStoreImg/a4aca0b2-c33a-44e3-9cec-c1662f3910a6.jpg,,
367,KOREAN,와우돈까스,돈가스,7000.0,서울특별시 중랑구 공릉로12가길 6 1층,중랑구,37.6163424774824,127.080165526507,https://eatssu-bucket.s3.ap-northeast-2.amazonaws.com/goodPriceStoreImg/2ebeecb5-c70e-4749-9cae-6470ab221715.jpg,https://eatssu-bucket.s3.ap-northeast-2.amazonaws.com/goodPriceStoreImg/ecb0ad07-4d43-4670-bdb2-6a557846a7da.jpg,https://eatssu-bucket.s3.ap-northeast-2.amazonaws.com/goodPriceStoreImg/13615afd-d3cc-4db8-bf5e-ea5281722482.jpg
368,CHINESE,왕짜장,짜장면,4500.0,서울특별시 중랑구 신내로14길 26,중랑구,37.6054986627446,127.097037404944,https://eatssu-bucket.s3.ap-northeast-2.amazonaws.com/goodPriceStoreImg/eedad7f4-0d6b-4802-9bb2-e9687f098a86.jpg,https://eatssu-bucket.s3.ap-northeast-2.amazonaws.com/goodPriceStoreImg/f258914a-a16c-444c-8d29-8157495edf96.jpg,
369,CHINESE,용궁,자장면,5000.0,서울특별시 중랑구 봉우재로5길 16 (면목동) 1층,중랑구,37.5906822753005,127.075669278767,https://eatssu-bucket.s3.ap-northeast-2.amazonaws.com/goodPriceStoreImg/50b21b30-b2fa-4c9c-8cfb-fd88e0416243.jpg,,
370,KOREAN,유미식당,김치찌개,7000.0,서울특별시 중랑구 망우로 276 (상봉동) 1층,중랑구,37.5955032652358,127.083219392463,https://eatssu-bucket.s3.ap-northeast-2.amazonaws.com/goodPriceStoreImg/b8aa9052-ee93-4f82-97fc-a12e5f9b3d0c.jpg,,
371,KOREAN,이가김밥,김치찌개,7000.0,서울특별시 중랑구 망우로 383 (상봉동) 1층,중랑구,37.5988433313352,127.094804633379,https://eatssu-bucket.s3.ap-northeast-2.amazonaws.com/goodPriceStoreImg/492d2985-4544-4082-81d9-81e7cc6801eb.jpg,,
372,KOREAN,정가네홍두깨손칼국수,칼국수,4500.0,서울특별시 중랑구 망우로62길 61,중랑구,37.5966527672409,127.098957490859,https://eatssu-bucket.s3.ap-northeast-2.amazonaws.com/goodPriceStoreImg/054af60c-a845-4cdc-93fa-7ad93fb576fd.jpg,https://eatssu-bucket.s3.ap-northeast-2.amazonaws.com/goodPriceStoreImg/682c7c1f-d1c9-46d0-9906-09cfb2f48a81.jpg,https://eatssu-bucket.s3.ap-northeast-2.amazonaws.com/goodPriceStoreImg/222c1bea-357c-4efd-bd45-6d677726174f.jpg
373,CHINESE,짜앤짬,자장면,4000.0,서울특별시 중랑구 겸재로 130 (면목동) 1층,중랑구,37.586982201393,127.082093998291,https://eatssu-bucket.s3.ap-northeast-2.amazonaws.com/goodPriceStoreImg/cf1980e2-5600-4735-98a7-5fcf75d51d4d.jpg,,
374,CHINESE,짜장나루,자장면,4500.0,서울특별시 중랑구 겸재로 161,중랑구,37.5880809932158,127.085476828026,https://eatssu-bucket.s3.ap-northeast-2.amazonaws.com/goodPriceStoreImg/28060c14-ae3d-44e1-9c59-771028d70637.jpg,,
375,KOREAN,청석골잔치국수,칼국수,6000.0,서울특별시 중랑구 중랑역로 152 (묵동) 1층,중랑구,37.6069531889359,127.076907060916,https://eatssu-bucket.s3.ap-northeast-2.amazonaws.com/goodPriceStoreImg/33d63556-0683-4f4a-b8fd-af1494cf0910.jpeg,,
376,ETC,카페 피울,아메리카노,2000.0,서울특별시 중랑구 용마산로129나길 42 (신내동) 1층,중랑구,37.60569639082,127.099036853499,https://eatssu-bucket.s3.ap-northeast-2.amazonaws.com/goodPriceStoreImg/243599c4-b546-43d1-b317-4df1897b1232.jpg,,
377,ETC,커피나무,커피,2500.0,서울특별시 중랑구 겸재로 263 (망우동) 1층,중랑구,37.590663791828,127.096778327105,https://eatssu-bucket.s3.ap-northeast-2.amazonaws.com/goodPriceStoreImg/39ec5bcb-3cab-448f-afcf-4ff656733103.jpg,,
378,ETC,케익하우스 쥬떼므,단팥빵,500.0,서울특별시 중랑구 망우로32길 49 (면목동) 1층,중랑구,37.5916125153851,127.077389475675,https://eatssu-bucket.s3.ap-northeast-2.amazonaws.com/goodPriceStoreImg/d17e8c00-1955-41d2-8e0e-68526eba149f.jpg,,
379,ETC,코끼리카페,커피,2500.0,"서울특별시 중랑구 봉우재로33길 25 (상봉동, 이레59) 102호",중랑구,37.593888437183,127.087430938906,https://eatssu-bucket.s3.ap-northeast-2.amazonaws.com/goodPriceStoreImg/0fd304e9-ade3-4870-b6b2-d9b04e674537.jpg,,
380,KOREAN,한밀청년밥상,김치찌개,3000.0,서울특별시 중랑구 동일로140길 15 1층,중랑구,37.6043694603432,127.079965365014,https://eatssu-bucket.s3.ap-northeast-2.amazonaws.com/goodPriceStoreImg/616e5c88-6591-472e-acf6-e52887a02f92.png,,
381,KOREAN,한우리,잔치국수,5000.0,서울특별시 중랑구 중랑천로 70 (면목동) 1층,중랑구,37.5914778573283,127.073231269128,https://eatssu-bucket.s3.ap-northeast-2.amazonaws.com/goodPriceStoreImg/6edc773b-acd9-4ed9-a194-60915a0f37e6.jpg,,
382,KOREAN,할매김밥,김치찌개,5000.0,서울특별시 중랑구 동일로163길 17,중랑구,37.611832862996,127.07634160145,https://eatssu-bucket.s3.ap-northeast-2.amazonaws.com/goodPriceStoreImg/d252682a-0604-414d-a6fd-f2f27c7feaae.jpg,https://eatssu-bucket.s3.ap-northeast-2.amazonaws.com/goodPriceStoreImg/0121886e-ad5a-48bd-83fd-b3eda2114e4b.jpg,https://eatssu-bucket.s3.ap-northeast-2.amazonaws.com/goodPriceStoreImg/b3ebf127-9b99-4006-b578-7d41c84fcbaa.jpg
383,KOREAN,행복한 한우돈,삼겹살(200g),10000.0,서울특별시 중랑구 면목로 365 (면목동) 1층,중랑구,37.5847776721023,127.088187445515,https://eatssu-bucket.s3.ap-northeast-2.amazonaws.com/goodPriceStoreImg/74d66605-372b-4de1-99af-2e625f40e0e6.jpg,,
384,KOREAN,현미숯불갈비,김치찌개,7000.0,서울특별시 중랑구 면목로48길 65 (면목동) 1층,중랑구,37.5820722878233,127.092276699985,https://eatssu-bucket.s3.ap-northeast-2.amazonaws.com/goodPriceStoreImg/f4bc7fbb-cc63-4eec-92fb-6c97c79fee18.jpg,,
385,CHINESE,화성각,자장면,4000.0,서울특별시 중랑구 면목로48길 37,중랑구,37.5822743983526,127.090742900839,https://eatssu-bucket.s3.ap-northeast-2.amazonaws.com/goodPriceStoreImg/46235ca4-929c-477e-9436-1340a4b950f9.jpg,https://eatssu-bucket.s3.ap-northeast-2.amazonaws.com/goodPriceStoreImg/947f6432-8e8e-44c7-952d-b87e53290255.jpg,https://eatssu-bucket.s3.ap-northeast-2.amazonaws.com/goodPriceStoreImg/bac2a537-3b35-46b4-b05d-ecd2a9d6ea06.jpg
386,KOREAN,황태식당,백반,7000.0,서울특별시 중랑구 봉화산로30길 37 (중화동) 1층,중랑구,37.6006041717225,127.08531325063,https://eatssu-bucket.s3.ap-northeast-2.amazonaws.com/goodPriceStoreImg/6bb8ab1e-8564-42c8-b087-746e15783b17.jpeg,,
387,KOREAN,가나다라생고기,삼겹살(180g),16000.0,"서울특별시 성북구 성북로4길 52 스포츠센타동 5103호(돈암동, 한신한진아파트)",성북구,37.5944725333435,127.012706037821,https://eatssu-bucket.s3.ap-northeast-2.amazonaws.com/goodPriceStoreImg/4a000ae7-0917-42ba-b93a-0e300c37c7ef.png,,
388,KOREAN,경성고기꾼 성신여대점,등심(150g),15000.0,서울특별시 성북구 동소문로20길 28-10 1층(동소문동5가),성북구,37.5913846777274,127.016191455716,https://eatssu-bucket.s3.ap-northeast-2.amazonaws.com/goodPriceStoreImg/27e8ceef-4f4b-4663-b607-f18b2ce7c6a7.jpg,,
389,KOREAN,고향산천,비빔국수,6000.0,서울특별시 성북구 보국문로 154 (정릉동) 1층,성북구,37.6166989431456,127.00420602448,https://eatssu-bucket.s3.ap-northeast-2.amazonaws.com/goodPriceStoreImg/4f77b33f-5665-419b-858e-0eafaf7a9f00.jpeg,,
390,KOREAN,그남자김치찌개,돼지김치찌개,8500.0,서울특별시 성북구 동소문로20다길 4 (동선동1가) 2층,성북구,37.5915511513904,127.01704228702,https://eatssu-bucket.s3.ap-northeast-2.amazonaws.com/goodPriceStoreImg/ca5dd681-8c7d-44f4-b664-b360bcf24b39.jpg,,
391,KOREAN,꾸이꾸이 멱살,멱살(120g),9900.0,서울특별시 성북구 동소문로22길 25-5 (동선동1가) 1층,성북구,37.5919446127056,127.018260150357,https://eatssu-bucket.s3.ap-northeast-2.amazonaws.com/goodPriceStoreImg/167a6723-0033-4191-8d1c-2767cb415feb.png,,
392,KOREAN,낙지사랑,낙지덮밥,9000.0,서울특별시 성북구 종암로 129 (종암동) 2층,성북구,37.6014264034926,127.032727558227,https://eatssu-bucket.s3.ap-northeast-2.amazonaws.com/goodPriceStoreImg/fe8d1897-601a-4a58-960a-40b0ed443820.png,,
393,KOREAN,대중식당,백반,8000.0,서울특별시 성북구 정릉로29길 23 (정릉동) 1층,성북구,37.6043083424636,127.015307190016,https://eatssu-bucket.s3.ap-northeast-2.amazonaws.com/goodPriceStoreImg/e9156271-6235-4847-a6a7-cb35114ed299.jpeg,,
394,WESTERN,도이칠란드 박,잠봉뵈르샌드위치,10900.0,서울특별시 성북구 솔샘로6길 30-15 1층,성북구,37.6087975899807,127.00697577593,https://eatssu-bucket.s3.ap-northeast-2.amazonaws.com/goodPriceStoreImg/c3ab7fc4-4afe-48bd-8f7e-390cf9b07619.jpg,https://eatssu-bucket.s3.ap-northeast-2.amazonaws.com/goodPriceStoreImg/d08abc23-9867-442a-8daa-95728badbc90.jpg,
395,BAKERY,독일베이커리,단팥빵,700.0,서울특별시 성북구 삼양로50,성북구,37.6075962650864,127.023820814466,https://eatssu-bucket.s3.ap-northeast-2.amazonaws.com/goodPriceStoreImg/8d41bc9a-bd6f-4c0c-87d5-10972e07ec3a.jpg,,
396,KOREAN,돈암돈집,숙성삼겹,12000.0,서울특별시 성북구 동소문로20다길 15 (동선동1가) 1층,성북구,37.5918951739591,127.017495506034,https://eatssu-bucket.s3.ap-northeast-2.amazonaws.com/goodPriceStoreImg/5d6177d3-3d31-4fe5-9ae4-55404e6af6b9.jpg,,
397,KOREAN,돈암동찌개,김치찌개2인분,16000.0,서울특별시 성북구 동소문로20나길 34 (동선동1가) 1층,성북구,37.5924400358491,127.018468160495,https://eatssu-bucket.s3.ap-northeast-2.amazonaws.com/goodPriceStoreImg/b524ca5c-f67b-4678-ac88-8260ddbebdda.jpeg,,
398,KOREAN,동네,김치찌개 된장찌개 순두부찌개,7500.0,서울특별시 성북구 개운사길 22-5 지하,성북구,37.5874944782335,127.029586004467,https://eatssu-bucket.s3.ap-northeast-2.amazonaws.com/goodPriceStoreImg/f7d7a13c-eb37-40ae-86fa-f4af8f149511.png,,
399,KOREAN,또래끼리,김치볶음밥,7000.0,서울특별시 성북구 개운사길 22-5 (안암동5가) 1층,성북구,37.5874944782335,127.029586004467,https://eatssu-bucket.s3.ap-northeast-2.amazonaws.com/goodPriceStoreImg/4bdae27c-0800-4381-a5de-e0717e05b8c2.jpeg,,
400,KOREAN,레드컵스떡볶이&컵닭,떡볶이,4000.0,서울특별시 성북구 고려대로24길 61 (안암동5가) 1층,성북구,37.5834937035041,127.029607290684,https://eatssu-bucket.s3.ap-northeast-2.amazonaws.com/goodPriceStoreImg/d0e729d9-4323-481b-a9f7-a73476d5e16a.jpeg,,
401,KOREAN,마포갈비,돼지갈비(300g),16000.0,서울특별시 성북구 보문로40길 1,성북구,37.5917080080813,127.013620452025,https://eatssu-bucket.s3.ap-northeast-2.amazonaws.com/goodPriceStoreImg/d1cf5ecf-2ffa-441a-bbca-a7cdf70091b6.jpg,https://eatssu-bucket.s3.ap-northeast-2.amazonaws.com/goodPriceStoreImg/323cb771-6da7-43b8-a5a0-7434283ba2cf.jpg,
402,KOREAN,명가추어탕보리밥,추어탕,8000.0,서울특별시 성북구 오패산로 6-9,성북구,37.6034119860624,127.037912828864,https://eatssu-bucket.s3.ap-northeast-2.amazonaws.com/goodPriceStoreImg/837a80b5-109e-4f26-a4e5-d84fab96e0cc.jpg,https://eatssu-bucket.s3.ap-northeast-2.amazonaws.com/goodPriceStoreImg/78213e93-76f8-439e-8855-b0009de6b63d.jpg,
403,KOREAN,미락(우성),돼지갈비(200g)국내산,8000.0,서울특별시 성북구 화랑로25길 13,성북구,37.609191796,127.052179630207,https://eatssu-bucket.s3.ap-northeast-2.amazonaws.com/goodPriceStoreImg/df5d5273-c0ab-4daa-a9d0-eced686be873.jpg,https://eatssu-bucket.s3.ap-northeast-2.amazonaws.com/goodPriceStoreImg/856f4ba7-870a-4467-9d26-ccd49c4a0121.jpg,https://eatssu-bucket.s3.ap-northeast-2.amazonaws.com/goodPriceStoreImg/080ea86d-2188-4ace-8726-7a964b0031bb.jpg
404,KOREAN,밀밭손칼국수,육개장,8000.0,서울특별시 성북구 보문로 156-3 1층,성북구,37.588841121152,127.017218298384,https://eatssu-bucket.s3.ap-northeast-2.amazonaws.com/goodPriceStoreImg/edb928a0-8738-4445-a1c5-de76090e83a6.png,,
405,BAKERY,부자당,깨만주(6개),4000.0,서울특별시 성북구 돌곶이로 67 (석관동) 1층,성북구,37.6097035454675,127.057996790583,https://eatssu-bucket.s3.ap-northeast-2.amazonaws.com/goodPriceStoreImg/92eaa99f-cd35-406f-be8f-80992fbbc9a5.jpg,,
406,ETC,브릭스,오늘의 음료(생과일주스),3900.0,서울특별시 성북구 보문로39길 4 (동소문동3가) 1층,성북구,37.5914231588375,127.013229537703,https://eatssu-bucket.s3.ap-northeast-2.amazonaws.com/goodPriceStoreImg/1b3ee984-ca91-4fa8-bc23-9a1d0301d9b4.jpg,,
407,KOREAN,산마을,비빔밥,7000.0,서울특별시 성북구 솔샘로6길 36-15 (정릉동) 지1층 제비03호,성북구,37.608750716655,127.007336485784,https://eatssu-bucket.s3.ap-northeast-2.amazonaws.com/goodPriceStoreImg/f3828786-d524-410b-a2ef-a58a02b05e65.jpeg,,
408,KOREAN,서울숯불갈비,"돼지갈비
(250g)",14000.0,서울특별시 성북구 정릉로29길 8,성북구,37.603819766061,127.015759396821,https://eatssu-bucket.s3.ap-northeast-2.amazonaws.com/goodPriceStoreImg/9f2fd703-b58d-4f65-9427-2817deab525f.jpg,https://eatssu-bucket.s3.ap-northeast-2.amazonaws.com/goodPriceStoreImg/d44d1f98-98b3-4e86-9751-c309f04834ad.jpg,https://eatssu-bucket.s3.ap-northeast-2.amazonaws.com/goodPriceStoreImg/26cc3800-3deb-4735-9f7e-faf604651398.jpg
409,KOREAN,성원식당,백반,9000.0,서울특별시 성북구 아리랑로19길 15 (정릉동) 1층,성북구,37.6024789332375,127.012583056856,https://eatssu-bucket.s3.ap-northeast-2.amazonaws.com/goodPriceStoreImg/75dcb024-c0ef-4ae2-921d-62b2c968141f.jpg,,
410,KOREAN,소풍가는날 김밥,제육볶음,10000.0,서울특별시 성북구 보국문로11길 8 (정릉동) 1층,성북구,37.6085698233723,127.009505731328,https://eatssu-bucket.s3.ap-northeast-2.amazonaws.com/goodPriceStoreImg/7455180c-4bf9-4a77-91d0-c4ce0f04e6c8.jpeg,,
411,KOREAN,아리랑 수미감자탕,뼈해장국,8000.0,서울특별시 성북구 아리랑로54 1층(동선동5가),성북구,37.5975515072035,127.014883204875,https://eatssu-bucket.s3.ap-northeast-2.amazonaws.com/goodPriceStoreImg/ff658372-2be7-4a1c-822d-4e321e0e1aef.jpg,,
412,KOREAN,언니네김밥,언니네김밥,3500.0,서울특별시 성북구 보국문로11길 23 (정릉동) 1층,성북구,37.6085636634168,127.008771279702,https://eatssu-bucket.s3.ap-northeast-2.amazonaws.com/goodPriceStoreImg/38b2b5f3-8e7a-48c5-8869-802094e723b2.jpeg,,
413,KOREAN,옐로치킨7&바로돈까스,수제돈까스,7000.0,서울특별시 성북구 아리랑로19길 48 (정릉동),성북구,37.6025403837257,127.010728685897,https://eatssu-bucket.s3.ap-northeast-2.amazonaws.com/goodPriceStoreImg/5b4796f9-b203-4093-9114-358ea71ea1ee.png,,
414,CHINESE,옛날중국집,짜장면,7000.0,서울특별시 성북구 성북로8길 8 (성북동),성북구,37.5908227672503,127.004375540476,https://eatssu-bucket.s3.ap-northeast-2.amazonaws.com/goodPriceStoreImg/fddcf826-7f44-4265-8422-ca1597640604.png,,
415,KOREAN,오늘김밥,된장찌개,6000.0,서울특별시 성북구 보문로 157-1 1층,성북구,37.5885958416272,127.016796710682,https://eatssu-bucket.s3.ap-northeast-2.amazonaws.com/goodPriceStoreImg/6af78a80-7b2c-42e2-93e7-ef1183c6cae0.jpg,https://eatssu-bucket.s3.ap-northeast-2.amazonaws.com/goodPriceStoreImg/ebc9999b-96bb-41c8-9187-136e660731b9.jpg,
416,KOREAN,온달왕돈까스치킨호프,-,,서울특별시 성북구 동소문로20가길 38 (동선동1가) 1층,성북구,37.5930223660865,127.018345336364,https://eatssu-bucket.s3.ap-northeast-2.amazonaws.com/goodPriceStoreImg/0d375000-3b2c-44ab-b6ab-6e6f97e4917e.jpg,,
417,KOREAN,웅이네 손칼국수,칼국수,7000.0,서울특별시 성북구 돌곶이로27길 42 (장위동) 1층,성북구,37.6113636801766,127.053278051584,https://eatssu-bucket.s3.ap-northeast-2.amazonaws.com/goodPriceStoreImg/e4134427-34b4-4643-83b8-ae01948267b6.png,,
418,ETC,원도넛,글레이즈/꽈배기,1400.0,서울특별시 성북구 돌곶이로 29 1층(석관동),성북구,37.6069166923795,127.060864753875,https://eatssu-bucket.s3.ap-northeast-2.amazonaws.com/goodPriceStoreImg/a4780ecb-626c-41a4-a414-b2e33db76849.jpg,,
419,KOREAN,원삼집,삼겹살(180g),16000.0,서울특별시 성북구 보문로30라길 15,성북구,37.5897324891965,127.018879971055,https://eatssu-bucket.s3.ap-northeast-2.amazonaws.com/goodPriceStoreImg/113c9f36-1557-440d-8648-3b62ef366ef1.png,,
420,KOREAN,원준식당,물냉면,6500.0,서울특별시 성북구 장위로38길 67,성북구,37.6103703002617,127.051541007242,https://eatssu-bucket.s3.ap-northeast-2.amazonaws.com/goodPriceStoreImg/2508460b-b54e-4c6b-b99c-3d82f03688e1.jpg,https://eatssu-bucket.s3.ap-northeast-2.amazonaws.com/goodPriceStoreImg/f23e4426-9de4-4aa4-b9fd-35bb03b5b0be.jpg,https://eatssu-bucket.s3.ap-northeast-2.amazonaws.com/goodPriceStoreImg/8b2c4fab-1159-42c5-a71c-1bd440018f2b.jpg
421,KOREAN,월곡동 할매떡볶이,떡볶이,3000.0,서울특별시 성북구 오패산로19길 46 (하월곡동) 1층,성북구,37.6092464717476,127.033314813127,https://eatssu-bucket.s3.ap-northeast-2.amazonaws.com/goodPriceStoreImg/4979fd34-7092-43ec-8b54-a2c444f581c8.jpeg,,
422,KOREAN,유정식당,뚝배기불고기,9000.0,서울특별시 성북구 북악산로29길 21 (종암동) 1층,성북구,37.5932945917042,127.034642350327,https://eatssu-bucket.s3.ap-northeast-2.amazonaws.com/goodPriceStoreImg/9cfadf47-8e88-4024-92de-3e68c39e5fd2.jpg,,
423,KOREAN,이모네식당,제육덮밥,8000.0,서울특별시 성북구 안암로73-3 .,성북구,37.5830526568282,127.028922504119,https://eatssu-bucket.s3.ap-northeast-2.amazonaws.com/goodPriceStoreImg/a23d933b-2fc3-45c2-8b6c-c6b7b4a90842.jpg,,
424,JAPANESE,이자카야준,회덮밥,8000.0,서울특별시 성북구 장월로 96 (장위동) 2층,성북구,37.6143396081014,127.048781952929,https://eatssu-bucket.s3.ap-northeast-2.amazonaws.com/goodPriceStoreImg/0f802a15-cabe-4d70-b4a2-24595277f2ef.png,,
425,KOREAN,정릉갈비,돼지갈비(250g),15000.0,서울특별시 성북구 정릉로38길 8 1층,성북구,37.6018831159061,127.018652816859,https://eatssu-bucket.s3.ap-northeast-2.amazonaws.com/goodPriceStoreImg/b5aeeba4-9a50-4e79-bf07-ab6272c45cf3.jpg,https://eatssu-bucket.s3.ap-northeast-2.amazonaws.com/goodPriceStoreImg/7e0f6b5d-9135-4420-937b-232c07b4dde8.jpg,https://eatssu-bucket.s3.ap-northeast-2.amazonaws.com/goodPriceStoreImg/5e116011-7acd-44a6-b134-94ac05c71923.jpg
426,KOREAN,정이든김밥,땡초김밥,4000.0,서울특별시 성북구 보국문로 19-8 (정릉동) 1층,성북구,37.6064275479143,127.010478960457,https://eatssu-bucket.s3.ap-northeast-2.amazonaws.com/goodPriceStoreImg/da281aad-3e03-4642-9055-9a6774431752.jpg,,
427,KOREAN,정직한음식 담다돈까스,수제돈까스(포장),3500.0,서울특별시 성북구 돌곶이로18길 3-3 (석관동) 1층,성북구,37.6092763135266,127.059232069332,https://eatssu-bucket.s3.ap-northeast-2.amazonaws.com/goodPriceStoreImg/123aef9d-7667-4f58-8e24-45e4abafa888.jpg,,
428,KOREAN,종점,삼치회,28000.0,서울특별시 성북구 고려대로7길 84 (동선동2가) 1층,성북구,37.5891443390927,127.018768636169,https://eatssu-bucket.s3.ap-northeast-2.amazonaws.com/goodPriceStoreImg/7d170ea7-6847-483b-b4b7-2a5207ea8745.png,,
429,JAPANESE,주대국초밥집 길음점,우동정식(초밥 10pcs),12000.0,"서울특별시 성북구 길음로 33 (길음동, 길음뉴타운) 상가B동 지하1층 8~10호",성북구,37.6050832927232,127.022078590713,https://eatssu-bucket.s3.ap-northeast-2.amazonaws.com/goodPriceStoreImg/290716c8-5ddf-41a5-b8a9-fb533dd86a61.jpg,,
430,CHINESE,착한짬뽕더착한탕수육,짜장면,4500.0,서울특별시 성북구 월곡로18길 4 2층(하월곡동),성북구,37.6015594134125,127.041785824223,https://eatssu-bucket.s3.ap-northeast-2.amazonaws.com/goodPriceStoreImg/080f4edf-2420-4384-afa5-582bda558424.jpg,,
431,KOREAN,청년밥상 문간,김치찌개,3000.0,서울특별시 성북구 보국문로11길 18-2 2층,성북구,37.6088609651749,127.009098506123,https://eatssu-bucket.s3.ap-northeast-2.amazonaws.com/goodPriceStoreImg/7137ca39-0990-4e6a-82c2-decf294a9ce8.jpg,https://eatssu-bucket.s3.ap-northeast-2.amazonaws.com/goodPriceStoreImg/93f68b24-d354-4f34-bdca-99465edb0666.jpg,
432,ETC,카페플라워,아메리카노,1500.0,"서울특별시 성북구 성북로4길 52 (돈암동, 한신한진아파트) 104호",성북구,37.5944725333435,127.012706037821,https://eatssu-bucket.s3.ap-northeast-2.amazonaws.com/goodPriceStoreImg/4a1ceb88-1e06-4ec1-815d-ab5e4a89ff99.jpg,,
433,KOREAN,통닭마을,통큰통닭,10900.0,서울특별시 성북구 오패산로 71 (하월곡동) 1층,성북구,37.608397067392,127.035914169148,https://eatssu-bucket.s3.ap-northeast-2.amazonaws.com/goodPriceStoreImg/143bc0aa-fc61-4e02-b759-4ac18aea8e9f.jpeg,,
434,KOREAN,한선생부엌,한식반찬(150g),3000.0,서울특별시 성북구 돌곶이로18길 3-3 (석관동) 1층,성북구,37.6092763135266,127.059232069332,https://eatssu-bucket.s3.ap-northeast-2.amazonaws.com/goodPriceStoreImg/58fb264b-131c-42fd-bc52-57e17228cc10.png,,
435,KOREAN,홍두깨손칼국수,칼국수,5000.0,서울특별시 성북구 보문로40길 5,성북구,37.5917381701651,127.013802528612,https://eatssu-bucket.s3.ap-northeast-2.amazonaws.com/goodPriceStoreImg/687a4f03-7769-4e3e-b575-fc75d792a412.jpg,,
436,KOREAN,홍두깨손칼국수,칼국수,6000.0,서울특별시 성북구 오패산로3길 119 1층(하월곡동),성북구,37.6082952151991,127.033286075492,https://eatssu-bucket.s3.ap-northeast-2.amazonaws.com/goodPriceStoreImg/306f630f-5694-411c-9199-51b1c4919e0d.png,,
437,KOREAN,홍칼국수,칼국수,5000.0,서울특별시 성북구 아리랑로 33 (동소문동7가) 1층,성북구,37.595735653013,127.015552964069,https://eatssu-bucket.s3.ap-northeast-2.amazonaws.com/goodPriceStoreImg/b8f217a5-4c7e-47f0-b8ff-ac6e0427b9be.jpeg,,
438,KOREAN,금복이네,백반,7000.0,서울특별시 강북구 인수봉로 195 (수유동) 1층,강북구,37.6371661318461,127.012772445685,https://eatssu-bucket.s3.ap-northeast-2.amazonaws.com/goodPriceStoreImg/225d51bf-dce6-4abd-b3d3-4b0ac4a27a94.jpg,,
439,KOREAN,다온한식,한식뷔페,7500.0,서울특별시 강북구 솔매로 84 (미아동) 지하1층,강북구,37.6249875656425,127.021618108086,https://eatssu-bucket.s3.ap-northeast-2.amazonaws.com/goodPriceStoreImg/7d674e41-81db-473d-ade8-f5701152fc4d.jpg,,
440,KOREAN,대중집,순대국,9000.0,서울특별시 강북구 도봉로 259 (수유동) 1층 14호,강북구,37.6314386690103,127.02375274585,https://eatssu-bucket.s3.ap-northeast-2.amazonaws.com/goodPriceStoreImg/8ff06413-eb20-43b7-adec-31ffc9c13c1d.jpg,,
441,KOREAN,돼지네 삼겹살,삼겹살,10900.0,서울특별시 강북구 솔샘로50길 13 (미아동) (미아동),강북구,37.6191391947443,127.019378542587,https://eatssu-bucket.s3.ap-northeast-2.amazonaws.com/goodPriceStoreImg/ebe3985f-2c98-42be-8d60-835e29fc1827.jpg,,
442,KOREAN,만미정 식당,김치찌개백반,7000.0,서울특별시 강북구 솔매로43길 96 1층,강북구,37.629930418149,127.022840651737,https://eatssu-bucket.s3.ap-northeast-2.amazonaws.com/goodPriceStoreImg/96b7a92f-9d12-480d-afab-b58a4dcc8d76.jpg,https://eatssu-bucket.s3.ap-northeast-2.amazonaws.com/goodPriceStoreImg/e38c0f1d-ef87-4a74-8569-6cecc04bfd28.jpg,https://eatssu-bucket.s3.ap-northeast-2.amazonaws.com/goodPriceStoreImg/1521699f-4c56-49da-94be-e4edc13a9c94.jpg
443,KOREAN,매일만나,칼국수,8000.0,"서울특별시 강북구 삼양로117길 58 (수유동) 1층, 101호",강북구,37.6443481870209,127.013255914596,https://eatssu-bucket.s3.ap-northeast-2.amazonaws.com/goodPriceStoreImg/f6b2fb34-d475-47f8-9941-1fd06ade42e0.jpg,,
444,KOREAN,못잊저,삼겹살,12000.0,서울특별시 강북구 솔매로 106 (미아동) 1층,강북구,37.6255733003499,127.0239358649,https://eatssu-bucket.s3.ap-northeast-2.amazonaws.com/goodPriceStoreImg/71deffeb-d26f-499a-8bce-33aad1467b24.jpg,,
445,KOREAN,무도리 감자탕 순대국,순대국,9000.0,서울특별시 강북구 솔매로45길 94 (미아동) 1층,강북구,37.6301864249817,127.024017324648,https://eatssu-bucket.s3.ap-northeast-2.amazonaws.com/goodPriceStoreImg/0dd2a88c-f0cb-4cdb-a6f3-6f5d35a7397e.jpg,,
446,KOREAN,박가네생고기전문점,소고기비빔밥,9000.0,서울특별시 강북구 덕릉로28길 63 1층,강북구,37.6319258777596,127.024843649663,https://eatssu-bucket.s3.ap-northeast-2.amazonaws.com/goodPriceStoreImg/c5284beb-3bd9-4aee-8903-f5b0a6d351eb.jpg,https://eatssu-bucket.s3.ap-northeast-2.amazonaws.com/goodPriceStoreImg/4ee41c33-d327-4eb7-a651-7a7285ef4fdf.jpg,https://eatssu-bucket.s3.ap-northeast-2.amazonaws.com/goodPriceStoreImg/a2da2e10-31c0-44a4-8303-cf60f226599e.jpg
447,CHINESE,방가네 해물짬뽕,짜장면,5000.0,서울특별시 강북구 오패산로 135 (미아동) 1층,강북구,37.6139122067948,127.033760541339,https://eatssu-bucket.s3.ap-northeast-2.amazonaws.com/goodPriceStoreImg/747a60a3-5c27-4a0c-9b0d-39780fe3e324.jpg,,
448,KOREAN,번동식당,한식뷔페,5000.0,서울특별시 강북구 덕릉로40길 11 (번동),강북구,37.634609946891,127.030469782574,https://eatssu-bucket.s3.ap-northeast-2.amazonaws.com/goodPriceStoreImg/9d9354b7-9103-4f16-9efb-00aa5ec13c48.png,,
449,BAKERY,빵과함께,단팥빵,700.0,서울특별시 강북구 인수봉로77길 15 (수유동) 1층,강북구,37.6443268024794,127.009901992013,https://eatssu-bucket.s3.ap-northeast-2.amazonaws.com/goodPriceStoreImg/7bac99c7-fd33-49b7-9e57-4318c792a2dc.jpg,,
450,KOREAN,시골농장(강북점),시골삼겹살(150g),6000.0,서울특별시 강북구 노해로 37 (수유동) 1층,강북구,37.6389179913251,127.022516986001,https://eatssu-bucket.s3.ap-northeast-2.amazonaws.com/goodPriceStoreImg/c5696a29-ea50-420e-888d-758ab41cbe17.jpg,,
451,KOREAN,엄마손맛 꼬리곰탕,꼬리곰탕,13000.0,서울특별시 강북구 도봉로95길 57 (수유동) 1층,강북구,37.6426014723124,127.026085406377,https://eatssu-bucket.s3.ap-northeast-2.amazonaws.com/goodPriceStoreImg/e920c37e-7f2f-4adb-9111-162e2dbb5610.jpg,,
452,KOREAN,우리농장,돼지양념구이(250g),12900.0,서울특별시 강북구 월계로7나길 42-1 (미아동) 1층,강북구,37.6130228666281,127.031718957662,https://eatssu-bucket.s3.ap-northeast-2.amazonaws.com/goodPriceStoreImg/895a2615-3177-468b-a79c-e003ab6a3d1a.jpg,,
453,KOREAN,은미네맛집,감자탕 小,30000.0,서울특별시 강북구 삼양로173길 31 (우이동) 1층,강북구,37.6626194695846,127.010741973394,https://eatssu-bucket.s3.ap-northeast-2.amazonaws.com/goodPriceStoreImg/cfd1fbc2-8137-469e-98bd-55476e053bd0.jpg,https://eatssu-bucket.s3.ap-northeast-2.amazonaws.com/goodPriceStoreImg/2ebeaeda-5f11-43ff-8113-647bcee238f3.jpg,
454,KOREAN,음밥협동조합,오늘의 메뉴,8000.0,서울특별시 강북구 솔매로50길 78 1층(미아동),강북구,37.6230889892574,127.02810939564,https://eatssu-bucket.s3.ap-northeast-2.amazonaws.com/goodPriceStoreImg/73de3457-2c93-46d0-b6e8-4a9bec2dc486.jpg,,
455,JAPANESE,주대국 초밥집,모듬초밥,13500.0,서울특별시 강북구 솔샘로48길 4 (미아동) 1층,강북구,37.6197461663512,127.01840219298,https://eatssu-bucket.s3.ap-northeast-2.amazonaws.com/goodPriceStoreImg/d0a4846a-b8da-4a1b-ae95-46609b838a84.jpg,,
456,KOREAN,지우정,한우등심(200g),23000.0,서울특별시 강북구 삼각산로 130 1층,강북구,37.6408273105342,127.01865915039,https://eatssu-bucket.s3.ap-northeast-2.amazonaws.com/goodPriceStoreImg/46c8ba5d-f4b7-4717-909a-dd0d844c8fbf.jpg,https://eatssu-bucket.s3.ap-northeast-2.amazonaws.com/goodPriceStoreImg/3752927b-1728-46c1-8288-2617c6095d46.jpg,
457,ETC,카페스타,원두커피,2500.0,서울특별시 강북구 삼각산로 71 1층,강북구,37.6401225859536,127.012279522984,https://eatssu-bucket.s3.ap-northeast-2.amazonaws.com/goodPriceStoreImg/d53e6a1a-dc9a-488e-bf23-2fdff287c3ec.jpg,,
458,KOREAN,해물칼국수수제비,칼국수,6000.0,서울특별시 강북구 수유로 24 (수유동) 1층,강북구,37.6329629838059,127.019144107744,https://eatssu-bucket.s3.ap-northeast-2.amazonaws.com/goodPriceStoreImg/b7e8b6af-5908-4f93-8f9a-a48c3d996bdf.jpg,,
459,KOREAN,골목1988,돼지갈비,9900.0,서울특별시 도봉구 노해로65길 7-12 (창동) 1층,도봉구,37.6517298976344,127.045825536405,https://eatssu-bucket.s3.ap-northeast-2.amazonaws.com/goodPriceStoreImg/c939c03a-baba-4561-bf3c-976a385a79dc.jpeg,https://eatssu-bucket.s3.ap-northeast-2.amazonaws.com/goodPriceStoreImg/0d2b7958-92a0-47c6-b1c1-285d677bd668.jpeg,
460,KOREAN,김가네국수집,칼국수,6500.0,서울특별시 도봉구  도봉로153길 51 1층,도봉구,37.6698653658525,127.0404813856,https://eatssu-bucket.s3.ap-northeast-2.amazonaws.com/goodPriceStoreImg/2fe46730-8727-4972-83fe-dbc1a2c1765f.jpg,,
461,KOREAN,김밥타운,김밥,3000.0,서울특별시 도봉구 도당로15길 3 (방학동),도봉구,37.6657622273039,127.036859170423,https://eatssu-bucket.s3.ap-northeast-2.amazonaws.com/goodPriceStoreImg/547bab28-1859-4699-9586-36c694c7971c.jpg,https://eatssu-bucket.s3.ap-northeast-2.amazonaws.com/goodPriceStoreImg/b1da394b-1069-4590-bf05-4d5081efdbfd.jpg,https://eatssu-bucket.s3.ap-northeast-2.amazonaws.com/goodPriceStoreImg/90097263-3d8c-4498-bea7-62ddfc59ed60.jpg
462,KOREAN,김밥하우스,김밥,2000.0,서울특별시 도봉구 우이천로4길 9 (창동) 1층,도봉구,37.6335642206658,127.039968752876,https://eatssu-bucket.s3.ap-northeast-2.amazonaws.com/goodPriceStoreImg/e32b9885-ca60-4735-b976-11d28be6513d.jpeg,,
463,KOREAN,남원추어탕,추어탕,8000.0,서울특별시 도봉구 해등로 83 (창동),도봉구,37.6510272412012,127.041383482955,https://eatssu-bucket.s3.ap-northeast-2.amazonaws.com/goodPriceStoreImg/bc5faca4-ffa2-428b-92b5-9b87a463a689.jpg,https://eatssu-bucket.s3.ap-northeast-2.amazonaws.com/goodPriceStoreImg/4227bdb8-f905-4206-8663-7ed3bc73edba.jpg,https://eatssu-bucket.s3.ap-northeast-2.amazonaws.com/goodPriceStoreImg/72f8f66c-a15c-4204-ba04-5fbad68c88c6.jpg
464,KOREAN,다온,비빔밥,8000.0,서울특별시 도봉구 도당로13길34-21 (방학동),도봉구,37.666885045002,127.035635514997,https://eatssu-bucket.s3.ap-northeast-2.amazonaws.com/goodPriceStoreImg/76fc5bbc-1d68-4283-8387-6d78d0aba951.png,,
465,KOREAN,도담김치찌개,-,,서울특별시 도봉구 도봉로181길 60 (도봉동) 1층,도봉구,37.6849060839872,127.042899119429,https://eatssu-bucket.s3.ap-northeast-2.amazonaws.com/goodPriceStoreImg/a9dcf78c-792f-4d4f-9fae-c188829cf6df.jpeg,https://eatssu-bucket.s3.ap-northeast-2.amazonaws.com/goodPriceStoreImg/72c91b1f-619a-4a16-ab60-7ce6bd744824.jpeg,
466,KOREAN,도봉가마솥추어탕,얼큰추어탕,11000.0,서울특별시 도봉구 시루봉로 292 (도봉동) 1층,도봉구,37.6711570885634,127.041296498695,https://eatssu-bucket.s3.ap-northeast-2.amazonaws.com/goodPriceStoreImg/a659f80a-d99a-4ace-90cf-d0e78b6c19aa.jpeg,https://eatssu-bucket.s3.ap-northeast-2.amazonaws.com/goodPriceStoreImg/21bfa5fc-9687-4238-ad92-a8a6f425a544.jpeg,https://eatssu-bucket.s3.ap-northeast-2.amazonaws.com/goodPriceStoreImg/56e0ddf1-43c7-4267-9a4a-c351c26d3979.jpg
467,KOREAN,도봉로112길칼국수돈까스,칼국수,8000.0,서울특별시 도봉구 도봉로112길 23 (창동) 1층,도봉구,37.646931772825,127.036041155093,https://eatssu-bucket.s3.ap-northeast-2.amazonaws.com/goodPriceStoreImg/60939895-6433-4dac-a795-a94990bd1540.jpeg,https://eatssu-bucket.s3.ap-northeast-2.amazonaws.com/goodPriceStoreImg/501ec84e-598b-4fd0-b505-f831d09d5a89.jpeg,https://eatssu-bucket.s3.ap-northeast-2.amazonaws.com/goodPriceStoreImg/858672eb-4efd-488a-b81f-17c5ea5fa0da.jpeg
468,KOREAN,도봉산콩나물국밥,콩나물국밥,6000.0,서울특별시 도봉구 도봉로181길 53 (도봉동) 1층,도봉구,37.6846167561442,127.042964707001,https://eatssu-bucket.s3.ap-northeast-2.amazonaws.com/goodPriceStoreImg/1b6128b4-7ffb-4830-825a-8721354410ae.jpeg,,
469,KOREAN,동치냉면쌍문점,물냉면,8000.0,서울특별시 도봉구 우이천로 335 (쌍문동) 1층,도봉구,37.6466448832674,127.02619786574,https://eatssu-bucket.s3.ap-northeast-2.amazonaws.com/goodPriceStoreImg/445ac3f2-4cdf-4ed5-9a2f-08ef95745830.jpeg,,
470,KOREAN,멸치국수,김밥,3000.0,서울특별시 도봉구 해등로16길 12 1층,도봉구,37.6562348415638,127.040572917949,https://eatssu-bucket.s3.ap-northeast-2.amazonaws.com/goodPriceStoreImg/237c01f5-bf0b-4369-be53-7c4738245a8a.jpg,,
471,KOREAN,명동분식,깁밥,3000.0,서울특별시 도봉구 도당로13가길 6 (방학동),도봉구,37.6654827924061,127.035821742602,https://eatssu-bucket.s3.ap-northeast-2.amazonaws.com/goodPriceStoreImg/b8b41e24-2352-41ae-899e-a8dd05314309.jpg,https://eatssu-bucket.s3.ap-northeast-2.amazonaws.com/goodPriceStoreImg/f3a703b7-e74c-4143-88b1-280d30dc3ca1.jpg,https://eatssu-bucket.s3.ap-northeast-2.amazonaws.com/goodPriceStoreImg/5d8b3c92-c965-4d77-a21b-220bdeb059a8.jpg
472,KOREAN,미락칼국수,칼국수,7000.0,서울특별시 도봉구 도봉로110길 68 (창동),도봉구,37.6461159676582,127.037374768708,https://eatssu-bucket.s3.ap-northeast-2.amazonaws.com/goodPriceStoreImg/ee181887-f017-4306-8f64-368d4b7b053a.jpg,https://eatssu-bucket.s3.ap-northeast-2.amazonaws.com/goodPriceStoreImg/00ce36ec-932a-480a-82b2-0cf3411f8e99.jpg,https://eatssu-bucket.s3.ap-northeast-2.amazonaws.com/goodPriceStoreImg/d3814455-a607-410b-8932-24f2d80d4220.jpg
473,KOREAN,박리김밥,김밥,3000.0,서울특별시 도봉구 덕릉로57길 22 (창동),도봉구,37.6396869947247,127.037375060198,https://eatssu-bucket.s3.ap-northeast-2.amazonaws.com/goodPriceStoreImg/d071d719-af9f-45d4-a3fa-224299ce90f7.jpg,,
474,ETC,박은선닭꼬치,떡꼬치,2000.0,서울특별시 도봉구 도봉로145길 65 (방학동) 상가 나동 104호,도봉구,37.6645353361782,127.038902628504,https://eatssu-bucket.s3.ap-northeast-2.amazonaws.com/goodPriceStoreImg/df3bec40-16a7-43a2-b3ba-7be4616d2eab.jpeg,,
475,KOREAN,방학김밥,김밥,3000.0,서울특별시 도봉구 도당로13길 37 (방학동) 1층,도봉구,37.6661703762324,127.034459484423,https://eatssu-bucket.s3.ap-northeast-2.amazonaws.com/goodPriceStoreImg/0d8c852e-2c08-4a95-a0bd-12f0d933fae0.jpeg,https://eatssu-bucket.s3.ap-northeast-2.amazonaws.com/goodPriceStoreImg/8b604bb6-c07b-454c-8789-a47ee62c7fc0.jpeg,https://eatssu-bucket.s3.ap-northeast-2.amazonaws.com/goodPriceStoreImg/e2dbd3d4-c642-4505-b759-6f9b5aa77280.jpeg
476,KOREAN,백송순두부,얼큰순두부,7000.0,서울특별시 도봉구 도당로27길 43 (방학동) 1층,도봉구,37.6693098863844,127.040816021402,https://eatssu-bucket.s3.ap-northeast-2.amazonaws.com/goodPriceStoreImg/ab6ea872-49ba-4b3a-9208-7992c5ae9f49.jpeg,,
477,KOREAN,백운시장곱창,야채곱창,10000.0,서울특별시 도봉구 삼양로154길 30 (쌍문동) 1층,도봉구,37.6554957675041,127.01488490368,https://eatssu-bucket.s3.ap-northeast-2.amazonaws.com/goodPriceStoreImg/34ed5957-5083-426f-8027-eebd36752006.jpeg,https://eatssu-bucket.s3.ap-northeast-2.amazonaws.com/goodPriceStoreImg/43554723-a5b3-44fb-b129-a9bdf685d875.jpeg,
478,KOREAN,보배네능이백숙,닭볶음탕,38000.0,서울특별시 도봉구 시루봉로 295-1 (도봉동),도봉구,37.6714066033992,127.041967324305,https://eatssu-bucket.s3.ap-northeast-2.amazonaws.com/goodPriceStoreImg/5c4d7ee8-1bda-47f5-bce9-8496777fd918.jpg,https://eatssu-bucket.s3.ap-northeast-2.amazonaws.com/goodPriceStoreImg/ec758b89-147c-4102-9def-bc7b24945088.jpg,
479,KOREAN,북부식당,백반,8000.0,서울특별시 도봉구 도봉로152가길 102 (도봉동),도봉구,37.6740728644657,127.044924059183,https://eatssu-bucket.s3.ap-northeast-2.amazonaws.com/goodPriceStoreImg/dd93ae40-44c9-4852-806a-794ea71554bb.jpg,,
480,ETC,브레쉬에비뉴,아메리카노,3000.0,서울특별시 도봉구 방학로 216 1층(방학동),도봉구,37.6620434153884,127.028066503436,https://eatssu-bucket.s3.ap-northeast-2.amazonaws.com/goodPriceStoreImg/0ba81fa8-f256-435b-af70-fbe77c7f8755.png,,
481,JAPANESE,세종라멘,돈코츠라멘,8500.0,서울특별시 도봉구 도봉로114길 43 (창동) 1층,도봉구,37.6476223488345,127.036715928168,https://eatssu-bucket.s3.ap-northeast-2.amazonaws.com/goodPriceStoreImg/a7fe980f-8e3d-4321-9120-89c0ac41d041.jpeg,,
482,ETC,숨,아메리카노,2500.0,"서울특별시 도봉구 도봉로164길 30 (도봉동, 대동드림빌) 1층",도봉구,37.6754600789803,127.046380945476,https://eatssu-bucket.s3.ap-northeast-2.amazonaws.com/goodPriceStoreImg/7f0a4acb-5b05-423a-b8fb-b3fc838dd691.jpeg,https://eatssu-bucket.s3.ap-northeast-2.amazonaws.com/goodPriceStoreImg/08bacaa9-a143-4068-860c-bf8795bb513c.jpeg,
483,KOREAN,시골짚,김치찌개,8000.0,서울특별시 도봉구 도봉로152길 35 (도봉동),도봉구,37.6694780050318,127.045738742729,https://eatssu-bucket.s3.ap-northeast-2.amazonaws.com/goodPriceStoreImg/ca490634-246a-4507-9c68-0c891e11186d.jpg,,
484,KOREAN,시장길국수,잔치국수,5500.0,서울특별시 도봉구 도봉로145길 66 (방학동) 1층,도봉구,37.6647313179384,127.038846741287,https://eatssu-bucket.s3.ap-northeast-2.amazonaws.com/goodPriceStoreImg/cca24beb-e369-4028-99ce-b9553a4c5d17.jpeg,,
485,KOREAN,신라삼계탕,삼계탕,15000.0,서울특별시 도봉구 도봉산4가길 13-5 (도봉동) 1층,도봉구,37.6879019360422,127.041609284722,https://eatssu-bucket.s3.ap-northeast-2.amazonaws.com/goodPriceStoreImg/1c421766-7dd3-4fd4-ae5d-41f4dec5d72b.png,,
486,KOREAN,오리연구소(포장배달전문),훈제오리 한마리(포장),16000.0,서울특별시 도봉구 도봉로110나길 31 (창동) 102호,도봉구,37.6476012558533,127.034969423959,https://eatssu-bucket.s3.ap-northeast-2.amazonaws.com/goodPriceStoreImg/159c762d-7859-4a07-b863-9500c62759ec.jpg,,
487,KOREAN,온누리식당,칼국수,5000.0,서울특별시 도봉구 도봉로159길 11-16 (도봉동),도봉구,37.6739831024256,127.043057192214,https://eatssu-bucket.s3.ap-northeast-2.amazonaws.com/goodPriceStoreImg/6e7f42d5-3986-402e-8619-b1ae728625af.jpg,https://eatssu-bucket.s3.ap-northeast-2.amazonaws.com/goodPriceStoreImg/5561a63e-cf32-4486-8a72-dfed1ee20587.jpg,
488,CHINESE,왕짜장,짜장면,5000.0,서울특별시 도봉구 도봉로109길 16 (쌍문동) 1층,도봉구,37.6469338222413,127.032392169018,https://eatssu-bucket.s3.ap-northeast-2.amazonaws.com/goodPriceStoreImg/56131dd6-4f53-4aae-9473-a92f2e79b336.jpeg,https://eatssu-bucket.s3.ap-northeast-2.amazonaws.com/goodPriceStoreImg/33450c64-ee71-4b89-b44a-9b8d3798fa2d.jpeg,https://eatssu-bucket.s3.ap-northeast-2.amazonaws.com/goodPriceStoreImg/9356e9f3-bf7c-4232-a885-4faa4a8a333a.jpeg
489,KOREAN,장터국수,국수,7000.0,서울특별시 도봉구 덕릉로 398 (창동) 상가 209호,도봉구,37.6457766496227,127.053131863482,https://eatssu-bucket.s3.ap-northeast-2.amazonaws.com/goodPriceStoreImg/a5b4b96a-b0bd-4cd8-a64d-fc83463efa9c.jpeg,,
490,KOREAN,전통남원추어탕,추어탕,8000.0,서울특별시 도봉구 덕릉로59가길 17 (창동) 1층,도봉구,37.6397294663873,127.038663541342,https://eatssu-bucket.s3.ap-northeast-2.amazonaws.com/goodPriceStoreImg/c75fdbe4-95e2-416d-a964-84a9b5653392.jpeg,,
491,KOREAN,정담뚝배기,비빔밥,6500.0,서울특별시 도봉구 도봉로 489 (쌍문동) 지하 1층,도봉구,37.6494018275359,127.03481207937,https://eatssu-bucket.s3.ap-northeast-2.amazonaws.com/goodPriceStoreImg/a5c086b5-caef-40a2-85ac-58933189ff63.jpg,https://eatssu-bucket.s3.ap-northeast-2.amazonaws.com/goodPriceStoreImg/debe1f15-6bca-4577-9d6a-c5af4baa4192.jpeg,
492,CHINESE,짜장마을,짜장면,5500.0,서울특별시 도봉구 마들로657 (방학동),도봉구,37.6683298607216,127.045337365161,https://eatssu-bucket.s3.ap-northeast-2.amazonaws.com/goodPriceStoreImg/86e0489f-793f-4311-9f32-97090ceb21ad.jpg,,
493,KOREAN,짱구네,냉면,6000.0,서울특별시 도봉구 시루봉로 148 1층(방학동),도봉구,37.6637242748473,127.028488298603,https://eatssu-bucket.s3.ap-northeast-2.amazonaws.com/goodPriceStoreImg/bfe72649-b218-4f69-8955-9ad7b1b87476.jpg,,
494,KOREAN,착한부대찌개,착한부대찌개,6000.0,서울특별시 도봉구  도봉로109길46 2층좌측(쌍문동),도봉구,37.6471138049261,127.030837375844,https://eatssu-bucket.s3.ap-northeast-2.amazonaws.com/goodPriceStoreImg/55e8b4ae-e214-4750-9662-ca52ce317fec.jpg,,
495,KOREAN,착한식당마루,김치찌개,4000.0,서울특별시 도봉구 도봉로135길 18 (쌍문동) 1층,도봉구,37.6589118274555,127.0395461296,https://eatssu-bucket.s3.ap-northeast-2.amazonaws.com/goodPriceStoreImg/413e011c-69b2-49f0-b40b-dc91e2ebb410.jpeg,,
496,ETC,커피본,아메리카노,2000.0,서울특별시 도봉구 도봉로181길 70 (도봉동) 1층,도봉구,37.6851208548459,127.042462654918,https://eatssu-bucket.s3.ap-northeast-2.amazonaws.com/goodPriceStoreImg/4516e337-f80e-495a-a4a6-6f36767fb7e4.jpeg,,
497,KOREAN,털보네떡꼬치,떡꼬치,1000.0,서울특별시 도봉구 노해로63다길 24 (창동) 상가동 107호,도봉구,37.6540633575601,127.046274482314,https://eatssu-bucket.s3.ap-northeast-2.amazonaws.com/goodPriceStoreImg/fbdf3ee4-3a69-4468-8f2a-81cc2df89ce7.png,,
498,WESTERN,파스타잇,토마토파스타,8500.0,서울특별시 도봉구 도봉로112길 26 (창동) 1층,도봉구,37.6468006474194,127.036146698349,https://eatssu-bucket.s3.ap-northeast-2.amazonaws.com/goodPriceStoreImg/4081bc26-0596-44d9-8075-55f4abe7af38.jpg,,
499,ETC,팡이네분식,떡꼬치,1000.0,서울특별시 도봉구 노해로63다길 25 (창동) 1층 104-1호,도봉구,37.6540082065665,127.046072053627,https://eatssu-bucket.s3.ap-northeast-2.amazonaws.com/goodPriceStoreImg/3bb968ac-90c6-4165-8e0b-7cbdbdc50bcf.jpg,https://eatssu-bucket.s3.ap-northeast-2.amazonaws.com/goodPriceStoreImg/fea339d4-0704-4639-a8ae-352ff46d4ccd.jpeg,
500,ETC,폼폼커피베이비,아메리카노,1900.0,서울특별시 도봉구 도봉로164길 8 (도봉동),도봉구,37.6759199415979,127.045213437341,https://eatssu-bucket.s3.ap-northeast-2.amazonaws.com/goodPriceStoreImg/63364be3-45e4-4394-8ad6-f2a929cdacf9.jpg,,
501,WESTERN,하이드파스타,뽀모도로,9900.0,"서울특별시 도봉구 도당로 32 (방학동, 성진파크뷰 아파트) 1층 3호",도봉구,37.6608617479387,127.035231549474,https://eatssu-bucket.s3.ap-northeast-2.amazonaws.com/goodPriceStoreImg/0339bec9-bcd9-42b1-a385-275f89ee6730.jpeg,,
502,ETC,할머니토스트,할머니토스트,3000.0,서울특별시 도봉구 덕릉로60다길 15 (창동),도봉구,37.6381550558192,127.039836159978,https://eatssu-bucket.s3.ap-northeast-2.amazonaws.com/goodPriceStoreImg/9c0a9240-390f-4c10-83d4-ea9b7cc1fccd.png,,
503,CHINESE,향원,짜장면,3000.0,서울특별시 도봉구 덕릉로59길 62 (창동),도봉구,37.6416824927055,127.03652027445,https://eatssu-bucket.s3.ap-northeast-2.amazonaws.com/goodPriceStoreImg/54391387-dcef-44fa-8959-cea567a0ab34.jpg,,
504,KOREAN,호돈구이,삼겹살,14000.0,서울특별시 도봉구 방학로2길 32 1층(방학동),도봉구,37.664389730375,127.041050884744,https://eatssu-bucket.s3.ap-northeast-2.amazonaws.com/goodPriceStoreImg/97312dff-78e7-42a2-ad89-a6c727c469fd.jpg,,
505,KOREAN,홍두깨손칼국수,옛날손칼국수,6000.0,서울특별시 도봉구 도당로13가길 13 (방학동),도봉구,37.6658741919658,127.036072980597,https://eatssu-bucket.s3.ap-northeast-2.amazonaws.com/goodPriceStoreImg/9983383f-16db-4e3d-a587-f82bd76d4958.png,,
506,KOREAN,홍두깨손칼국수,칼국수,6000.0,서울특별시 도봉구 도봉산4가길 14 (도봉동),도봉구,37.688212879641,127.041306520991,https://eatssu-bucket.s3.ap-northeast-2.amazonaws.com/goodPriceStoreImg/3e4b7b44-9349-4c1f-89cc-9aad06ef1a17.png,,
507,KOREAN,홍두깨손칼국수,칼국수,7500.0,서울특별시 도봉구 덕릉로58길 3 (창동) 1층,도봉구,37.6388664759749,127.038746482756,https://eatssu-bucket.s3.ap-northeast-2.amazonaws.com/goodPriceStoreImg/5dd02033-ae0d-41c7-beb5-5dbb46421309.jpeg,,
508,CHINESE,화원,자장면,5000.0,서울특별시 도봉구 덕릉로60길 57 (창동) (창동),도봉구,37.6377454995921,127.040798521675,https://eatssu-bucket.s3.ap-northeast-2.amazonaws.com/goodPriceStoreImg/44be54b7-62e4-49d0-904b-0fb0c4155994.jpg,https://eatssu-bucket.s3.ap-northeast-2.amazonaws.com/goodPriceStoreImg/fadd9061-f3d5-45fa-b729-6da0111ce694.jpg,
509,KOREAN,힘찬장어,가정식백반,7000.0,서울특별시 도봉구 노해로69길 15-9 (창동),도봉구,37.6529050124665,127.05033734448,https://eatssu-bucket.s3.ap-northeast-2.amazonaws.com/goodPriceStoreImg/3a5bc480-12b3-402d-96be-62d6cc2f398c.png,,
510,KOREAN,공릉동멸치국수,멸치국수,5000.0,서울특별시 노원구 동일로173가길 43 (공릉동),노원구,37.6201858843938,127.07298722732,https://eatssu-bucket.s3.ap-northeast-2.amazonaws.com/goodPriceStoreImg/cfd9e20b-da4c-4e02-a779-b2e174baf2be.png,,
511,KOREAN,꽃제비칼국수,바지락칼국수,7000.0,서울특별시 노원구 광운로12길 13 (월계동) 1층,노원구,37.6213122731953,127.05991321349,https://eatssu-bucket.s3.ap-northeast-2.amazonaws.com/goodPriceStoreImg/269a0264-aced-4b13-b896-827f36f581b9.jpg,https://eatssu-bucket.s3.ap-northeast-2.amazonaws.com/goodPriceStoreImg/64981e6f-cb94-4e9f-a2a3-78a1fbc5fd2c.jpg,https://eatssu-bucket.s3.ap-northeast-2.amazonaws.com/goodPriceStoreImg/e38934fc-fb92-4950-a31b-a549f0210e3d.jpg
512,CHINESE,대림각궁짜장,짜장면,4000.0,서울특별시 노원구 섬밭로 263 (중계동) 롯데상가 지하,노원구,37.6391399283859,127.06381950095,https://eatssu-bucket.s3.ap-northeast-2.amazonaws.com/goodPriceStoreImg/661f877d-698e-401e-a6d4-46747ec1cf75.jpeg,,
513,KOREAN,대원아구찜칼국수,칼국수,7000.0,서울특별시 노원구 상계로27길 48,노원구,37.6603772146803,127.069192180966,https://eatssu-bucket.s3.ap-northeast-2.amazonaws.com/goodPriceStoreImg/af33eba4-c17a-4b3f-b3dc-b37479d44983.png,,
514,KOREAN,돈장군,삼겹살,8000.0,서울특별시 노원구 광운로 69 1층,노원구,37.6234872779112,127.060048285388,https://eatssu-bucket.s3.ap-northeast-2.amazonaws.com/goodPriceStoreImg/c0852e66-c7d5-4d40-802b-c1aa64299ed7.jpg,https://eatssu-bucket.s3.ap-northeast-2.amazonaws.com/goodPriceStoreImg/0124fc73-a284-4f67-83e1-8ce483606208.jpg,https://eatssu-bucket.s3.ap-northeast-2.amazonaws.com/goodPriceStoreImg/0cb68469-a5c6-4198-a2ac-2c0fea780268.jpg
515,KOREAN,뚜비뚜밥스,컵밥(소),3500.0,서울특별시 노원구 동일로 190길 4,노원구,37.6251320197826,127.073589835978,https://eatssu-bucket.s3.ap-northeast-2.amazonaws.com/goodPriceStoreImg/8244d2f9-45be-4ddd-9871-56ac94ee3eb0.png,,
516,CHINESE,락궁,짜장면,6500.0,서울특별시 노원구 마들로31 210호,노원구,37.6187253727752,127.067084588448,https://eatssu-bucket.s3.ap-northeast-2.amazonaws.com/goodPriceStoreImg/cb53a7a8-0c69-4d52-89d7-2af7dc64f4dd.png,,
517,KOREAN,마들김밥,김밥,2000.0,서울특별시 노원구 한글비석로 474 보람상가,노원구,37.6648233542549,127.065441493669,https://eatssu-bucket.s3.ap-northeast-2.amazonaws.com/goodPriceStoreImg/b48c063f-f3fd-42f0-b20d-3f0ea27307be.jpg,https://eatssu-bucket.s3.ap-northeast-2.amazonaws.com/goodPriceStoreImg/d4e80948-a95c-4900-987c-77c81dd5f930.jpg,https://eatssu-bucket.s3.ap-northeast-2.amazonaws.com/goodPriceStoreImg/3c3e955d-8d60-42b4-9c3c-3145b5d37ce1.jpg
518,KOREAN,마떡다이천,떡볶이,3000.0,"서울특별시 노원구 석계로106 (월계동, 1층)",노원구,37.6231587724471,127.060412203211,https://eatssu-bucket.s3.ap-northeast-2.amazonaws.com/goodPriceStoreImg/62b79a41-bb85-4ead-9ba0-2bb486c282db.jpg,,
519,CHINESE,마시차이나,짜장면,5000.0,서울특별시 노원구 동일로 217길58 -,노원구,37.6532669761244,127.057911100494,https://eatssu-bucket.s3.ap-northeast-2.amazonaws.com/goodPriceStoreImg/398bfc53-2929-480f-9e17-321fb61b78cf.jpg,https://eatssu-bucket.s3.ap-northeast-2.amazonaws.com/goodPriceStoreImg/1df57e44-33ea-4a4c-adfd-357b53893e26.jpg,https://eatssu-bucket.s3.ap-northeast-2.amazonaws.com/goodPriceStoreImg/e954a51b-2751-4a34-b148-5423c9c64819.jpg
520,KOREAN,메밀꽃,단호박죽,4000.0,서울특별시 노원구 상계로 9가길 67 1층(상계동),노원구,37.6604731193713,127.068969571453,https://eatssu-bucket.s3.ap-northeast-2.amazonaws.com/goodPriceStoreImg/f33cf661-9b67-4418-94b9-0217dea398a8.png,,
521,KOREAN,명이칼국수,손칼국수,5000.0,서울 노원구 동일로180길 53 1층,노원구,37.6228642982568,127.077159062429,https://eatssu-bucket.s3.ap-northeast-2.amazonaws.com/goodPriceStoreImg/6a83af13-68f9-4136-b272-9841e3e8848a.jpeg,,
522,KOREAN,밀레니엄 김밥,-,,서울특별시 노원구 중계로 162-11 (중계동) 현대프라자 114호,노원구,37.6498094888774,127.081489779954,https://eatssu-bucket.s3.ap-northeast-2.amazonaws.com/goodPriceStoreImg/a5e4a2c8-f2a5-47a0-92bd-9748e7f747f4.jpg,,
523,KOREAN,별미밥상,가정식 백반,7000.0,서울특별시 노원구 덕릉로 849 1층(상계동),노원구,37.6720951149989,127.082605479913,,,
524,KOREAN,사나이뚝배기,-,,서울특별시 노원구 공릉로 227 (공릉동) 가동 1층 좌측,노원구,37.6294462879154,127.076448316468,https://eatssu-bucket.s3.ap-northeast-2.amazonaws.com/goodPriceStoreImg/d79e7900-fb30-488e-bab7-d5e6ad882c97.jpg,,
525,KOREAN,상계돈집,삼겹살,11000.0,서울특별시 노원구 덕릉로83길 15 (중계동) 1층,노원구,37.6598620878697,127.074430798468,https://eatssu-bucket.s3.ap-northeast-2.amazonaws.com/goodPriceStoreImg/98419815-d2a3-46e9-8a38-4371df8d6682.jpg,,
526,KOREAN,상계동갈비,돼지갈비,15000.0,서울특별시 노원구 노원로34길 88 (상계동) 1층,노원구,37.6628655004967,127.066127612397,https://eatssu-bucket.s3.ap-northeast-2.amazonaws.com/goodPriceStoreImg/fc92d661-4a2e-41f4-8b5f-ca96d83655e2.png,,
527,KOREAN,새싹보리밥,새싹보리밥(+순두부+된장),9000.0,서울특별시 노원구 동일로217길 58 2층(상계동),노원구,37.6532669761244,127.057911100494,https://eatssu-bucket.s3.ap-northeast-2.amazonaws.com/goodPriceStoreImg/3737b1c0-8f1f-46d0-8ba9-a7497b24f851.png,,
528,KOREAN,손맛집,김치찌개,5000.0,"서울특별시 노원구 중계로14나길 25 104호(중계동,삼성아파트상가)",노원구,37.6485870640359,127.084143743208,https://eatssu-bucket.s3.ap-northeast-2.amazonaws.com/goodPriceStoreImg/7fced698-7323-4e7c-80fd-eb71ce8d9a81.png,,
529,KOREAN,수락산할매집,삼겹살,12000.0,서울특별시 노원구 동일로242길 109 (상계동) 1층,노원구,37.6747572764361,127.061272430853,https://eatssu-bucket.s3.ap-northeast-2.amazonaws.com/goodPriceStoreImg/94ad4619-1fee-4c84-9eac-a7349777c578.png,,
530,KOREAN,신가네 칼국수,바지락칼국수,7000.0,서울특별시 노원구 공릉로59나길 78-14 1층(하계동),노원구,37.6356927168152,127.070239129102,https://eatssu-bucket.s3.ap-northeast-2.amazonaws.com/goodPriceStoreImg/b3603dae-e416-4647-b8d4-f3604b211f4d.png,,
531,KOREAN,언제나오고가식당,동태찌개(소),15000.0,서울특별시 노원구 상계로35길 10,노원구,37.6708003838492,127.078415939221,,,
532,KOREAN,엄나무닭곰탕,닭곰탕,6000.0,서울특별시 노원구 공릉동 604-1,노원구,37.6204635895665,127.072221214955,https://eatssu-bucket.s3.ap-northeast-2.amazonaws.com/goodPriceStoreImg/0a1fd737-1f6c-42c5-9eb7-c4eb3bc6fc2c.png,,
533,KOREAN,엄니랑딸래미,김치치즈오믈렛,8000.0,"서울특별시 노원구 한글비석로 366 (중계동, 신일아파트) 상가 101동, 103-104호",노원구,37.6584690001803,127.074842153869,https://eatssu-bucket.s3.ap-northeast-2.amazonaws.com/goodPriceStoreImg/489b3469-3814-460b-8d71-f88ead6af3c5.jpg,https://eatssu-bucket.s3.ap-northeast-2.amazonaws.com/goodPriceStoreImg/82809de9-aec8-41f3-becc-bcbf8c312b0b.jpg,https://eatssu-bucket.s3.ap-northeast-2.amazonaws.com/goodPriceStoreImg/ca9f5f3d-8e9d-47b6-98c5-a32b89c3afd2.jpg
534,KOREAN,여자만아구찜,아구찜(소),23000.0,서울특별시 노원구 석계로18길 10-8 (1층),노원구,37.6234690050834,127.060893765629,https://eatssu-bucket.s3.ap-northeast-2.amazonaws.com/goodPriceStoreImg/f8fe485b-5670-45a5-ae19-7fa08cfa653d.jpg,,
535,KOREAN,영차,삼겹살,8900.0,서울특별시 노원구 상계로39길 11 (상계동) 영차,노원구,37.6712533492788,127.080227732358,https://eatssu-bucket.s3.ap-northeast-2.amazonaws.com/goodPriceStoreImg/dd019029-32f8-41b3-a90a-919c57c815bd.jpeg,,
536,KOREAN,예촌손수제비,손칼국수,8000.0,서울특별시 노원구 동일로 1096 (공릉동) 1층,노원구,37.6277681267942,127.072277220435,https://eatssu-bucket.s3.ap-northeast-2.amazonaws.com/goodPriceStoreImg/0eb964bb-a706-471e-a7c4-c9ca3de6356b.jpg,https://eatssu-bucket.s3.ap-northeast-2.amazonaws.com/goodPriceStoreImg/5a8e7620-add1-445a-85bd-d95b8b4afd88.jpg,https://eatssu-bucket.s3.ap-northeast-2.amazonaws.com/goodPriceStoreImg/784f2d07-41bb-4f9b-969c-9b5927e70293.jpg
537,KOREAN,옛날통닭,-,,서울특별시 노원구 한글비석로48길 28 (상계동) 1층 다호,노원구,37.6654244667365,127.067400311869,https://eatssu-bucket.s3.ap-northeast-2.amazonaws.com/goodPriceStoreImg/a2e8e4fa-3446-4fa6-bb78-ff918ed215ca.jpg,https://eatssu-bucket.s3.ap-northeast-2.amazonaws.com/goodPriceStoreImg/a9822383-8ad1-4b70-a4c6-abb167ae7ba4.jpg,https://eatssu-bucket.s3.ap-northeast-2.amazonaws.com/goodPriceStoreImg/55d8f657-442d-4b46-822d-ec4966b15397.jpg
538,KOREAN,옹골면,잔치국수,5000.0,서울특별시 노원구 상계로70 화랑빌딩,노원구,37.6560029371167,127.062768782263,https://eatssu-bucket.s3.ap-northeast-2.amazonaws.com/goodPriceStoreImg/1a0cb7f3-f816-44e4-b70d-380a092bdbf6.png,,
539,KOREAN,우이동멸치국수,멸치국수,6000.0,서울특별시 노원구 노원로 462 (상계동) 1층,노원구,37.6577216732959,127.06634868682,https://eatssu-bucket.s3.ap-northeast-2.amazonaws.com/goodPriceStoreImg/32ed1b46-5d76-497d-80f0-8e58e00cd696.png,,
540,KOREAN,윤호네착한메밀,옹심이칼국수,5000.0,서울특별시 노원구 상계로 111 (상계동),노원구,37.6575426833216,127.067083120473,https://eatssu-bucket.s3.ap-northeast-2.amazonaws.com/goodPriceStoreImg/25d32a6d-d3ce-4ebd-9b68-474f898f55a1.jpg,https://eatssu-bucket.s3.ap-northeast-2.amazonaws.com/goodPriceStoreImg/dda602d7-7e84-4146-86f9-762d747d7f90.jpg,https://eatssu-bucket.s3.ap-northeast-2.amazonaws.com/goodPriceStoreImg/036b3c5f-b500-40eb-b560-e4aa4f031761.jpg
541,BAKERY,은행빵집,소보루빵,800.0,"서울특별시 노원구 한글비석로 253 106호(중계동,세신빌딩)",노원구,37.6504237048351,127.0763481119,https://eatssu-bucket.s3.ap-northeast-2.amazonaws.com/goodPriceStoreImg/fd1e06d9-e605-44a7-bfac-9f69ba7835fb.png,,
542,KOREAN,이조모밀,꼬막비빔밥,10000.0,서울특별시 노원구 한글비석로 474,노원구,37.6648233542549,127.065441493669,https://eatssu-bucket.s3.ap-northeast-2.amazonaws.com/goodPriceStoreImg/905363eb-c321-44b8-b154-0f0987701e33.png,,
543,KOREAN,일번지국수,김치찌개,7000.0,서울특별시 노원구 화랑로 419-18 (공릉동) 1층,노원구,37.617755830709,127.074142900923,https://eatssu-bucket.s3.ap-northeast-2.amazonaws.com/goodPriceStoreImg/c4045de3-a72a-4aa6-bc43-e80330f5be5a.png,,
544,KOREAN,조아애떡볶이,-,,"서울특별시 노원구 한글비석로 91 (하계동, 하계1차청구아파트) 후문상가 205동 106호",노원구,37.6398260592996,127.071167444837,https://eatssu-bucket.s3.ap-northeast-2.amazonaws.com/goodPriceStoreImg/52c7f1e2-bddc-4e0f-bdc1-8738bf09dabf.jpg,,
545,CHINESE,짬뽕늬우스,자장면,5000.0,서울특별시 노원구 노해로81길 6 (상계동),노원구,37.6552999056128,127.063097398768,https://eatssu-bucket.s3.ap-northeast-2.amazonaws.com/goodPriceStoreImg/ae76d56b-e160-4df1-9b57-b41fdb7b597a.jpg,https://eatssu-bucket.s3.ap-northeast-2.amazonaws.com/goodPriceStoreImg/65da21f9-d2c0-4cb2-a582-1819801574aa.jpg,
546,KOREAN,청주삼겹살,생삼겹살,14000.0,서울특별시 노원구 석계로7길 13 (월계동) 1층,노원구,37.6163346209948,127.063799438306,https://eatssu-bucket.s3.ap-northeast-2.amazonaws.com/goodPriceStoreImg/c856f0e9-2483-4356-ad93-ba15439c3c0a.jpg,,
547,ETC,카페마레,아메리카노,2500.0,서울특별시 노원구 공릉로 312 (하계동) 1층 카페마,노원구,37.6351105182911,127.072002682717,,,
548,ETC,포샌,-,,"서울특별시 노원구 상계로1길 54-4 (상계동, 상계동 센트럴타워) 106호",노원구,37.6581574674605,127.061721168928,https://eatssu-bucket.s3.ap-northeast-2.amazonaws.com/goodPriceStoreImg/dc21702a-01c6-4ba7-8644-914e17dca875.jpg,,
549,KOREAN,피노키오,원조냉면,4000.0,"서울특별시 노원구 한글비석로 474 206호(상계동, 보람상가2층)",노원구,37.6648233542549,127.065441493669,https://eatssu-bucket.s3.ap-northeast-2.amazonaws.com/goodPriceStoreImg/208873cb-2fc2-40ba-8564-494bcc7e1659.png,,
550,CHINESE,해담,-,,"서울특별시 노원구 상계로23다길 13-8 (상계동, 노원 아이파크) 상계동 노원아이파크",노원구,37.6598474260427,127.068904053591,https://eatssu-bucket.s3.ap-northeast-2.amazonaws.com/goodPriceStoreImg/6b9d9418-b3b5-4fa8-a264-4b78154acf74.jpg,,
551,KOREAN,후문식당,-,,"서울특별시 노원구 석계로13길 25-1 (월계동, 가든빌딩) 1층",노원구,37.6201693503893,127.061355147128,https://eatssu-bucket.s3.ap-northeast-2.amazonaws.com/goodPriceStoreImg/c4d26054-a83c-445b-856a-6a39c521ae91.jpg,,
552,WESTERN,30cm돈까스,옛날돈까스,8000.0,서울특별시 은평구 연서로26길 27 (대조동),은평구,37.6156824111721,126.92184562807,https://eatssu-bucket.s3.ap-northeast-2.amazonaws.com/goodPriceStoreImg/dff2897c-f5f4-4fe2-b2b0-d622f35a9868.jpg,,
553,JAPANESE,OK스시,모듬초밥,8000.0,서울특별시 은평구 응암로4길 22 102호(응암동),은평구,37.5867972937404,126.917742147878,https://eatssu-bucket.s3.ap-northeast-2.amazonaws.com/goodPriceStoreImg/004bfaf0-5aa4-4185-9601-b73094340c73.jpg,https://eatssu-bucket.s3.ap-northeast-2.amazonaws.com/goodPriceStoreImg/b0fd5fe9-e0b5-41cd-af52-24dbd3006d59.jpg,
554,ETC,"PHO358(포358, pho358)",소고기 쌀국수(s),7000.0,서울특별시 은평구 은평로 91 (응암동) B101,은평구,37.5997087395164,126.917822037883,https://eatssu-bucket.s3.ap-northeast-2.amazonaws.com/goodPriceStoreImg/c2630e7d-6641-4c6d-b2f5-44e40c35aba7.jpg,https://eatssu-bucket.s3.ap-northeast-2.amazonaws.com/goodPriceStoreImg/ada14348-2a92-43f4-99af-ab56c7de6d0f.jpg,https://eatssu-bucket.s3.ap-northeast-2.amazonaws.com/goodPriceStoreImg/2bbedb29-5e5d-4caf-9c41-05e689670b3a.jpg
555,ETC,고마워 사랑해,아메리카노,2100.0,서울특별시 은평구 증산로23길 7 (신사동) 1층,은평구,37.5972370512711,126.914399236141,https://eatssu-bucket.s3.ap-northeast-2.amazonaws.com/goodPriceStoreImg/84c3c789-ba36-429f-899e-f58048113421.jpg,,
556,WESTERN,구파발파스타,치즈토마토 파스타,9500.0,서울특별시 은평구 진관4로 17 (진관동) 820동 상가,은평구,37.6436459287601,126.922900461734,https://eatssu-bucket.s3.ap-northeast-2.amazonaws.com/goodPriceStoreImg/305fe175-f2fe-43f7-a1ce-2edbbfaa7d67.jpg,https://eatssu-bucket.s3.ap-northeast-2.amazonaws.com/goodPriceStoreImg/8d9ff60c-a216-4b81-8fcb-ec9692bdb57b.jpg,
557,KOREAN,글로가자 포차,국물떡볶이,9000.0,서울특별시 은평구 가좌로 319 (신사동) 1층 102호,은평구,37.5958773913497,126.909482451977,https://eatssu-bucket.s3.ap-northeast-2.amazonaws.com/goodPriceStoreImg/d12bfa35-4a2d-4b58-b128-c29aae1bd5a6.jpg,,
558,KOREAN,금송아지 생고기구이,삼겹살(200g),17000.0,서울특별시 은평구 응암로 218 (응암동) 1층,은평구,37.5914100880205,126.917719520928,https://eatssu-bucket.s3.ap-northeast-2.amazonaws.com/goodPriceStoreImg/2b049eb7-4a5a-4301-a0c3-2301a0ab2abf.jpg,,
559,KOREAN,김밥하우스,어묵우동,5500.0,서울특별시 은평구 통일로78길 12-4 (불광동) 1층,은평구,37.6179469295871,126.923874945884,https://eatssu-bucket.s3.ap-northeast-2.amazonaws.com/goodPriceStoreImg/03f9cf4d-5b3e-4bb8-8ad4-ee696b2e9903.jpg,,
560,KOREAN,꾸워,삼겹살(150g),13000.0,서울특별시 은평구 은평로34 1층,은평구,37.5980444868804,126.91178557508,https://eatssu-bucket.s3.ap-northeast-2.amazonaws.com/goodPriceStoreImg/59138114-019d-4492-ad26-2754085cd579.jpg,,
561,CHINESE,대성각,짬뽕,8000.0,서울특별시 은평구 녹번로 7 (녹번동) 1층,은평구,37.6030636932128,126.926755676644,https://eatssu-bucket.s3.ap-northeast-2.amazonaws.com/goodPriceStoreImg/c27df861-820f-4463-b1bd-48ce79edfaad.jpg,https://eatssu-bucket.s3.ap-northeast-2.amazonaws.com/goodPriceStoreImg/766584b5-a75e-4c30-8aa6-748d3ce9cb05.jpg,
562,KOREAN,돈꾹,돈가스,7000.0,서울특별시 은평구 진흥로1길 8 (역촌동),은평구,37.6011265489109,126.918879408917,https://eatssu-bucket.s3.ap-northeast-2.amazonaws.com/goodPriceStoreImg/1b29b948-4f00-4656-88f2-c71758c27055.jpg,,
563,KOREAN,멸치국수,멸치국수,6500.0,서울특별시 은평구 은평로 119 2층(응암동),은평구,37.6005421050201,126.920912843506,https://eatssu-bucket.s3.ap-northeast-2.amazonaws.com/goodPriceStoreImg/c411e039-306e-4f1b-95f9-2cf2e3bcb80a.jpg,https://eatssu-bucket.s3.ap-northeast-2.amazonaws.com/goodPriceStoreImg/98fb1327-009f-48b0-b50d-81e30abd5319.jpg,
564,KOREAN,모두와돈까스,돈까스,6500.0,서울특별시 은평구 은평로197-1 (녹번동),은평구,37.6018712349694,126.929572082208,https://eatssu-bucket.s3.ap-northeast-2.amazonaws.com/goodPriceStoreImg/c1352769-d15b-4fb2-babd-80e38a510d8e.jpg,,
565,KOREAN,북한산 손칼국수,손칼국수,6500.0,서울특별시 은평구 대서문길 36 (진관동),은평구,37.6554709821584,126.948552831595,https://eatssu-bucket.s3.ap-northeast-2.amazonaws.com/goodPriceStoreImg/3d5bac19-dd4c-4452-a1cd-66449295021d.jpg,,
566,BAKERY,빵이 조아,단팥빵,1200.0,"서울특별시 은평구 백련산로 84 (응암동, 백련산 힐스테이트2차) 상가 105호",은평구,37.5930097247289,126.92364241621,https://eatssu-bucket.s3.ap-northeast-2.amazonaws.com/goodPriceStoreImg/11b9fd0f-3637-47a1-810a-bef686c972af.jpg,https://eatssu-bucket.s3.ap-northeast-2.amazonaws.com/goodPriceStoreImg/94a90b3a-0e6e-45a4-b444-38bac09d8e30.jpg,
567,KOREAN,상미김밥,야채김밥,3000.0,서울특별시 은평구 응암로4길 18-26 (응암동),은평구,37.5861459280103,126.918336023128,https://eatssu-bucket.s3.ap-northeast-2.amazonaws.com/goodPriceStoreImg/4930e856-4c60-4660-b85f-2e40878287d4.jpg,,
568,KOREAN,서교밥집,수제돈까스,6000.0,"서울특별시 은평구 서오릉로 179 (구산동, 구산아파트)",은평구,37.6128726589432,126.913426193205,https://eatssu-bucket.s3.ap-northeast-2.amazonaws.com/goodPriceStoreImg/ffc06f2f-5e6e-4162-a058-28d411c6377d.jpg,,
569,KOREAN,솥뚜껑,삼겹살,9000.0,서울특별시 은평구 연서로29길 11 (갈현동),은평구,37.6189487511628,126.918760032371,https://eatssu-bucket.s3.ap-northeast-2.amazonaws.com/goodPriceStoreImg/acdc78fe-88d9-4b72-b912-76c1483ef32b.jpg,,
570,KOREAN,숯불화로구이 와우,삼겹살(200g),11000.0,서울특별시 은평구 가좌로 248-1 (응암동) 1층,은평구,37.5916719847653,126.915520681426,https://eatssu-bucket.s3.ap-northeast-2.amazonaws.com/goodPriceStoreImg/69282b4b-b6c8-4c59-a2c5-1f7f1c4fe935.jpg,,
571,KOREAN,시골정통순대국,순대국,8000.0,서울특별시 은평구 응암로12길 12-15 (응암동),은평구,37.5875014204653,126.918132441265,https://eatssu-bucket.s3.ap-northeast-2.amazonaws.com/goodPriceStoreImg/8b85a515-bff8-4d4f-ae1a-989a1a323d19.jpg,,
572,KOREAN,시장냉면,물냉면,7000.0,서울특별시 은평구 응암로22길 5-17 (응암동) (응암동),은평구,37.5943219352295,126.918792473588,https://eatssu-bucket.s3.ap-northeast-2.amazonaws.com/goodPriceStoreImg/bcad6b37-d17c-471d-aa87-d8ab6fd81ec7.jpg,,
573,KOREAN,신가네 김밥,야채김밥,2000.0,서울특별시 은평구 진흥로1길 17 (역촌동) 1층,은평구,37.6019948648231,126.918532732761,https://eatssu-bucket.s3.ap-northeast-2.amazonaws.com/goodPriceStoreImg/7936523c-374d-42a5-9d9f-62ab8c39fe17.jpg,,
574,KOREAN,신가네김밥(갈현점),-,,서울특별시 은평구 갈현로 209 (갈현동) 1층,은평구,37.616087268367,126.913635404844,https://eatssu-bucket.s3.ap-northeast-2.amazonaws.com/goodPriceStoreImg/6d782381-2207-4b45-a8bb-ab73b4929eef.jpg,,
575,KOREAN,양구손두부,보쌈(두부)정식,12000.0,서울특별시 은평구 통일로83길 5-21 (갈현동),은평구,37.6204265226635,126.918718892534,https://eatssu-bucket.s3.ap-northeast-2.amazonaws.com/goodPriceStoreImg/f8a0e6ff-d53f-4ae8-8022-eb0cc12bf0f8.jpg,,
576,KOREAN,역촌동멸치국수,멸치국수,5500.0,서울특별시 은평구 역말로 24 (역촌동),은평구,37.6055444555547,126.912925292168,https://eatssu-bucket.s3.ap-northeast-2.amazonaws.com/goodPriceStoreImg/7aa5a0c4-ae11-461e-ac98-1b8c57dad543.png,,
577,CHINESE,왕짜장,짜장면,5500.0,서울특별시 은평구 연서로 271-1 (불광동) 1층,은평구,37.6208625034958,126.92454186623,https://eatssu-bucket.s3.ap-northeast-2.amazonaws.com/goodPriceStoreImg/541b4c4f-56a3-47cd-a443-2c937b31d350.jpg,,
578,KOREAN,우경촌,게장백반(점심),9000.0,서울특별시 은평구 통일로78길 4-4 (불광동),은평구,37.6174219095873,126.92343498501,https://eatssu-bucket.s3.ap-northeast-2.amazonaws.com/goodPriceStoreImg/2250f8a3-4675-4fdb-8f88-a85119ed0a88.jpg,https://eatssu-bucket.s3.ap-northeast-2.amazonaws.com/goodPriceStoreImg/8f4916c0-d9b7-4fab-9093-b4fee0971359.jpg,
579,KOREAN,원조 추어탕,소머리국밥,9000.0,서울특별시 은평구 통일로80길 8 (불광동) 2층 우측호,은평구,37.6199268590915,126.921550078765,https://eatssu-bucket.s3.ap-northeast-2.amazonaws.com/goodPriceStoreImg/ccb3bd78-5036-40ca-b683-1d3525815181.jpg,,
580,KOREAN,은평소댕,제육정식,9000.0,서울특별시 은평구 연서로3가길 13 (역촌동) 1층,은평구,37.6035702994642,126.914655956589,https://eatssu-bucket.s3.ap-northeast-2.amazonaws.com/goodPriceStoreImg/b751e1eb-0824-4015-958c-294e2c6134ee.jpg,,
581,KOREAN,은평왕돈까스,왕돈까스,9000.0,"서울특별시 은평구 은평로12길 7-9 (응암동, 레반트아파트) 105호",은평구,37.6004860294261,126.9258571409,https://eatssu-bucket.s3.ap-northeast-2.amazonaws.com/goodPriceStoreImg/0829d9c9-bd88-41d3-a5d4-65ba0ae2c38e.jpg,,
582,KOREAN,은평정육식당,국내산 생삼겹살(200g),7900.0,서울특별시 은평구 서오릉로 127 (역촌동) 1층 은평정육식당,은평구,37.6103657145501,126.918308528742,https://eatssu-bucket.s3.ap-northeast-2.amazonaws.com/goodPriceStoreImg/462236a0-a04f-4fa5-9a85-c90377561378.jpg,,
583,KOREAN,은평정육식당 2호점,-,,서울특별시 은평구 은평로 112 (응암동) 1층,은평구,37.5998176499827,126.920289994893,https://eatssu-bucket.s3.ap-northeast-2.amazonaws.com/goodPriceStoreImg/8b36b919-e61c-4b55-b405-27e67a3bd8c4.jpg,,
584,KOREAN,은혜분식,김치찌개,9000.0,서울특별시 은평구 역말로9길 41 1층,은평구,37.6147070699435,126.92222234251,https://eatssu-bucket.s3.ap-northeast-2.amazonaws.com/goodPriceStoreImg/84ed8222-5e95-4eba-9952-bded5cd7518a.jpg,https://eatssu-bucket.s3.ap-northeast-2.amazonaws.com/goodPriceStoreImg/9ca47bc3-9bb5-4b7a-8c06-2d20542ec1e2.jpg,
585,KOREAN,응암칼국수,삼겹순대국,8000.0,서울특별시 은평구 응암로21길18-1 (응암동),은평구,37.5943507976798,126.915877505216,https://eatssu-bucket.s3.ap-northeast-2.amazonaws.com/goodPriceStoreImg/541507f0-1c6a-48cd-b8dc-fb9df230a232.jpg,,
586,KOREAN,이모네 밥상,청국장,8000.0,"서울특별시 은평구 진관3로 70 (진관동, 은평뉴타운상림마을) 롯데캐슬 823동 상가 103호",은평구,37.6422598317106,126.923141080933,https://eatssu-bucket.s3.ap-northeast-2.amazonaws.com/goodPriceStoreImg/b2a8be47-6e52-4a34-ab39-88ff4f755fce.jpg,https://eatssu-bucket.s3.ap-northeast-2.amazonaws.com/goodPriceStoreImg/036d2fe3-7342-497a-af12-7a35360ed98a.jpg,
587,KOREAN,인생돈카츠,등심돈카츠 도시락,8500.0,서울특별시 은평구 통일로65길 12-10 (대조동),은평구,37.6097411148202,126.929579724913,https://eatssu-bucket.s3.ap-northeast-2.amazonaws.com/goodPriceStoreImg/b735a3b2-5647-4b47-96e2-5cdfb1431b40.jpg,,
588,KOREAN,임가네 갈비탕,왕갈비탕,15900.0,"서울특별시 은평구 응암로 291-1 (응암동) 1층 101호, 102호",은평구,37.5977301896742,126.920090432842,https://eatssu-bucket.s3.ap-northeast-2.amazonaws.com/goodPriceStoreImg/8f054e80-2019-4d0d-87b0-44ac3ef8c696.jpg,,
589,CHINESE,장가구,짬뽕,7000.0,서울특별시 은평구 연서로4길 19 (역촌동) 2층,은평구,37.602732419623,126.918148141435,https://eatssu-bucket.s3.ap-northeast-2.amazonaws.com/goodPriceStoreImg/528fffff-1fe4-467b-8ccf-70a0cbceddbd.jpg,https://eatssu-bucket.s3.ap-northeast-2.amazonaws.com/goodPriceStoreImg/04615590-445c-4937-9295-6d2053411764.jpg,
590,KOREAN,장모님 보리밥,보리밥,9000.0,서울특별시 은평구 통일로 850 (불광동) 연서시장,은평구,37.6193203344525,126.921445035076,https://eatssu-bucket.s3.ap-northeast-2.amazonaws.com/goodPriceStoreImg/70b8527f-224f-4a35-9ae8-a71971fac8ea.jpg,https://eatssu-bucket.s3.ap-northeast-2.amazonaws.com/goodPriceStoreImg/d7562f14-5932-4e8d-8990-403d8bd098b8.jpg,https://eatssu-bucket.s3.ap-northeast-2.amazonaws.com/goodPriceStoreImg/f4dd6b56-3110-445c-a485-29870a6da5c3.jpg
591,KOREAN,장수칼국수와 돈까스,칼국수,5000.0,서울특별시 은평구 통일로87길 6-11 (갈현동),은평구,37.6238653434559,126.919014312892,https://eatssu-bucket.s3.ap-northeast-2.amazonaws.com/goodPriceStoreImg/b83b1320-9cea-47a4-a620-d07411bd8bc5.jpg,,
592,KOREAN,전주식당,소내장탕,10000.0,서울특별시 은평구 은평터널로 3 (수색동),은평구,37.5825859122816,126.895675523366,https://eatssu-bucket.s3.ap-northeast-2.amazonaws.com/goodPriceStoreImg/e5a16198-b25d-44d1-869d-1ec5cb2bfef0.jpg,,
593,KOREAN,종로시골전집,들깨순두부,7000.0,서울특별시 은평구 연서로 283-1 (불광동) 1층,은평구,37.6213248051593,126.925685570787,https://eatssu-bucket.s3.ap-northeast-2.amazonaws.com/goodPriceStoreImg/e9886adf-332b-4ed1-b9c1-eebec5eac851.jpg,,
594,KOREAN,진국수,칼국수,6000.0,서울특별시 은평구 진흥로 163 (대조동) 1층 진국수,은평구,37.6090026398195,126.927898253045,https://eatssu-bucket.s3.ap-northeast-2.amazonaws.com/goodPriceStoreImg/3ab81c6a-2b47-4033-9398-68aaff629c90.jpg,,
595,KOREAN,진국수,잔치국수,6000.0,서울특별시 은평구 연서로 247 (불광동) 1층,은평구,37.6196909418421,126.922171955937,https://eatssu-bucket.s3.ap-northeast-2.amazonaws.com/goodPriceStoreImg/dae187b6-7dd2-4fa3-9bf4-0f48909afabc.jpg,,
596,KOREAN,참맛어울림,만원의행복(연탄불고기 쭈꾸미 고등어구이 털레기수제비)/3인이상 주문가능,10000.0,서울특별시 은평구 은평로 187-2 (녹번동) 1층,은평구,37.6019853647024,126.928778475333,https://eatssu-bucket.s3.ap-northeast-2.amazonaws.com/goodPriceStoreImg/f5d68466-2106-4804-8f41-2604179140c8.jpg,https://eatssu-bucket.s3.ap-northeast-2.amazonaws.com/goodPriceStoreImg/35b37d47-98cf-4f03-b1d0-4059060f41bd.jpg,https://eatssu-bucket.s3.ap-northeast-2.amazonaws.com/goodPriceStoreImg/cf6c9cf7-2cbe-4f84-a9c5-d8b1f8af062c.jpg
597,ETC,커피앤,아메리카노,2800.0,서울특별시 은평구 통일로63길 6 (녹번동) 1층,은평구,37.6080262354279,126.931370058911,https://eatssu-bucket.s3.ap-northeast-2.amazonaws.com/goodPriceStoreImg/002e1f1b-9030-421f-bcc1-8600cce30741.jpg,,
598,KOREAN,털보고된이,김치찌개,9000.0,서울특별시 은평구 통일로83길 9-1 1층,은평구,37.6208365485509,126.918699303107,https://eatssu-bucket.s3.ap-northeast-2.amazonaws.com/goodPriceStoreImg/87943549-30ce-472a-af6b-4f648bb43d3d.jpg,https://eatssu-bucket.s3.ap-northeast-2.amazonaws.com/goodPriceStoreImg/fac5634b-0539-49f9-9ade-72faaf48a70d.jpg,https://eatssu-bucket.s3.ap-northeast-2.amazonaws.com/goodPriceStoreImg/fc520377-1b3c-4463-b0e5-81c8e10c53f5.jpg
599,KOREAN,토종능이버섯닭오리백숙,능이 닭곰탕,8000.0,서울특별시 은평구 은평로 201-5 (녹번동) 1층,은평구,37.6018023059588,126.929717778353,https://eatssu-bucket.s3.ap-northeast-2.amazonaws.com/goodPriceStoreImg/ab646fef-ea23-4c60-8e91-ec74207cdfa2.jpg,https://eatssu-bucket.s3.ap-northeast-2.amazonaws.com/goodPriceStoreImg/4ce845cd-61c5-486c-bd85-bab45efd30e7.jpg,
600,ETC,펀스터,크루아상,3400.0,서울특별시 은평구 증산로3길 8-15 (증산동) 1층,은평구,37.5813823316857,126.905702175139,https://eatssu-bucket.s3.ap-northeast-2.amazonaws.com/goodPriceStoreImg/ab91b90d-4cf9-44dc-a7c7-f1da0c88e9c8.jpg,,
601,KOREAN,포항물회,모듬물회,40000.0,서울특별시 은평구 통일로83길 15-1 (갈현동) 1층,은평구,37.6207410210947,126.918015242848,https://eatssu-bucket.s3.ap-northeast-2.amazonaws.com/goodPriceStoreImg/044f6289-1636-4f30-8b35-2f35f38969ec.jpg,,
602,ETC,풍성분식,꽈배기(2개),1000.0,서울특별시 은평구 연서로 263 (불광동) 1층 풍성분식,은평구,37.6203998901883,126.923908465253,https://eatssu-bucket.s3.ap-northeast-2.amazonaws.com/goodPriceStoreImg/daff8eac-462e-4c33-9a7c-7bde9f09d303.jpg,,
603,ETC,하루커피,아메리카노,3300.0,서울특별시 은평구 가좌로 185 (응암동) 1층,은평구,37.5873603098915,126.920349022441,https://eatssu-bucket.s3.ap-northeast-2.amazonaws.com/goodPriceStoreImg/3b033f22-fe5f-47a2-b29f-ceb1b8575b2c.jpg,https://eatssu-bucket.s3.ap-northeast-2.amazonaws.com/goodPriceStoreImg/19bb2a86-468a-43cc-8e87-2a87415f4c62.jpg,
604,KOREAN,한옥집,백반(생선구이),8000.0,서울특별시 은평구 연서로48길 33-1 (진관동),은평구,37.6382643293204,126.938341630343,https://eatssu-bucket.s3.ap-northeast-2.amazonaws.com/goodPriceStoreImg/f9e30c8f-acab-459e-b6f0-3c1358d0cf94.jpg,,
605,KOREAN,한잔의추억,냉삼덮밥,5000.0,서울특별시 은평구 역말로 18 (역촌동) 1층,은평구,37.6054921629982,126.912390817365,https://eatssu-bucket.s3.ap-northeast-2.amazonaws.com/goodPriceStoreImg/bbf055ab-d019-46a5-a746-004284930c0d.jpg,https://eatssu-bucket.s3.ap-northeast-2.amazonaws.com/goodPriceStoreImg/4e49f0c0-1bba-40d0-94b8-5dd3ab6bb10f.jpg,https://eatssu-bucket.s3.ap-northeast-2.amazonaws.com/goodPriceStoreImg/57cc7263-4232-45a0-a36d-688bdf83c8ef.jpg
606,KOREAN,행복밥상,청국장,7000.0,서울특별시 은평구 갈현로 302-7 (갈현동),은평구,37.6238127865365,126.917540864079,https://eatssu-bucket.s3.ap-northeast-2.amazonaws.com/goodPriceStoreImg/5f4f3173-0e35-4c6f-b1a1-a7d13781416a.jpg,,
607,KOREAN,효면옥,갈비탕,14000.0,서울특별시 은평구 증산로 429 (신사동) 전부,은평구,37.594645404311,126.914225675183,https://eatssu-bucket.s3.ap-northeast-2.amazonaws.com/goodPriceStoreImg/836dcb13-f39a-4af7-87eb-08ca764acd6f.jpg,https://eatssu-bucket.s3.ap-northeast-2.amazonaws.com/goodPriceStoreImg/a9cb45b4-c282-4722-888e-b0db4e516aaf.jpg,
608,JAPANESE,히카리우동,히카리우동,5500.0,서울특별시 은평구 가좌로 190 (응암동) 2층,은평구,37.5879250434129,126.92020292977,https://eatssu-bucket.s3.ap-northeast-2.amazonaws.com/goodPriceStoreImg/5ba04691-85ea-4ba7-8e44-570aa2ec58bd.jpg,,
609,ETC,가마솥 꽈배기,꽈배기 4개,1000.0,서울특별시 서대문구 통일로 189-1 (영천동) 1층,서대문구,37.570349534206,126.961866338275,https://eatssu-bucket.s3.ap-northeast-2.amazonaws.com/goodPriceStoreImg/3de67b32-b9f6-4015-b98a-d6fa9f1f8585.jpeg,https://eatssu-bucket.s3.ap-northeast-2.amazonaws.com/goodPriceStoreImg/2a0ee8af-8246-4ba7-ba57-a7f247aeb693.jpeg,https://eatssu-bucket.s3.ap-northeast-2.amazonaws.com/goodPriceStoreImg/4a323634-94e7-4195-9448-3ac8374cf7e2.jpeg
610,KOREAN,가이오국수,부추국수,8500.0,서울특별시 서대문구 통일로37길 15 (홍제동) 1층,서대문구,37.5875414481703,126.944303982046,https://eatssu-bucket.s3.ap-northeast-2.amazonaws.com/goodPriceStoreImg/989b4310-2cb2-4822-8bc4-e2fca287c781.png,,
611,KOREAN,고냉지,김치찌개+비빔밥,9000.0,서울특별시 서대문구 연세로2마길 30 (대현동) 1층,서대문구,37.5585039932418,126.942214946709,https://eatssu-bucket.s3.ap-northeast-2.amazonaws.com/goodPriceStoreImg/f9736d0b-bb35-478a-944e-7e7c1a6fa1ab.jpeg,,
612,KOREAN,공룡치킨,통닭,9000.0,서울특별시 서대문구 홍은중앙로 97 (홍은동) 1층,서대문구,37.5995002619768,126.948356762502,https://eatssu-bucket.s3.ap-northeast-2.amazonaws.com/goodPriceStoreImg/143a49e1-7789-4032-af15-16f6cba8b9f2.jpeg,https://eatssu-bucket.s3.ap-northeast-2.amazonaws.com/goodPriceStoreImg/02eb3535-fb9b-4cd9-8fda-e01e8e23089f.jpeg,https://eatssu-bucket.s3.ap-northeast-2.amazonaws.com/goodPriceStoreImg/b1df610a-cb4a-4dec-82af-61de599a1d24.jpeg
613,KOREAN,금정가든,삼겹살,14000.0,서울특별시 서대문구 증가로10길 67 (홍은동) 1층,서대문구,37.5797894328651,126.925434111446,,,
614,ETC,까루나,에스프레소,4000.0,서울특별시 서대문구 홍제내길 42 (홍제동) 1층,서대문구,37.5843914591086,126.936403206045,https://eatssu-bucket.s3.ap-northeast-2.amazonaws.com/goodPriceStoreImg/92b381ea-6eff-4c1b-b29c-717be52838d8.jpg,https://eatssu-bucket.s3.ap-northeast-2.amazonaws.com/goodPriceStoreImg/7e024bfa-7db6-477c-8a4a-e160ae6464f8.jpg,
615,KOREAN,낙원식당,된장찌개,9000.0,서울특별시 서대문구 응암로141,서대문구,37.5849623414895,126.914708792561,https://eatssu-bucket.s3.ap-northeast-2.amazonaws.com/goodPriceStoreImg/f2bde0b7-e3cc-42ce-886d-d70f773c46c6.jpg,,
616,KOREAN,날아라분식,왕돈까스,8000.0,서울특별시 서대문구 경기대로 39 (충정로3가) 1층,서대문구,37.5629573257303,126.961904175038,https://eatssu-bucket.s3.ap-northeast-2.amazonaws.com/goodPriceStoreImg/a2df80f3-5f9c-44af-aea9-163a3e36aaa6.jpeg,https://eatssu-bucket.s3.ap-northeast-2.amazonaws.com/goodPriceStoreImg/6ba66679-b792-4294-a345-fcfcfd46028a.jpeg,
617,ETC,노잉로스팅하우스,햄치즈샌드위치,6500.0,서울특별시 서대문구 가재울로6길 53-65 (남가좌동) 1층,서대문구,37.5767009967522,126.922895501529,https://eatssu-bucket.s3.ap-northeast-2.amazonaws.com/goodPriceStoreImg/a1f6f0ab-65c3-43ff-ab08-127f1e4de34c.jpeg,,
618,KOREAN,늘우짜,짜장,7000.0,서울특별시 서대문구 가재울로 72 (남가좌동) 1층,서대문구,37.5762025042074,126.921029043022,https://eatssu-bucket.s3.ap-northeast-2.amazonaws.com/goodPriceStoreImg/1b4774a0-8139-49ef-b295-92819dccf921.jpg,,
619,CHINESE,당가원 홍제점,차돌짬뽕,10500.0,서울특별시 서대문구 세무서7길 20 (홍제동) 1층,서대문구,37.5917951491314,126.94591024019,https://eatssu-bucket.s3.ap-northeast-2.amazonaws.com/goodPriceStoreImg/b76464bf-0afa-4913-9b6f-4ad18e9a630e.jpeg,https://eatssu-bucket.s3.ap-northeast-2.amazonaws.com/goodPriceStoreImg/48a91eef-fdaa-4476-b9b7-448103a2e68c.jpeg,
620,KOREAN,대명꼬기,삼겹살,7000.0,서울특별시 서대문구 명물길 27-15,서대문구,37.5587604706847,126.938056010036,https://eatssu-bucket.s3.ap-northeast-2.amazonaws.com/goodPriceStoreImg/bf530fcf-b0e1-4aa9-a602-87649a0fa3d0.jpg,,
621,KOREAN,대성도가니탕,도가니탕,13000.0,서울특별시 서대문구 영천시장길 54 (옥천동),서대문구,37.569954752141,126.961972037569,https://eatssu-bucket.s3.ap-northeast-2.amazonaws.com/goodPriceStoreImg/0a10903b-57a7-421f-adad-d666cc21779c.jpeg,,
622,KOREAN,더 치킨맨,크리스피,13000.0,서울특별시 서대문구 통일로 364 (홍제동) 1층,서대문구,37.5828309658005,126.950359953974,https://eatssu-bucket.s3.ap-northeast-2.amazonaws.com/goodPriceStoreImg/8d3659ca-39c0-48cc-93d1-b7ae5a46c084.jpg,https://eatssu-bucket.s3.ap-northeast-2.amazonaws.com/goodPriceStoreImg/f7efd12a-2201-4d2c-805e-d24bd7df2256.jpg,
623,KOREAN,등촌샤브칼국수 신촌점,얼큰버섯칼국수(1인분),11000.0,서울특별시 서대문구 신촌역로 43 (창천동) 1층 좌측,서대문구,37.5589480319722,126.940635648618,https://eatssu-bucket.s3.ap-northeast-2.amazonaws.com/goodPriceStoreImg/d7785836-2c93-47fa-b3d8-c89a7ec3babe.jpeg,https://eatssu-bucket.s3.ap-northeast-2.amazonaws.com/goodPriceStoreImg/9ac31585-94af-49af-9ecd-7bd77f11379a.jpeg,
624,KOREAN,따뜻한밥상 홍제,김치찌개,3000.0,서울특별시 서대문구 통일로40길 9 (홍제동) 2층,서대문구,37.5903326793511,126.943267128361,https://eatssu-bucket.s3.ap-northeast-2.amazonaws.com/goodPriceStoreImg/57edb621-c154-4e04-a65a-649e48503364.jpg,https://eatssu-bucket.s3.ap-northeast-2.amazonaws.com/goodPriceStoreImg/4310d74a-0fd2-4e96-aa60-c775739830ca.jpg,
625,CHINESE,라이빈,자장면,5000.0,서울특별시 서대문구 영천시장길 66 (옥천동) 1층,서대문구,37.569664876076,126.962454281861,https://eatssu-bucket.s3.ap-northeast-2.amazonaws.com/goodPriceStoreImg/4afb7ff8-8d0a-43ac-abe7-a3b3e0f802d3.jpeg,,
626,KOREAN,마포차돌박이,국내산 차돌박이,9900.0,서울특별시 서대문구 연세로9길 37 (창천동) 101호,서대문구,37.5585325372377,126.934582765695,https://eatssu-bucket.s3.ap-northeast-2.amazonaws.com/goodPriceStoreImg/c136b652-6c3b-470d-b5d5-3cdaa1ef9a6a.jpeg,,
627,KOREAN,명물갈비,수제돼지갈비,15000.0,서울특별시 서대문구 명물길 43-3,서대문구,37.5587963747686,126.938485605546,https://eatssu-bucket.s3.ap-northeast-2.amazonaws.com/goodPriceStoreImg/9076ab99-faae-461b-8f48-9e995202c87b.jpg,,
628,KOREAN,명인강메밀,메밀전병,12000.0,서울특별시 서대문구 충정로 43-4 (충정로3가) 1층,서대문구,37.5630162425604,126.964180178209,https://eatssu-bucket.s3.ap-northeast-2.amazonaws.com/goodPriceStoreImg/ce76ae49-8533-49fd-9636-3b51a437f0df.jpg,https://eatssu-bucket.s3.ap-northeast-2.amazonaws.com/goodPriceStoreImg/7ac2d11e-13c5-42c3-bf94-8ab828ea3b7a.jpg,
629,KOREAN,명지 장수오리,생오리정식,15800.0,서울특별시 서대문구 모래내로 275 (홍은동) 1층,서대문구,37.5772850884939,126.928588614002,https://eatssu-bucket.s3.ap-northeast-2.amazonaws.com/goodPriceStoreImg/1bb3b2d7-055c-4321-bd39-a77213ecc3e5.jpeg,https://eatssu-bucket.s3.ap-northeast-2.amazonaws.com/goodPriceStoreImg/711136f3-0eb0-4d77-8782-cf811e21e1ea.jpeg,https://eatssu-bucket.s3.ap-northeast-2.amazonaws.com/goodPriceStoreImg/f3166127-d4b2-40d7-9326-09757ccecdeb.jpeg
630,WESTERN,미식가,돈가스,10000.0,서울특별시 서대문구 가재울로10길 41 (남가좌동) 1층,서대문구,37.5770619910359,126.922705622393,https://eatssu-bucket.s3.ap-northeast-2.amazonaws.com/goodPriceStoreImg/93ca3f87-9b4d-470e-8c9e-b60062e85e9b.jpg,https://eatssu-bucket.s3.ap-northeast-2.amazonaws.com/goodPriceStoreImg/59cfdaf6-4284-4740-9270-5231f18423ab.jpg,
631,WESTERN,밀,포르치니파케리,19500.0,서울특별시 서대문구 증가로8길 8-1 (남가좌동) 1층,서대문구,37.577726721289,126.924338739337,https://eatssu-bucket.s3.ap-northeast-2.amazonaws.com/goodPriceStoreImg/f709b8aa-71bf-40e2-b34e-a08b1ff5e563.jpg,https://eatssu-bucket.s3.ap-northeast-2.amazonaws.com/goodPriceStoreImg/08a9af0c-2a76-462f-aca7-a21ab163b325.jpg,
632,KOREAN,박가네,순두부찌개,9500.0,서울특별시 서대문구 이화여대3길 12-4 (대현동) 1층,서대문구,37.5581460450824,126.945084384063,https://eatssu-bucket.s3.ap-northeast-2.amazonaws.com/goodPriceStoreImg/edba16ed-8e89-46fb-82a2-f14402715101.jpeg,,
633,KOREAN,밥 보다 국시,잔치국수,5000.0,서울특별시 서대문구 세검정로3길 64 1층,서대문구,37.5938417010464,126.947392091148,https://eatssu-bucket.s3.ap-northeast-2.amazonaws.com/goodPriceStoreImg/723d950e-23ba-4e2a-a9cf-09d64523e3f3.jpg,,
634,KOREAN,배나무집소반,김치찜,7500.0,서울특별시 서대문구 홍제원4길 8 (홍제동) 1층,서대문구,37.5863743438234,126.94733915173,https://eatssu-bucket.s3.ap-northeast-2.amazonaws.com/goodPriceStoreImg/a6e23037-0d0a-4136-8aec-8fe6b0fbd479.jpg,https://eatssu-bucket.s3.ap-northeast-2.amazonaws.com/goodPriceStoreImg/7687644f-68c7-4fde-a9d8-efefc910cf8b.jpg,https://eatssu-bucket.s3.ap-northeast-2.amazonaws.com/goodPriceStoreImg/db208022-04ab-4d8a-854c-b45e58a90465.jpg
635,KOREAN,백반&찌개,백반,7000.0,서울특별시 서대문구 북아현로4길 9-8 (북아현동) 1층,서대문구,37.5595534832804,126.957512503889,https://eatssu-bucket.s3.ap-northeast-2.amazonaws.com/goodPriceStoreImg/60543ede-4cf9-4ebd-bd39-d43da11c1446.jpg,,
636,ETC,베트남시장쌀국수,쌀국수,9000.0,서울특별시 서대문구 영천시장길 30 (영천동),서대문구,37.5707413355711,126.96091302407,https://eatssu-bucket.s3.ap-northeast-2.amazonaws.com/goodPriceStoreImg/c7a09570-4b7a-4160-a8cc-be9daaa7cf34.jpg,,
637,ETC,본솔커피,아메리카노,3500.0,서울특별시 서대문구 증가로 82,서대문구,37.574761208625,126.927236781956,https://eatssu-bucket.s3.ap-northeast-2.amazonaws.com/goodPriceStoreImg/732907d5-c64a-41ee-bf8f-d0db317dfdc9.jpg,,
638,KOREAN,불밥,불밥,10000.0,서울특별시 서대문구 이화여대8길 11 (대현동),서대문구,37.5588491585816,126.946403302892,https://eatssu-bucket.s3.ap-northeast-2.amazonaws.com/goodPriceStoreImg/19affc2e-17c4-425a-8fb2-2aeea00a2aea.jpg,,
639,JAPANESE,비쿠리야,스테미나 철판,12900.0,서울특별시 서대문구 연세로7안길 34-4 (창천동) 지하,서대문구,37.5582737615065,126.935055395291,https://eatssu-bucket.s3.ap-northeast-2.amazonaws.com/goodPriceStoreImg/ad39d924-afb1-4947-96bc-ec1c37f97b24.jpg,,
640,WESTERN,빠오돈,수제등심돈까스1장,3500.0,서울특별시 서대문구 거북골로 174-1 (북가좌동) 1층,서대문구,37.5769793789037,126.911072668656,https://eatssu-bucket.s3.ap-northeast-2.amazonaws.com/goodPriceStoreImg/74f0caf0-9768-42a0-bf32-8cecaa0f54d0.jpg,,
641,KOREAN,샤브이야기 신촌기차역점,샤브샤브,8500.0,서울특별시 서대문구 신촌역로 31 (대현동) 우측호,서대문구,37.5589110129888,126.941927951037,https://eatssu-bucket.s3.ap-northeast-2.amazonaws.com/goodPriceStoreImg/0135dfa8-04e9-42fe-9bb7-af06fff75734.jpeg,,
642,KOREAN,선희네 명태조림,코다리조림(점심),10000.0,서울특별시 서대문구 경기대로 62 (충정로2가) 2층,서대문구,37.5642990614534,126.963820082909,https://eatssu-bucket.s3.ap-northeast-2.amazonaws.com/goodPriceStoreImg/afc15aae-412e-44bb-baf0-316fbba26a44.jpg,https://eatssu-bucket.s3.ap-northeast-2.amazonaws.com/goodPriceStoreImg/49bf5ed9-2d16-42c3-9f38-7675be00670b.jpg,
643,KOREAN,소문난냉면,물(비빔)냉면,7000.0,서울특별시 서대문구 거북골로 210,서대문구,37.5790496977319,126.908150545374,https://eatssu-bucket.s3.ap-northeast-2.amazonaws.com/goodPriceStoreImg/cad20d13-ae16-4f0c-98ed-2082394384bb.jpg,,
644,KOREAN,소문난화순집,생선구이백반,8000.0,서울특별시 서대문구 증가로 220 (북가좌동) 1층,서대문구,37.5814340155239,126.914782556795,https://eatssu-bucket.s3.ap-northeast-2.amazonaws.com/goodPriceStoreImg/183b0ed7-0cbc-4b45-811c-9d4aafa3c0c5.png,,
645,KOREAN,소오,카레라이스,8500.0,서울특별시 서대문구 이화여대길 50-10 (대현동) 1층,서대문구,37.559084989016,126.946291992341,https://eatssu-bucket.s3.ap-northeast-2.amazonaws.com/goodPriceStoreImg/e6714f95-1470-4a16-9b1e-927ae9ba91e1.jpg,https://eatssu-bucket.s3.ap-northeast-2.amazonaws.com/goodPriceStoreImg/0dab0d66-9baa-443a-85b1-ab08d967eb7e.jpg,
646,KOREAN,송림기사식당,냉삼겹살,13000.0,서울특별시 서대문구 모래내로209,서대문구,37.5735595676059,126.922861837008,https://eatssu-bucket.s3.ap-northeast-2.amazonaws.com/goodPriceStoreImg/92f613c8-05e1-441d-ae9f-a3e32c58341b.jpg,,
648,KOREAN,아콘스톨,아콘스톨김밥,3000.0,서울특별시 서대문구 신촌역로 17 (대현동) 1층 110호,서대문구,37.5582949705995,126.942417130232,https://eatssu-bucket.s3.ap-northeast-2.amazonaws.com/goodPriceStoreImg/c80f166f-fe56-4d0b-9160-adad31f7349f.jpeg,https://eatssu-bucket.s3.ap-northeast-2.amazonaws.com/goodPriceStoreImg/57c0b547-8860-48f7-9066-b1d816b1c99e.jpeg,https://eatssu-bucket.s3.ap-northeast-2.amazonaws.com/goodPriceStoreImg/7b37627f-accc-4b08-90f8-a634444c2790.jpeg
649,KOREAN,엉터리돼지갈비,동태찌개,6000.0,서울특별시 서대문구 포방터길 71,서대문구,37.5999079501205,126.949373042104,https://eatssu-bucket.s3.ap-northeast-2.amazonaws.com/goodPriceStoreImg/d88db578-b0f3-4d68-ae2e-d167b8ed2a4d.jpg,,
650,WESTERN,에버그린,돈가스,8000.0,서울특별시 서대문구 모래내로 350 (홍은동) 1층,서대문구,37.5809989065081,126.935330124979,https://eatssu-bucket.s3.ap-northeast-2.amazonaws.com/goodPriceStoreImg/2ab17db1-8184-441f-bd40-a8a60e56f7d7.png,https://eatssu-bucket.s3.ap-northeast-2.amazonaws.com/goodPriceStoreImg/c5e03a47-459e-4611-8cd1-7dde32d02f74.jpeg,https://eatssu-bucket.s3.ap-northeast-2.amazonaws.com/goodPriceStoreImg/899ab6a3-aad4-4bb4-9b2f-b8cf7c93bce7.jpeg
651,KOREAN,여리네닭갈비,닭갈비(1인분),10000.0,서울특별시 서대문구 통일로37길 23 (홍제동) 102호,서대문구,37.5871751641566,126.944239379124,https://eatssu-bucket.s3.ap-northeast-2.amazonaws.com/goodPriceStoreImg/4c64bfc6-175f-4737-ae03-fe684fc0bd93.jpeg,https://eatssu-bucket.s3.ap-northeast-2.amazonaws.com/goodPriceStoreImg/b73b87e6-5bbc-4b7e-bec0-d6053cdfe8f3.jpeg,
652,KOREAN,연안식당,"생삼겹
주물럭(300g)",15000.0,서울특별시 서대문구 증가로 258,서대문구,37.5837651994635,126.911656151918,https://eatssu-bucket.s3.ap-northeast-2.amazonaws.com/goodPriceStoreImg/c61d187b-2424-4b50-a3e5-ad784c2b58c7.jpg,https://eatssu-bucket.s3.ap-northeast-2.amazonaws.com/goodPriceStoreImg/d8880858-97e3-48e0-aa1a-6d31275c6aa7.jpg,https://eatssu-bucket.s3.ap-northeast-2.amazonaws.com/goodPriceStoreImg/288765fb-1725-4a4e-a89e-ea5f10b9f44f.jpg
653,KOREAN,연희순대국,순대국,9000.0,서울특별시 서대문구 증가로 131 (남가좌동) 1층,서대문구,37.5772805104323,126.923024751681,https://eatssu-bucket.s3.ap-northeast-2.amazonaws.com/goodPriceStoreImg/a76b1e20-07c1-4155-8b25-31635804be71.jpg,https://eatssu-bucket.s3.ap-northeast-2.amazonaws.com/goodPriceStoreImg/a314f2ed-28c5-42b3-9ebb-2306f0c72b77.jpg,
654,ETC,오누정,오란다,1200.0,서울특별시 서대문구 홍연길 90 (연희동) 1층 3호,서대문구,37.5768058055173,126.931556078711,https://eatssu-bucket.s3.ap-northeast-2.amazonaws.com/goodPriceStoreImg/c2fd527e-643a-4cfa-beb2-e7b05925e844.jpeg,,
655,KOREAN,온밥,제육덮밥,7500.0,서울특별시 서대문구 연세로7안길 34-1 (창천동) 지하1층,서대문구,37.5582285029722,126.934840170878,https://eatssu-bucket.s3.ap-northeast-2.amazonaws.com/goodPriceStoreImg/dc015aec-d770-40d3-b077-17ddd1b624df.jpg,https://eatssu-bucket.s3.ap-northeast-2.amazonaws.com/goodPriceStoreImg/3284f573-5072-46bb-a7af-bcc5bbe93d60.jpg,
656,KOREAN,왕세숫대야냉면,물(비빔)냉면,6000.0,서울특별시 서대문구 수색로2길 7,서대문구,37.5691852263581,126.915981995677,https://eatssu-bucket.s3.ap-northeast-2.amazonaws.com/goodPriceStoreImg/7b23ce3b-dbbd-456b-b6b5-7ecd2b86b35a.jpg,https://eatssu-bucket.s3.ap-northeast-2.amazonaws.com/goodPriceStoreImg/68b0e630-2fbc-47dd-a832-c6a943a6eb4b.jpg,
657,KOREAN,우정섞어찌개,비빔밥,7000.0,서울특별시 서대문구 연희로 88 (연희동) 1층 3호,서대문구,37.5659051569356,126.930391602682,https://eatssu-bucket.s3.ap-northeast-2.amazonaws.com/goodPriceStoreImg/c613e943-7126-427f-90cb-cbd9b1c0e5fd.jpg,,
658,KOREAN,원조국수전문점,잔치국수,5000.0,서울특별시 서대문구 인왕시장길 16 (홍제동),서대문구,37.5910571478055,126.942853525448,https://eatssu-bucket.s3.ap-northeast-2.amazonaws.com/goodPriceStoreImg/b6744bd1-aeed-4d08-9f52-5eca97e96ed9.jpg,,
659,BAKERY,유일한베이커리,쌀시오빵,2200.0,"서울특별시 서대문구 거북골로 120 (남가좌동, DMC센트레빌) 상가2동 지하2층 2-1A호(남가좌동)",서대문구,37.5754832622486,126.916097519773,https://eatssu-bucket.s3.ap-northeast-2.amazonaws.com/goodPriceStoreImg/15f6b6d3-e9e5-4513-8879-242823e0ffb0.jpeg,https://eatssu-bucket.s3.ap-northeast-2.amazonaws.com/goodPriceStoreImg/3373c1ba-14ae-4de2-8791-ce305565fcaf.jpeg,
660,KOREAN,유진아구찜,아구찜(소),29000.0,"서울특별시 서대문구 통일로 484 (홍제동) 1층 F열 39,40호",서대문구,37.5915743346223,126.943075962755,https://eatssu-bucket.s3.ap-northeast-2.amazonaws.com/goodPriceStoreImg/7bdde449-87b2-4bd2-bbf9-f18feebb890c.jpg,https://eatssu-bucket.s3.ap-northeast-2.amazonaws.com/goodPriceStoreImg/71421fb8-0fb9-46ad-abfa-0e9008a8c458.jpg,https://eatssu-bucket.s3.ap-northeast-2.amazonaws.com/goodPriceStoreImg/9f90beef-63b3-447d-aa96-b7ee3a78eb48.jpg
661,KOREAN,일로칡냉면 명지대점,냉면,10000.0,서울특별시 서대문구 거북골로 53-4 (남가좌동) 1층,서대문구,37.5781653116243,126.922375047466,https://eatssu-bucket.s3.ap-northeast-2.amazonaws.com/goodPriceStoreImg/b13e7f1b-c6fb-40a0-8a15-d76d42eb8d57.jpeg,,
662,JAPANESE,자가제면 홍제우동,홍제우동,7000.0,"서울특별시 서대문구 세무서7길 12-6 (홍제동, 대흥주택) 1층",서대문구,37.5916310052196,126.946540473449,https://eatssu-bucket.s3.ap-northeast-2.amazonaws.com/goodPriceStoreImg/0e5c0590-fcd0-47bb-9968-a42ab99455a0.jpg,https://eatssu-bucket.s3.ap-northeast-2.amazonaws.com/goodPriceStoreImg/34abc510-4ed8-488f-99c2-814d98ea29d4.jpg,https://eatssu-bucket.s3.ap-northeast-2.amazonaws.com/goodPriceStoreImg/4787dbd4-a4f0-4bfb-a5e3-56c5b47cb1e0.jpg
663,KOREAN,장모님국수랑전,-,,"서울특별시 서대문구 가재울미래로 2 (남가좌동, DMC파크뷰자이) 221동 1층 101-2호(남가좌동)",서대문구,37.5744019902031,126.917907814167,https://eatssu-bucket.s3.ap-northeast-2.amazonaws.com/goodPriceStoreImg/3fe1fc19-83f5-4721-9572-b398675ea1b3.jpg,https://eatssu-bucket.s3.ap-northeast-2.amazonaws.com/goodPriceStoreImg/770cbe82-2d25-46ed-8294-608bb717bf9b.jpg,https://eatssu-bucket.s3.ap-northeast-2.amazonaws.com/goodPriceStoreImg/13cc54c8-45e4-4cd8-95f6-902100f4f62a.jpg
664,WESTERN,제인버거,수제버거,4000.0,서울특별시 서대문구 연희로 245 (연희동) 2층,서대문구,37.579000010959,126.93575016104,https://eatssu-bucket.s3.ap-northeast-2.amazonaws.com/goodPriceStoreImg/b65464fb-d7e1-4b80-b525-1655e6891ed2.jpg,,
665,ETC,지랩(GRAP),아메리카노,2800.0,서울특별시 서대문구 명지대7길 21 (남가좌동) 1층,서대문구,37.5837961727536,126.921983246949,https://eatssu-bucket.s3.ap-northeast-2.amazonaws.com/goodPriceStoreImg/c010db1d-0104-40dd-9fb6-f79b24de7374.jpg,https://eatssu-bucket.s3.ap-northeast-2.amazonaws.com/goodPriceStoreImg/e4723b8c-8310-4938-beef-51d7cc29233e.jpg,https://eatssu-bucket.s3.ap-northeast-2.amazonaws.com/goodPriceStoreImg/d9769f8c-6d9d-4fb4-9d0f-d2dfcfc51538.jpg
666,KOREAN,진사골,제육볶음,9000.0,서울특별시 서대문구 이화여대3길23,서대문구,37.5578688550128,126.944414126896,https://eatssu-bucket.s3.ap-northeast-2.amazonaws.com/goodPriceStoreImg/d297056a-bcea-4198-bac1-a6a4c319300d.jpg,https://eatssu-bucket.s3.ap-northeast-2.amazonaws.com/goodPriceStoreImg/1c80d6d0-ddf9-462d-a617-4795c5eaa4ab.jpg,https://eatssu-bucket.s3.ap-northeast-2.amazonaws.com/goodPriceStoreImg/c1ea293f-ba11-44a6-8c13-fbc8c8281260.jpg
667,CHINESE,차푸,짜장면,5000.0,"서울특별시 서대문구 가재울로6길 53-87 (남가좌동, 가재울백련아파트) 1층",서대문구,37.5770014321492,126.923101000154,https://eatssu-bucket.s3.ap-northeast-2.amazonaws.com/goodPriceStoreImg/2fd93c3f-5bca-4368-a0c9-72723fb855e1.jpg,https://eatssu-bucket.s3.ap-northeast-2.amazonaws.com/goodPriceStoreImg/cd8f4d65-8931-430b-a176-725e5e79791e.jpg,
668,KOREAN,참숯대박갈비,대박갈비(갈비1대+공기밥+찌개),9900.0,서울특별시 서대문구 통일로 442-9 (홍제동) 1층,서대문구,37.5888289245587,126.944983045264,https://eatssu-bucket.s3.ap-northeast-2.amazonaws.com/goodPriceStoreImg/3cfd87ae-de91-49a9-8d1c-db614728fa3e.jpeg,,
669,KOREAN,청년밥상문간 이화여자대학교점,김치찌개,4000.0,서울특별시 서대문구 이화여대길 52-39 지하1층,서대문구,37.5594672041902,126.945142833645,https://eatssu-bucket.s3.ap-northeast-2.amazonaws.com/goodPriceStoreImg/79faf367-0370-494d-9859-31f0bc6c6b2e.jpg,https://eatssu-bucket.s3.ap-northeast-2.amazonaws.com/goodPriceStoreImg/7c3b2f34-5750-4c39-a32b-bb5b94d44895.jpg,
670,KOREAN,청와면옥함흥냉면,갈비탕,10000.0,서울특별시 서대문구 응암로94,서대문구,37.5811585853874,126.912569684777,https://eatssu-bucket.s3.ap-northeast-2.amazonaws.com/goodPriceStoreImg/6cee2de3-10b9-432f-bda9-8d1717770d51.jpg,,
671,KOREAN,축산정육식당,"돼지한마리
세트(600g)",33000.0,서울특별시 서대문구 통일로479,서대문구,37.5907638117159,126.941619804072,https://eatssu-bucket.s3.ap-northeast-2.amazonaws.com/goodPriceStoreImg/b0958302-62e3-496f-9b67-3bcb13ecd242.jpg,,
672,KOREAN,춘천식당,"된장찌개
백반",6000.0,서울특별시 서대문구 수색로 42,서대문구,37.5704446606082,126.91425977513,https://eatssu-bucket.s3.ap-northeast-2.amazonaws.com/goodPriceStoreImg/2b7daba9-e5d2-4627-9f79-65f17536cec0.jpg,https://eatssu-bucket.s3.ap-northeast-2.amazonaws.com/goodPriceStoreImg/8aae8e11-dddf-4756-8692-f4f706a2c169.jpg,https://eatssu-bucket.s3.ap-northeast-2.amazonaws.com/goodPriceStoreImg/77ccb959-ec42-4cb2-9eee-9eac4dc339c7.jpg
673,ETC,"카페,떡마을",단팥죽,6000.0,서울특별시 서대문구 통일로 189-1,서대문구,37.570349534206,126.961866338275,https://eatssu-bucket.s3.ap-northeast-2.amazonaws.com/goodPriceStoreImg/a4e94d8b-9a2e-4124-8235-505699890468.jpg,,
674,KOREAN,칼집삼겹살,칼집(양념)삼겹살(150g),10000.0,서울특별시 서대문구 통일로39가길 12 (홍제동) 1층,서대문구,37.5887957270391,126.943372234421,https://eatssu-bucket.s3.ap-northeast-2.amazonaws.com/goodPriceStoreImg/51a128fd-a8af-4c7e-b433-4f8913529d91.jpg,https://eatssu-bucket.s3.ap-northeast-2.amazonaws.com/goodPriceStoreImg/2866b49b-27a4-4fc3-9049-1a705324181b.jpg,
675,WESTERN,포방돈카,등심돈까스,9000.0,서울특별시 서대문구 포방터길 43 (홍은동) 1층,서대문구,37.5986709547936,126.948896918507,https://eatssu-bucket.s3.ap-northeast-2.amazonaws.com/goodPriceStoreImg/c11da2a2-e360-4ce7-9c91-ef7e7e96dd4a.jpg,,
676,KOREAN,포방터쭈꾸미,철판쭈꾸미(1인분),13500.0,서울특별시 서대문구 홍은중앙로 100-35 (홍은동) 1층,서대문구,37.5993399378289,126.948890685724,https://eatssu-bucket.s3.ap-northeast-2.amazonaws.com/goodPriceStoreImg/92fd964d-4a58-4b96-bdc6-101ac55e6de6.jpeg,https://eatssu-bucket.s3.ap-northeast-2.amazonaws.com/goodPriceStoreImg/1d17701c-a820-4f79-90d6-31961e9a0929.jpeg,
677,KOREAN,풍년갈비,돼지갈비(200g),14000.0,서울특별시 서대문구 통일로 495 1층,서대문구,37.5920439294828,126.94087228705,https://eatssu-bucket.s3.ap-northeast-2.amazonaws.com/goodPriceStoreImg/4489de09-493b-43c4-80fc-4d06ae24a3d8.jpg,https://eatssu-bucket.s3.ap-northeast-2.amazonaws.com/goodPriceStoreImg/36b41eb1-d70f-47c0-a4c5-738f218b2b88.jpg,https://eatssu-bucket.s3.ap-northeast-2.amazonaws.com/goodPriceStoreImg/1d6ec7a8-4eab-4190-b9d1-d87addcfe46e.jpg
678,KOREAN,하림치킨,후라이드치킨,17000.0,서울특별시 서대문구 홍연길 87 (연희동) 1층,서대문구,37.5768701260661,126.931228062773,https://eatssu-bucket.s3.ap-northeast-2.amazonaws.com/goodPriceStoreImg/095e04ea-8b17-43eb-93a6-415519b1b679.jpeg,,
679,WESTERN,한잎,돈카츠,4000.0,서울특별시 서대문구 홍은중앙로9길 10 1층,서대문구,37.5997604311927,126.94827244503,https://eatssu-bucket.s3.ap-northeast-2.amazonaws.com/goodPriceStoreImg/1ae99e39-c5c9-4df9-9961-9ffba877261f.png,,
680,WESTERN,해피돈까스,해피돈까스,9000.0,서울특별시 서대문구 세검정로 52-10 (홍제동) 1층,서대문구,37.5920951495349,126.946636272711,https://eatssu-bucket.s3.ap-northeast-2.amazonaws.com/goodPriceStoreImg/ff87a635-0d87-4617-ad39-83a2828891aa.jpg,https://eatssu-bucket.s3.ap-northeast-2.amazonaws.com/goodPriceStoreImg/cc8a179a-b7c4-44cd-9a9f-56fade44457d.jpg,
681,KOREAN,홍연국수,비빔국수,8000.0,서울특별시 서대문구 홍연길 81 (연희동) 1층,서대문구,37.5767419630715,126.931002335553,https://eatssu-bucket.s3.ap-northeast-2.amazonaws.com/goodPriceStoreImg/e7b5c89f-8ab0-45a0-9233-e0369428b8f8.jpeg,https://eatssu-bucket.s3.ap-northeast-2.amazonaws.com/goodPriceStoreImg/99d628a9-8f9b-4a1b-8844-6feca6f9c725.jpeg,
682,KOREAN,홍은나루터,김치찌개,9000.0,서울특별시 서대문구 연희로 261 1층,서대문구,37.5803069531389,126.935843342703,https://eatssu-bucket.s3.ap-northeast-2.amazonaws.com/goodPriceStoreImg/77161c2a-7daa-417b-8c9e-d7bc48055a6d.jpg,https://eatssu-bucket.s3.ap-northeast-2.amazonaws.com/goodPriceStoreImg/3e72d8b0-b775-400b-b80c-ee578f7e49be.jpg,
683,KOREAN,홍제동잔치집,잔치국수,4000.0,서울특별시 서대문구 통일로428-1,서대문구,37.5876310271935,126.945897515732,https://eatssu-bucket.s3.ap-northeast-2.amazonaws.com/goodPriceStoreImg/49fc713c-70fc-4dc0-80c3-64ca4097cf4e.jpg,,
684,CHINESE,화춘장 중화요리,짜장면,6500.0,서울특별시 서대문구 통일로37길 9 (홍제동) 1층,서대문구,37.5877458585851,126.944442526967,https://eatssu-bucket.s3.ap-northeast-2.amazonaws.com/goodPriceStoreImg/28566de4-e584-4bce-861e-86c2cdbc6aca.jpeg,https://eatssu-bucket.s3.ap-northeast-2.amazonaws.com/goodPriceStoreImg/6dfe07d0-41d5-4b91-ba19-ec4ebabfdf39.jpeg,
685,ETC,경성커피컴퍼니,아메리카노,3000.0,서울특별시 마포구 삼개로 7-1 1층 (도화동),마포구,37.5396648695587,126.947700718654,https://eatssu-bucket.s3.ap-northeast-2.amazonaws.com/goodPriceStoreImg/4b269592-3f46-4005-8209-ca0b45768b0c.jpg,,
686,KOREAN,고향집,칼국수,4000.0,서울특별시 마포구 망원로8길 14 (망원동) 1층 (망원동),마포구,37.5568254605091,126.905845625073,https://eatssu-bucket.s3.ap-northeast-2.amazonaws.com/goodPriceStoreImg/3fb8a656-33c9-43c6-8b13-38197c7be194.jpg,https://eatssu-bucket.s3.ap-northeast-2.amazonaws.com/goodPriceStoreImg/1e17b4c6-4f9f-4b6f-811f-7dca5659b08f.jpg,https://eatssu-bucket.s3.ap-northeast-2.amazonaws.com/goodPriceStoreImg/a7e43cc4-b66f-4f6e-9379-e1d2c0046028.jpg
687,KOREAN,구수한통닭&한방족발,옛날통닭,12000.0,서울특별시 마포구 굴레방로9길 3 (아현동) 1층,마포구,37.5567825449687,126.955523661974,https://eatssu-bucket.s3.ap-northeast-2.amazonaws.com/goodPriceStoreImg/4b7c6762-8388-4889-ae37-ec90a62932b1.jpg,https://eatssu-bucket.s3.ap-northeast-2.amazonaws.com/goodPriceStoreImg/7d7f4187-104c-4471-bb5b-7320abf98669.jpg,
688,KOREAN,냠냠분식,김밥,3500.0,서울특별시 마포구 모래내로 7길 89 1층 2호 (성산동),마포구,37.5682704926227,126.908296671286,https://eatssu-bucket.s3.ap-northeast-2.amazonaws.com/goodPriceStoreImg/8838ac1a-b666-4d54-a167-fef39447ef65.jpg,https://eatssu-bucket.s3.ap-northeast-2.amazonaws.com/goodPriceStoreImg/b21350ea-79ef-4986-bf7a-ff752bda3fd5.jpg,
689,CHINESE,당가원,자장면,7000.0,서울특별시 마포구 월드컵북로 173 (성산동) 1층,마포구,37.56736818837,126.909284919264,https://eatssu-bucket.s3.ap-northeast-2.amazonaws.com/goodPriceStoreImg/cba49233-f0d7-4cc4-8043-3ae0b3931617.jpg,https://eatssu-bucket.s3.ap-northeast-2.amazonaws.com/goodPriceStoreImg/133aa73e-e223-498c-807f-414eb91ac393.jpg,https://eatssu-bucket.s3.ap-northeast-2.amazonaws.com/goodPriceStoreImg/028073c3-692c-4871-b5f1-a1500b503524.jpg
690,CHINESE,동일루,유니짜장,7000.0,서울특별시 마포구 포은로 75 (망원동),마포구,37.5538237462899,126.905567945655,https://eatssu-bucket.s3.ap-northeast-2.amazonaws.com/goodPriceStoreImg/5b4342fc-0111-4f67-90c0-15d464c6cce5.jpg,https://eatssu-bucket.s3.ap-northeast-2.amazonaws.com/goodPriceStoreImg/b81ec5fe-432d-4f26-bd21-a782698262ca.jpg,https://eatssu-bucket.s3.ap-northeast-2.amazonaws.com/goodPriceStoreImg/ca7a8007-b007-4b7b-8f0e-28ce899316dc.jpg
691,ETC,두남커피,아메리카노,2000.0,서울특별시 마포구 와우산로25길 19 (서교동) 1층 일부호,마포구,37.5541981847584,126.925867373528,https://eatssu-bucket.s3.ap-northeast-2.amazonaws.com/goodPriceStoreImg/537c30f1-1c4f-47b8-af42-6e3829d25214.jpg,https://eatssu-bucket.s3.ap-northeast-2.amazonaws.com/goodPriceStoreImg/0a10968d-0c1e-49dc-b514-1268192dddc7.jpg,https://eatssu-bucket.s3.ap-northeast-2.amazonaws.com/goodPriceStoreImg/74310d5d-1704-4af5-b018-7bebf9fb5467.jpg
692,WESTERN,라푸스코 마포점,피자(콤비네이션),18900.0,서울특별시 마포구 만리재옛길 18 (신공덕동),마포구,37.5456041859389,126.955194223342,https://eatssu-bucket.s3.ap-northeast-2.amazonaws.com/goodPriceStoreImg/008934e6-9541-49a3-87cb-a1c650c92fa6.png,,
693,WESTERN,리우키친,닭가슴살샐러드,5400.0,서울특별시 마포구 월드컵북로 402 (상암동) B101호,마포구,37.580189157859,126.888935582716,https://eatssu-bucket.s3.ap-northeast-2.amazonaws.com/goodPriceStoreImg/b6d03752-9869-4064-88f2-1070a854e0ed.jpg,https://eatssu-bucket.s3.ap-northeast-2.amazonaws.com/goodPriceStoreImg/8fdcbfc7-6b50-4586-be70-4f4582a15b56.jpg,
694,KOREAN,맛양값,칼국수,6000.0,서울특별시 마포구 동교로9길 44 (망원동) 지하1층,마포구,37.5558248277385,126.909552649962,https://eatssu-bucket.s3.ap-northeast-2.amazonaws.com/goodPriceStoreImg/cce893b0-95d6-4057-8283-6d23182e8c00.jpg,https://eatssu-bucket.s3.ap-northeast-2.amazonaws.com/goodPriceStoreImg/c85e395f-281c-4fe1-b242-08e82c76b49a.jpg,
695,KOREAN,망원시장손칼국수,칼국수,5000.0,서울특별시 마포구 망원로8길 29 1층 (망원동),마포구,37.5561838524433,126.906288604852,https://eatssu-bucket.s3.ap-northeast-2.amazonaws.com/goodPriceStoreImg/3af90650-b522-4f4e-8a66-dbd186043c9a.jpg,,
696,KOREAN,망원식당,멸치국수,6000.0,서울특별시 마포구 망원로8길 6 (망원동) 1층 일부,마포구,37.5571824221602,126.905715929007,https://eatssu-bucket.s3.ap-northeast-2.amazonaws.com/goodPriceStoreImg/8f01d39a-c509-49f9-80bd-bb00bc7bdac0.jpg,https://eatssu-bucket.s3.ap-northeast-2.amazonaws.com/goodPriceStoreImg/7144292b-b4f8-48c2-9be5-d242af4868b6.jpg,https://eatssu-bucket.s3.ap-northeast-2.amazonaws.com/goodPriceStoreImg/218d10a2-eaae-43af-8b89-a7b5a7e47e2c.jpg
697,KOREAN,모아식당,김치찌개,8000.0,서울특별시 마포구 월드컵북로 233 제상가동 1층 115호,마포구,37.5697322900238,126.903135454197,https://eatssu-bucket.s3.ap-northeast-2.amazonaws.com/goodPriceStoreImg/9acfc18e-43d5-4f59-b998-ef84a54accbc.jpg,https://eatssu-bucket.s3.ap-northeast-2.amazonaws.com/goodPriceStoreImg/283f28d1-0957-4a71-9709-5fd4f1e2b988.jpg,
698,KOREAN,미소국수,잔치국수(곱배기),6000.0,서울특별시 마포구 동교로 27길 41 (연남동),마포구,37.5596861029029,126.921460829141,https://eatssu-bucket.s3.ap-northeast-2.amazonaws.com/goodPriceStoreImg/77394abf-31c0-4775-8bff-2912b9315110.jpg,https://eatssu-bucket.s3.ap-northeast-2.amazonaws.com/goodPriceStoreImg/b9eb8d0c-0d9d-4482-9cd2-220c4b325374.jpg,
699,KOREAN,민들레,백반정식,9000.0,서울특별시 마포구 잔다리로 132 1층,마포구,37.5585526285229,126.913073942735,https://eatssu-bucket.s3.ap-northeast-2.amazonaws.com/goodPriceStoreImg/bb92902a-b625-432d-8fe8-199612c9c8d9.png,,
700,CHINESE,백미향,탕수육,27000.0,서울특별시 마포구 성지길 27 1층,마포구,37.5473367239749,126.91342260426,https://eatssu-bucket.s3.ap-northeast-2.amazonaws.com/goodPriceStoreImg/3d570e97-f761-492b-8390-305f47fab61f.png,,
701,KOREAN,벌떼식당,김치찌개,8000.0,서울특별시 마포구 신촌로20길 12 (노고산동) 1층,마포구,37.554654214226,126.938130028409,https://eatssu-bucket.s3.ap-northeast-2.amazonaws.com/goodPriceStoreImg/3d1762d7-aa2c-4f30-87d7-c80b583c9c00.jpg,https://eatssu-bucket.s3.ap-northeast-2.amazonaws.com/goodPriceStoreImg/2462c18f-a02d-4dd1-b993-0d25ec63477c.jpg,https://eatssu-bucket.s3.ap-northeast-2.amazonaws.com/goodPriceStoreImg/f7d06683-f481-4fcf-ac99-4d03b583962a.jpg
702,KOREAN,봉주르,찌개백반,5500.0,서울특별시 마포구 와우산로 155-1 (서교동),마포구,37.5549789202685,126.930036332426,https://eatssu-bucket.s3.ap-northeast-2.amazonaws.com/goodPriceStoreImg/27907d41-43bd-4f23-b309-5ed0b1ca357d.jpg,https://eatssu-bucket.s3.ap-northeast-2.amazonaws.com/goodPriceStoreImg/f8f9aae8-6f85-4f95-be40-9f95abe58f40.jpg,
703,KOREAN,빈대떡마을,해물부추전,13000.0,서울특별시 마포구 망원로 97 (망원동),마포구,37.5581064714844,126.907521980502,https://eatssu-bucket.s3.ap-northeast-2.amazonaws.com/goodPriceStoreImg/bfd48de5-63bb-4462-8889-8acdce317404.jpg,https://eatssu-bucket.s3.ap-northeast-2.amazonaws.com/goodPriceStoreImg/c1d1c3fe-837f-4df8-a0d1-aff0ad6ee307.jpg,https://eatssu-bucket.s3.ap-northeast-2.amazonaws.com/goodPriceStoreImg/0188f591-ec72-447d-b98c-d43083191cb2.jpg
705,KOREAN,선자네,제육덮밥,8000.0,서울특별시 마포구 잔다리로 131 1층(성산동),마포구,37.5584171780944,126.912788099743,https://eatssu-bucket.s3.ap-northeast-2.amazonaws.com/goodPriceStoreImg/f18610d6-0ec9-464d-a1a7-f8ec8e561019.jpg,,
706,KOREAN,소니가김밥,김밥,3500.0,서울특별시 마포구 도화길 46-1 (도화동) 1층,마포구,37.5417203786179,126.950770357484,https://eatssu-bucket.s3.ap-northeast-2.amazonaws.com/goodPriceStoreImg/64fc5a7b-bfe3-40b8-811e-c997f635e6b6.jpg,https://eatssu-bucket.s3.ap-northeast-2.amazonaws.com/goodPriceStoreImg/510887d9-973f-4505-b693-a27a9d15a227.jpg,
707,KOREAN,솔잎식당,김치찌개백반,9000.0,서울특별시 마포구 마포대로 4길 46 (도화동),마포구,37.5376822682619,126.946603224616,https://eatssu-bucket.s3.ap-northeast-2.amazonaws.com/goodPriceStoreImg/a2e27739-6f30-4a2d-81fd-3da1c16bd28d.jpg,https://eatssu-bucket.s3.ap-northeast-2.amazonaws.com/goodPriceStoreImg/9d6f609b-6654-447f-a8ca-56cd056ddd68.jpg,
708,KOREAN,숯불설레임,삼겹살(외국산),9500.0,서울특별시 마포구 와우산로29라길 19 (서교동) 지1층 왼쪽,마포구,37.5549715101676,126.92702311844,https://eatssu-bucket.s3.ap-northeast-2.amazonaws.com/goodPriceStoreImg/ef443924-bde2-4cda-a206-dfb1b7b700db.jpg,,
709,KOREAN,스트렁큰,-,,서울특별시 마포구 방울내로 65 (망원동) 뚱이네포차,마포구,37.5599933007511,126.902545718522,https://eatssu-bucket.s3.ap-northeast-2.amazonaws.com/goodPriceStoreImg/d41dcb12-b10f-4d95-9283-096a836fcbe5.jpg,https://eatssu-bucket.s3.ap-northeast-2.amazonaws.com/goodPriceStoreImg/0629fa12-e1ee-48b2-9a0f-eb3108fc9c07.jpg,https://eatssu-bucket.s3.ap-northeast-2.amazonaws.com/goodPriceStoreImg/b97cd7b8-033b-460a-8efe-ad771384d6a2.jpg
710,KOREAN,신촌돌판,생목살,15000.0,서울특별시 마포구 신촌로14길 12 (노고산동) 1층,마포구,37.5555998971993,126.933642480341,https://eatssu-bucket.s3.ap-northeast-2.amazonaws.com/goodPriceStoreImg/c722e8d0-36ca-4d74-871a-9bf0eacbd3b1.jpg,https://eatssu-bucket.s3.ap-northeast-2.amazonaws.com/goodPriceStoreImg/0c345911-af4b-4ca8-b36b-a32d7d4c67f2.jpg,
711,CHINESE,양귀비짬뽕,짜장면,7000.0,서울특별시 마포구 월드컵로 190 112호,마포구,37.5641776888752,126.903289789101,https://eatssu-bucket.s3.ap-northeast-2.amazonaws.com/goodPriceStoreImg/012f50b6-6501-49ab-87b3-f7777677b4fd.png,,
712,ETC,어브리지커피,-,,서울특별시 마포구 성미산로 92 (성산동) 1층,마포구,37.5609985147172,126.917784554052,https://eatssu-bucket.s3.ap-northeast-2.amazonaws.com/goodPriceStoreImg/7f99e7da-228d-4719-bd41-d4d378133383.jpg,https://eatssu-bucket.s3.ap-northeast-2.amazonaws.com/goodPriceStoreImg/c9a0b9dc-038c-4a5d-95b8-5621ec011c39.jpg,
713,KOREAN,연희동 할머니네,생선구이정식세트,10000.0,서울특별시 마포구 성미산로 100 (연남동),마포구,37.5614314159824,126.918524630671,https://eatssu-bucket.s3.ap-northeast-2.amazonaws.com/goodPriceStoreImg/5678e441-fb8b-4c74-9ce8-8724cf5a3355.jpg,https://eatssu-bucket.s3.ap-northeast-2.amazonaws.com/goodPriceStoreImg/1390442f-2217-4eea-8a25-406fa1434c55.jpg,
714,KOREAN,옛날무쇠솥,된장찌개백반,6500.0,서울특별시 마포구 서강로1길 12-5 1층 (창전동),마포구,37.5489508380303,126.931031582072,https://eatssu-bucket.s3.ap-northeast-2.amazonaws.com/goodPriceStoreImg/f6343ded-b8c7-46ea-80b8-53d0c7a63ca6.jpg,https://eatssu-bucket.s3.ap-northeast-2.amazonaws.com/goodPriceStoreImg/558041cb-b521-4d29-a793-3844eadf3dd7.jpg,
715,KOREAN,오군 수제돈까스,수제로스까스,11000.0,서울특별시 마포구 독막로 182 (신수동) 1층,마포구,37.5472058041113,126.933741808609,https://eatssu-bucket.s3.ap-northeast-2.amazonaws.com/goodPriceStoreImg/d5659203-4601-48bf-8f85-75c92915a1a8.png,,
716,KOREAN,오복식당,순두부,8000.0,서울특별시 마포구 희우정로10길 35 (망원동) 1층 일부호,마포구,37.5534088966694,126.905868483399,https://eatssu-bucket.s3.ap-northeast-2.amazonaws.com/goodPriceStoreImg/5060c486-68bb-432d-baed-d0cd2889ed1d.jpg,https://eatssu-bucket.s3.ap-northeast-2.amazonaws.com/goodPriceStoreImg/8d4340f0-7b7f-47aa-bb48-616e77b2089e.jpg,https://eatssu-bucket.s3.ap-northeast-2.amazonaws.com/goodPriceStoreImg/32428e98-48ba-45d6-a49d-2a324973d51d.jpg
717,KOREAN,외양간,한우등심,29000.0,서울특별시 마포구 독막로18길 12 (상수동) 1층,마포구,37.5472951978444,126.923761381028,https://eatssu-bucket.s3.ap-northeast-2.amazonaws.com/goodPriceStoreImg/6f82103b-a10c-4523-a6ef-8128257e1842.jpg,https://eatssu-bucket.s3.ap-northeast-2.amazonaws.com/goodPriceStoreImg/453c6986-2d4e-4239-af8a-8c620cfce4da.jpg,
718,KOREAN,원이네분식,-,,서울특별시 마포구 만리재로 15 (공덕동) 지하1층 23호,마포구,37.5445849310546,126.95276773044,https://eatssu-bucket.s3.ap-northeast-2.amazonaws.com/goodPriceStoreImg/1323dd2c-23f8-491f-b3e4-b793717c235a.jpg,https://eatssu-bucket.s3.ap-northeast-2.amazonaws.com/goodPriceStoreImg/9aa04a64-ec7c-4a81-a8f0-bb27f0226e4a.jpg,
719,KOREAN,웰빙뚝배기,백반,10000.0,서울특별시 마포구 동교로12길 21 (서교동),마포구,37.5534648656176,126.912692130868,https://eatssu-bucket.s3.ap-northeast-2.amazonaws.com/goodPriceStoreImg/b66d5be6-41d7-44cf-95da-6516a62c7652.jpg,https://eatssu-bucket.s3.ap-northeast-2.amazonaws.com/goodPriceStoreImg/8ad71edf-1cbe-43e6-92c0-c94ca79eabe5.jpg,
720,KOREAN,장모님멸치국수,멸치국수,6000.0,서울특별시 마포구 월드컵로13길 42 (망원동) 장모님멸치국수,마포구,37.5554956273971,126.907836094271,https://eatssu-bucket.s3.ap-northeast-2.amazonaws.com/goodPriceStoreImg/5301efd9-9351-4c4e-8094-b7804f0db7e8.jpg,https://eatssu-bucket.s3.ap-northeast-2.amazonaws.com/goodPriceStoreImg/27ea7214-aa20-4a08-b0ef-2e0196f1e00b.jpg,https://eatssu-bucket.s3.ap-northeast-2.amazonaws.com/goodPriceStoreImg/641f4ea3-4fdc-4cd3-b7e6-272d3045c1d4.jpg
721,KOREAN,재모식당,동태찌개,8000.0,서울특별시 마포구 대흥로 114-1 (대흥동) 1층 좌측,마포구,37.5496698077597,126.943722216925,https://eatssu-bucket.s3.ap-northeast-2.amazonaws.com/goodPriceStoreImg/4bb6aa26-db3b-41c8-b3eb-01abb6539ff6.jpg,https://eatssu-bucket.s3.ap-northeast-2.amazonaws.com/goodPriceStoreImg/19db0e78-34c3-4299-9187-4fe14badd02e.jpg,
722,JAPANESE,지후식당,규동,8000.0,서울특별시 마포구 매봉산로2길 68 1층(상암동),마포구,37.5763732585256,126.896149350546,https://eatssu-bucket.s3.ap-northeast-2.amazonaws.com/goodPriceStoreImg/06431336-1d6d-47b6-a2a4-264b2eba74ff.png,,
723,KOREAN,참맛 닭곰탕,닭곰탕,8000.0,서울특별시 마포구 망원로8길 36 (망원동),마포구,37.5559256004882,126.90614225469,https://eatssu-bucket.s3.ap-northeast-2.amazonaws.com/goodPriceStoreImg/6f3ee0aa-1853-4794-b6c9-422f29fefb80.jpg,https://eatssu-bucket.s3.ap-northeast-2.amazonaws.com/goodPriceStoreImg/cdc1fac8-2c3e-4043-9575-f4fdbfa3d590.jpg,
724,KOREAN,천국이네,옛날김밥,3500.0,서울특별시 마포구 동교로27길 46 (연남동) 1층 103호,마포구,37.5599485944607,126.921507749733,https://eatssu-bucket.s3.ap-northeast-2.amazonaws.com/goodPriceStoreImg/bb68325b-8821-44e3-b8b4-8fce7ac2475b.jpg,https://eatssu-bucket.s3.ap-northeast-2.amazonaws.com/goodPriceStoreImg/dd6a71e0-9a1f-4465-ae2f-6b4acfaf19ab.jpg,
725,KOREAN,천이오겹살,"오겹살,삼겹살
(150g)",10000.0,서울특별시 마포구 양화로7길 12 1층,마포구,37.5514096192093,126.915191676236,https://eatssu-bucket.s3.ap-northeast-2.amazonaws.com/goodPriceStoreImg/db01b4f6-3d87-4f67-b258-65a0c8a37509.jpg,https://eatssu-bucket.s3.ap-northeast-2.amazonaws.com/goodPriceStoreImg/6d589cb2-c2c8-493e-891f-e3e03b014df4.jpg,https://eatssu-bucket.s3.ap-northeast-2.amazonaws.com/goodPriceStoreImg/5967dd65-0854-4c2a-8334-1629e2b60e6f.jpg
726,ETC,카페마루,아메리카노(기본사이즈),3500.0,"서울특별시 마포구 창전로 66 (신수동, 1층)",마포구,37.5483026653971,126.932918259254,https://eatssu-bucket.s3.ap-northeast-2.amazonaws.com/goodPriceStoreImg/8eabd764-8f67-4a65-a0ae-137885951a1e.jpg,https://eatssu-bucket.s3.ap-northeast-2.amazonaws.com/goodPriceStoreImg/4b8e1e5d-e96a-44b9-bd70-ac17cbd10822.jpg,
727,WESTERN,파스타고,떡볶이파스타(매장이용 방문포장시),9600.0,서울특별시 마포구 와우산로33길 12 (서교동) 1층,마포구,37.5554076197164,126.929741002078,https://eatssu-bucket.s3.ap-northeast-2.amazonaws.com/goodPriceStoreImg/00395c94-996e-4bda-8bc2-7d22866d1626.jpg,https://eatssu-bucket.s3.ap-northeast-2.amazonaws.com/goodPriceStoreImg/abcede5c-d48c-4a07-8a3e-9e2c173f40db.jpg,https://eatssu-bucket.s3.ap-northeast-2.amazonaws.com/goodPriceStoreImg/66ef022a-ffb2-4aec-92f5-fe9d9525b82e.jpg
728,KOREAN,한성축산식당,돼지갈비,15000.0,서울특별시 마포구 연남로 33 (연남동),마포구,37.5625492085834,126.921474235353,https://eatssu-bucket.s3.ap-northeast-2.amazonaws.com/goodPriceStoreImg/47c887c0-1382-4fd1-aeec-1886e3cec10e.jpg,https://eatssu-bucket.s3.ap-northeast-2.amazonaws.com/goodPriceStoreImg/4d43471a-c433-4612-9f3e-25869f843522.jpg,
729,KOREAN,해피하우스소정,된장찌개백반,8000.0,서울특별시 마포구 성산로 128 지하1층 (성산동),마포구,37.5638441231529,126.908003625741,https://eatssu-bucket.s3.ap-northeast-2.amazonaws.com/goodPriceStoreImg/f359e16c-eb79-4aa8-b1d4-084486c8d0ba.jpg,,
730,KOREAN,홍익분식,김밥,3000.0,서울특별시 마포구 성미산로 99 (연남동) 지1층,마포구,37.5616226034859,126.918258216836,https://eatssu-bucket.s3.ap-northeast-2.amazonaws.com/goodPriceStoreImg/db04c5c3-5d75-4aa3-861f-272bbc49192b.jpg,https://eatssu-bucket.s3.ap-northeast-2.amazonaws.com/goodPriceStoreImg/82f62304-e643-496c-b902-dafec04f6d58.jpg,https://eatssu-bucket.s3.ap-northeast-2.amazonaws.com/goodPriceStoreImg/bc9efc10-10e2-412c-b91d-94b28c27baab.jpg
731,KOREAN,효성마루,청국장,10000.0,서울특별시 마포구 마포대로7길 15 (공덕동),마포구,37.5469323453646,126.951977068223,https://eatssu-bucket.s3.ap-northeast-2.amazonaws.com/goodPriceStoreImg/4336d457-d99c-4b25-b11a-bbd17c079bd9.jpg,https://eatssu-bucket.s3.ap-northeast-2.amazonaws.com/goodPriceStoreImg/04b3fdc5-f98d-4287-94e8-5d0915ed3ecd.jpg,https://eatssu-bucket.s3.ap-northeast-2.amazonaws.com/goodPriceStoreImg/96c1e1ba-dfbe-48eb-b299-8f5663108b41.jpg
732,CHINESE,강남식당(강남식당짜장전문),짜장면,4000.0,서울특별시 양천구 곰달래로13길 4 (신월동) 1층,양천구,37.5303544627634,126.837513587774,https://eatssu-bucket.s3.ap-northeast-2.amazonaws.com/goodPriceStoreImg/dec0bea0-b09a-47f9-8b7d-d892ac1acd21.jpg,https://eatssu-bucket.s3.ap-northeast-2.amazonaws.com/goodPriceStoreImg/39e16b88-4b2a-49c0-89dd-63d3d9e8860b.jpg,
733,KOREAN,골라닭,후라이드치킨,12000.0,서울특별시 양천구 목동중앙남로3가길 74 (목동) 1층,양천구,37.5389422625414,126.864516354684,https://eatssu-bucket.s3.ap-northeast-2.amazonaws.com/goodPriceStoreImg/ac6aaa0a-94f8-41bf-92d1-aa8d5136304e.jpg,https://eatssu-bucket.s3.ap-northeast-2.amazonaws.com/goodPriceStoreImg/5ce6df11-2add-420a-aa82-a91e8738439e.jpeg,https://eatssu-bucket.s3.ap-northeast-2.amazonaws.com/goodPriceStoreImg/c399210c-e114-4de3-9666-b60172cbd7de.jpg
734,KOREAN,기사님식당(즉석우동짜장),짜장면,5000.0,서울특별시 양천구 지양로 91 (신월동) 1층,양천구,37.5230016069274,126.831936221918,https://eatssu-bucket.s3.ap-northeast-2.amazonaws.com/goodPriceStoreImg/7ab1f74b-2559-4a29-9698-b5f8df3ad59e.jpg,https://eatssu-bucket.s3.ap-northeast-2.amazonaws.com/goodPriceStoreImg/2655598d-55d3-47ac-a481-0bfa9166912f.jpg,https://eatssu-bucket.s3.ap-northeast-2.amazonaws.com/goodPriceStoreImg/a5636acf-5ff6-4c01-998c-be75cb84eea2.jpg
735,KOREAN,대왕감자탕 양천본점,뼈해장국(2-3인분),15000.0,서울특별시 양천구 신월로20길 6 (신월동) 1층,양천구,37.5194638039998,126.844417096324,https://eatssu-bucket.s3.ap-northeast-2.amazonaws.com/goodPriceStoreImg/731f9d78-5bcb-426e-8ef2-eb5763913bcd.jpg,https://eatssu-bucket.s3.ap-northeast-2.amazonaws.com/goodPriceStoreImg/80bedffe-459d-4ff1-83ec-835a6469abd3.jpg,
736,KOREAN,댕댕이즉석떡볶이,즉석떡볶이,4000.0,서울특별시 양천구 신목로 76 (신정동) 1층,양천구,37.5215145278134,126.874091977651,https://eatssu-bucket.s3.ap-northeast-2.amazonaws.com/goodPriceStoreImg/51d8b910-e6ff-4536-8888-9147852c4c3d.jpg,https://eatssu-bucket.s3.ap-northeast-2.amazonaws.com/goodPriceStoreImg/4585cea6-b8cc-460d-9ce9-327451b6d1a2.jpg,https://eatssu-bucket.s3.ap-northeast-2.amazonaws.com/goodPriceStoreImg/b845ed51-3742-4dc5-a8ef-1db5cb3eab89.jpg
737,KOREAN,명동손칼국수,칼국수,3500.0,서울특별시 양천구 목동중앙북로6길 4 1층,양천구,37.5482589749093,126.865009629825,https://eatssu-bucket.s3.ap-northeast-2.amazonaws.com/goodPriceStoreImg/0980e3f8-5082-4f92-8585-872e86b29d1f.jpg,https://eatssu-bucket.s3.ap-northeast-2.amazonaws.com/goodPriceStoreImg/9a5ebfec-5ce2-4f9b-b030-a8ac7622754d.jpg,https://eatssu-bucket.s3.ap-northeast-2.amazonaws.com/goodPriceStoreImg/a8e53054-20bc-46d9-b671-ad5b3db1c63b.jpg
738,ETC,베이글링,플레인베이글,1500.0,"서울특별시 양천구 남부순환로83길 47 (신월동, 목동 센트럴 아이파크 위브 4단지) 상가동 4-20",양천구,37.5188460168384,126.844576857258,https://eatssu-bucket.s3.ap-northeast-2.amazonaws.com/goodPriceStoreImg/91db0592-320c-4dff-8d99-04ecabfeb6f0.jpg,https://eatssu-bucket.s3.ap-northeast-2.amazonaws.com/goodPriceStoreImg/c3e65ef5-302e-42ad-b574-ef2637d98216.jpg,https://eatssu-bucket.s3.ap-northeast-2.amazonaws.com/goodPriceStoreImg/318d9b1e-b155-4634-88fa-66a29d7ffac9.jpg
739,KOREAN,보라매25시해장국,돌솥비빔밥,6000.0,서울특별시 양천구  신월로17길 21 1층,양천구,37.5206993207374,126.841751442387,https://eatssu-bucket.s3.ap-northeast-2.amazonaws.com/goodPriceStoreImg/55cbb717-2292-4e3c-a5ce-736bdb441951.jpg,https://eatssu-bucket.s3.ap-northeast-2.amazonaws.com/goodPriceStoreImg/76de8302-6b2c-41a1-9aa2-c3344c6efc6c.jpg,https://eatssu-bucket.s3.ap-northeast-2.amazonaws.com/goodPriceStoreImg/16af223f-b249-4b78-ae9c-78e23eb70d4c.jpg
740,KOREAN,봉이손칼국수,-,,서울특별시 양천구 중앙로53길 56 (신월동) 1층,양천구,37.524998280163,126.843448999637,https://eatssu-bucket.s3.ap-northeast-2.amazonaws.com/goodPriceStoreImg/92b881d8-802b-44d6-8aa2-e92c517315b2.jpg,https://eatssu-bucket.s3.ap-northeast-2.amazonaws.com/goodPriceStoreImg/137fe603-b856-4e89-995f-ba13fb9ac95c.jpg,
741,KOREAN,부빔,부빔밥,8900.0,"서울특별시 양천구 오목로50길 23 (신정동, 문창오피스텔) 104호",양천구,37.523955557562,126.86435883953,https://eatssu-bucket.s3.ap-northeast-2.amazonaws.com/goodPriceStoreImg/cc4b0f6e-c724-4adb-aac5-f49d09c12eac.jpg,https://eatssu-bucket.s3.ap-northeast-2.amazonaws.com/goodPriceStoreImg/25bcd94c-a451-4328-8804-db29048e5c43.png,https://eatssu-bucket.s3.ap-northeast-2.amazonaws.com/goodPriceStoreImg/171cdaf6-ce0f-4a4b-a03d-e35532034f9a.jpg
742,KOREAN,비니거니 치킨호프,허브 후라이드치킨,13000.0,서울특별시 양천구 중앙로46길 20-1 1층,양천구,37.522216269784,126.854375824267,https://eatssu-bucket.s3.ap-northeast-2.amazonaws.com/goodPriceStoreImg/06648384-c634-46bc-b72e-31df349e924e.jpg,https://eatssu-bucket.s3.ap-northeast-2.amazonaws.com/goodPriceStoreImg/2df6d502-71a7-4852-b431-5b66674d5088.jpg,
743,KOREAN,산들바람,비빔밥,8000.0,서울특별시 양천구 오목로 276-4 (목동) 1층,양천구,37.5250880880196,126.86791068637,https://eatssu-bucket.s3.ap-northeast-2.amazonaws.com/goodPriceStoreImg/7becae9b-4cfd-4c74-a55c-438ca7ab7d70.jpg,https://eatssu-bucket.s3.ap-northeast-2.amazonaws.com/goodPriceStoreImg/83f4f350-66dc-4887-8ab4-f6797040850e.jpg,
744,CHINESE,소문장,짜장면,4000.0,서울특별시 양천구 목동중앙북로4길 20 1층,양천구,37.5478172971015,126.86421637039,https://eatssu-bucket.s3.ap-northeast-2.amazonaws.com/goodPriceStoreImg/4b54f221-a49b-42dc-92cd-f4b1dd797011.jpg,https://eatssu-bucket.s3.ap-northeast-2.amazonaws.com/goodPriceStoreImg/bb3be6a5-87bf-47e7-92c4-e9a1dfa3a94a.jpg,https://eatssu-bucket.s3.ap-northeast-2.amazonaws.com/goodPriceStoreImg/75c5632e-b43a-4f46-80a3-9842c75e3fc4.jpg
745,KOREAN,소소연,한우곰탕 (포장),6000.0,"서울특별시 양천구 목동중앙로 43 (목동, 목동 글로리파크) 1층 102호",양천구,37.5335410020886,126.869525224448,https://eatssu-bucket.s3.ap-northeast-2.amazonaws.com/goodPriceStoreImg/c30286cf-464d-4c79-be62-41a209ee8639.jpg,https://eatssu-bucket.s3.ap-northeast-2.amazonaws.com/goodPriceStoreImg/568aed84-8646-4d0e-967a-501874ba11b9.jpg,https://eatssu-bucket.s3.ap-northeast-2.amazonaws.com/goodPriceStoreImg/cf9eba1d-bff8-4810-8b20-a23c14161771.jpg
746,KOREAN,시골집,돼지국밥,9000.0,"서울특별시 양천구 은행정로4길 25 (신정동, SM엘루이아파트) 1층",양천구,37.5215008347482,126.862615322582,https://eatssu-bucket.s3.ap-northeast-2.amazonaws.com/goodPriceStoreImg/3c77d311-47e0-48bc-a472-3c45604959d9.jpg,https://eatssu-bucket.s3.ap-northeast-2.amazonaws.com/goodPriceStoreImg/0882968f-f5e4-437a-84e6-407efb51ea96.jpg,https://eatssu-bucket.s3.ap-northeast-2.amazonaws.com/goodPriceStoreImg/28a58036-bcac-4f29-9ae6-228a9ddf6c69.jpg
747,KOREAN,오대쌀김밥홀로생칼국수,홀로생칼국수,5500.0,"서울특별시 양천구 목동중앙남로 46 (목동, 목동 미소래 아파트) 상가1층 103호",양천구,37.5378392316875,126.866949080107,https://eatssu-bucket.s3.ap-northeast-2.amazonaws.com/goodPriceStoreImg/ccf7cc89-9ceb-4acc-85c5-b8ed466f9952.jpg,https://eatssu-bucket.s3.ap-northeast-2.amazonaws.com/goodPriceStoreImg/ddbec164-fb26-4383-8029-9c70048a22da.jpg,
748,KOREAN,오시면,즉석떡볶이,4000.0,"서울특별시 양천구 중앙로43길 14 (신정동, 래미안 목동아델리체) 상가 B동 1층 108호",양천구,37.5204176021651,126.851340568488,https://eatssu-bucket.s3.ap-northeast-2.amazonaws.com/goodPriceStoreImg/d94a3cc1-e90c-4492-9baa-88a80f939d2c.jpg,https://eatssu-bucket.s3.ap-northeast-2.amazonaws.com/goodPriceStoreImg/1a94e151-07de-409b-a714-4d33faeb2639.jpg,https://eatssu-bucket.s3.ap-northeast-2.amazonaws.com/goodPriceStoreImg/0c0e39de-0bd7-4e1e-b1dd-37d23d8e1f42.jpg
749,KOREAN,요리샘의 곰탕,사골곰탕,10000.0,서울특별시 양천구 은행정로5길 11 (신정동) 1층,양천구,37.5211249834789,126.858608685766,https://eatssu-bucket.s3.ap-northeast-2.amazonaws.com/goodPriceStoreImg/8daed7e5-daea-44c1-90c9-7c70fd6c3b27.jpg,https://eatssu-bucket.s3.ap-northeast-2.amazonaws.com/goodPriceStoreImg/9a8d8921-7b65-4483-9973-76004a2b3882.jpg,
750,CHINESE,이용성국수맛집,짜장면,6500.0,"서울특별시 양천구 목동중앙북로7가길 10 (목동, 정목빌딩) 1층",양천구,37.5487267108383,126.866859342763,https://eatssu-bucket.s3.ap-northeast-2.amazonaws.com/goodPriceStoreImg/39f9679e-eefb-4380-a27c-177234211a67.jpeg,https://eatssu-bucket.s3.ap-northeast-2.amazonaws.com/goodPriceStoreImg/66f544e6-dc61-49a7-bd77-6fdbce1806c7.jpeg,
751,KOREAN,조은식당,고등어조림,6500.0,서울특별시 양천구 목동동로 339 목동트윈빌 140호,양천구,37.5321753616364,126.876743891714,https://eatssu-bucket.s3.ap-northeast-2.amazonaws.com/goodPriceStoreImg/c57dc17d-d511-4780-840a-bc1bd644fb8f.jpg,https://eatssu-bucket.s3.ap-northeast-2.amazonaws.com/goodPriceStoreImg/11779dea-9bdb-4ce9-8deb-5eb616b9a980.jpg,https://eatssu-bucket.s3.ap-northeast-2.amazonaws.com/goodPriceStoreImg/e1bad95a-b320-453e-80a6-b18e330c5764.jpg
752,ETC,조이사이공,양지 차돌 쌀국수탕면,7500.0,서울특별시 양천구 목동중앙북로 81 (목동) 1층,양천구,37.546543807741,126.872191581726,https://eatssu-bucket.s3.ap-northeast-2.amazonaws.com/goodPriceStoreImg/f0aee82a-2675-493a-8a24-b4febe0d918e.jpg,https://eatssu-bucket.s3.ap-northeast-2.amazonaws.com/goodPriceStoreImg/fdf3a8c0-ad0c-4338-a601-ae06763b9aae.jpg,
753,CHINESE,차이나,짜장면,6000.0,"서울특별시 양천구 목동로3길 57 (신정동, 양천아파트) 105호",양천구,37.5094542561098,126.862162255157,https://eatssu-bucket.s3.ap-northeast-2.amazonaws.com/goodPriceStoreImg/890bd634-44de-4dd4-a634-fa766bfbba8c.jpg,https://eatssu-bucket.s3.ap-northeast-2.amazonaws.com/goodPriceStoreImg/145c5f7d-b648-4fa3-9649-a8cda67920d3.jpg,
754,JAPANESE,칸키라멘,칸키라멘,10000.0,서울특별시 양천구 오목로48길 10 (신정동) 1층,양천구,37.5249971365423,126.862816839221,https://eatssu-bucket.s3.ap-northeast-2.amazonaws.com/goodPriceStoreImg/9568c480-c072-451d-a8bd-83b32bd49ac4.jpg,https://eatssu-bucket.s3.ap-northeast-2.amazonaws.com/goodPriceStoreImg/8ac4d59a-c517-41e3-8fa1-27d9fa9e4917.jpg,https://eatssu-bucket.s3.ap-northeast-2.amazonaws.com/goodPriceStoreImg/310263dd-0736-4883-829a-155f0b46e53f.jpg
755,KOREAN,토마토김밥,김밥,2000.0,서울특별시 양천구 은행정로 19 (신정동) 1층,양천구,37.5214353269891,126.859622803375,https://eatssu-bucket.s3.ap-northeast-2.amazonaws.com/goodPriceStoreImg/126f1e88-ed6a-41d8-b4d0-ee97268b02a9.jpg,https://eatssu-bucket.s3.ap-northeast-2.amazonaws.com/goodPriceStoreImg/b84f3d16-426f-47c5-9bb0-54453ea707d0.jpg,
756,KOREAN,풍성돼지갈비와 뒷고기 전문,돼지양념갈비(4인분이상 주문 시),6000.0,서울특별시 양천구 월정로38길 10 (신월동) 1층,양천구,37.5391532356641,126.833736718248,https://eatssu-bucket.s3.ap-northeast-2.amazonaws.com/goodPriceStoreImg/1a36a752-50e4-4056-8440-9f3d551e85e5.jpg,https://eatssu-bucket.s3.ap-northeast-2.amazonaws.com/goodPriceStoreImg/a2b5518e-6d49-477d-8a39-8fe7c87e0587.jpg,https://eatssu-bucket.s3.ap-northeast-2.amazonaws.com/goodPriceStoreImg/6047cc43-d2bb-467b-bc86-82515205a8ac.jpg
757,KOREAN,할범탕수육,탕수육,3000.0,서울특별시 양천구 목동중앙북로 15 1층,양천구,37.5485322830583,126.865356320485,https://eatssu-bucket.s3.ap-northeast-2.amazonaws.com/goodPriceStoreImg/880b9973-6d28-4a79-9edf-4416772338a7.jpg,https://eatssu-bucket.s3.ap-northeast-2.amazonaws.com/goodPriceStoreImg/bb249d27-ae81-420c-a7e7-5b83ded9ff89.jpg,https://eatssu-bucket.s3.ap-northeast-2.amazonaws.com/goodPriceStoreImg/f07371e1-2d29-4c27-95fa-2791d0ac4dc9.jpg
758,KOREAN,호랑이돈까스,치즈+등심돈까스,10000.0,"서울특별시 양천구 신월로15길 7 (신월동, 길성아파트) 1층",양천구,37.5190288155623,126.841716283854,https://eatssu-bucket.s3.ap-northeast-2.amazonaws.com/goodPriceStoreImg/2bcfbb5e-a280-4bf7-a70c-6dea76ed0d89.jpg,https://eatssu-bucket.s3.ap-northeast-2.amazonaws.com/goodPriceStoreImg/96a2134d-8bec-43f4-8835-31edd72bc993.jpg,
759,KOREAN,홍고집부대찌개,부대찌개,8000.0,서울특별시 양천구 지양로 91 (신월동) 2층,양천구,37.5230016069274,126.831936221918,https://eatssu-bucket.s3.ap-northeast-2.amazonaws.com/goodPriceStoreImg/1b03e069-35b7-4479-ba17-89c750f27d28.jpg,https://eatssu-bucket.s3.ap-northeast-2.amazonaws.com/goodPriceStoreImg/fd4e7210-12e8-4163-8f33-21d21723393d.jpg,https://eatssu-bucket.s3.ap-northeast-2.amazonaws.com/goodPriceStoreImg/9beeb542-7943-4b21-b25e-9e738c80cdde.jpg
760,KOREAN,홍두깨손칼국수,수제손칼국수,6000.0,서울특별시 양천구 중앙로 256 (신정동) 1층,양천구,37.519320757538,126.853605231171,https://eatssu-bucket.s3.ap-northeast-2.amazonaws.com/goodPriceStoreImg/8a5ea561-60e9-491d-bcee-b4dd4912738b.jpg,https://eatssu-bucket.s3.ap-northeast-2.amazonaws.com/goodPriceStoreImg/ee062fe2-bfc0-43c8-9d9d-5094deb37e4f.jpg,https://eatssu-bucket.s3.ap-northeast-2.amazonaws.com/goodPriceStoreImg/9b9c5caa-db2d-4f55-8b1d-f9e55006b21e.jpg
761,KOREAN,홍두깨칼국수,-,,"서울특별시 양천구 오목로7길 25 (신월동, 성우아파트) 1층 상가",양천구,37.5240856826558,126.841040760226,https://eatssu-bucket.s3.ap-northeast-2.amazonaws.com/goodPriceStoreImg/45b133f6-76a8-4455-955f-5e78b001d149.jpg,https://eatssu-bucket.s3.ap-northeast-2.amazonaws.com/goodPriceStoreImg/93001279-eeda-4421-827c-b6429458f81e.jpg,https://eatssu-bucket.s3.ap-northeast-2.amazonaws.com/goodPriceStoreImg/8d788110-9e8e-4802-9b7d-b7172b752fd2.jpg
762,CHINESE,홍콩반점,짜장면,4000.0,서울특별시 양천구 곰달래로 9-1 1층,양천구,37.5298960209778,126.833749688333,https://eatssu-bucket.s3.ap-northeast-2.amazonaws.com/goodPriceStoreImg/16713a51-6c37-42c7-b2ae-693a5e48e4d5.jpg,https://eatssu-bucket.s3.ap-northeast-2.amazonaws.com/goodPriceStoreImg/3b131ad0-2ebb-4395-8239-ca9fa7a69744.jpg,
763,CHINESE,화미향,고기짬뽕,8000.0,서울특별시 양천구 지양로 56 (신월동) 1층,양천구,37.5207812843481,126.834692866915,https://eatssu-bucket.s3.ap-northeast-2.amazonaws.com/goodPriceStoreImg/41aecea5-5cbf-4f97-a9d5-647e2c48a4d5.png,https://eatssu-bucket.s3.ap-northeast-2.amazonaws.com/goodPriceStoreImg/9b21dcc9-76f1-49f8-840e-50872b5a7c26.jpg,https://eatssu-bucket.s3.ap-northeast-2.amazonaws.com/goodPriceStoreImg/e2adf501-254f-4552-98a3-2d1ea144d50a.jpg
764,KOREAN,공가김밥,김치찌개,7000.0,서울특별시 강서구 양천로 583 (염창동) 1층,강서구,37.5571161918617,126.864347419732,https://eatssu-bucket.s3.ap-northeast-2.amazonaws.com/goodPriceStoreImg/409ab660-b76b-4599-b88e-2ae4dfb80158.jpg,,
765,KOREAN,까치산 냉면&김치찌개,김치찌개(포장),7000.0,"서울특별시 강서구 강서로15길 40 (화곡동, 감성하이츠) 101호",강서구,37.5323197074745,126.843845521154,https://eatssu-bucket.s3.ap-northeast-2.amazonaws.com/goodPriceStoreImg/042a089c-8b27-4f9f-9379-ede6a1e7871b.jpg,https://eatssu-bucket.s3.ap-northeast-2.amazonaws.com/goodPriceStoreImg/5464eeb1-5e28-4885-9b27-69403874c730.jpg,
766,KOREAN,나들이김밥,김밥,2000.0,"서울특별시 강서구 강서로56나길 110 (등촌동, 부영아파트) 1층",강서구,37.5635151546596,126.842838841866,https://eatssu-bucket.s3.ap-northeast-2.amazonaws.com/goodPriceStoreImg/0d84372f-6449-4ade-80c7-f885ca290575.jpg,,
767,KOREAN,다이아몬드 닭강정,크리스피치킨(포장),13000.0,서울특별시 강서구 강서로47길 36 (내발산동) 1층,강서구,37.552953373962,126.834185904309,https://eatssu-bucket.s3.ap-northeast-2.amazonaws.com/goodPriceStoreImg/95d41a09-5a47-4c12-8dec-9be1fd8f1212.jpg,,
768,CHINESE,도화루,짜장면,5000.0,서울특별시 강서구 방화대로7길 59 (공항동) 1층,강서구,37.5558930116491,126.812875876836,https://eatssu-bucket.s3.ap-northeast-2.amazonaws.com/goodPriceStoreImg/80783dde-63e0-4448-bdcd-1abcd9eca69b.jpg,,
769,KOREAN,돈까스 몬스터,왕돈까스,8500.0,서울특별시 강서구 금낭화로24길 29-8 (방화동) 1층,강서구,37.5786697742386,126.814920490566,https://eatssu-bucket.s3.ap-northeast-2.amazonaws.com/goodPriceStoreImg/e958db30-a7a9-47fb-ae4f-74d0de89c5f1.jpg,https://eatssu-bucket.s3.ap-northeast-2.amazonaws.com/goodPriceStoreImg/d5596895-8bee-432e-97f1-2eec24ebdec7.jpg,
770,KOREAN,돈오야,숙성삼겹살(170g),10900.0,서울특별시 강서구 강서로 55 (화곡동) 1층,강서구,37.5326570151971,126.845882787187,https://eatssu-bucket.s3.ap-northeast-2.amazonaws.com/goodPriceStoreImg/c05006ce-aad1-4d7c-a45d-5a98176a9cf2.jpg,,
771,CHINESE,뜸부기네 짜장&짬뽕,짜장면,5500.0,서울특별시 강서구 금낭화로 128 (방화동) 111호,강서구,37.5765585554781,126.812685159793,https://eatssu-bucket.s3.ap-northeast-2.amazonaws.com/goodPriceStoreImg/dcc9671a-a0d5-435e-ae39-fe86403a1f07.jpg,https://eatssu-bucket.s3.ap-northeast-2.amazonaws.com/goodPriceStoreImg/3a4170ba-2ec5-4bca-bbe2-44f65718f88a.jpg,
772,KOREAN,롤리밥스,된장찌개,7000.0,서울특별시 강서구 양천로 351 (가양동) 1층,강서구,37.568355539614,126.841870721959,https://eatssu-bucket.s3.ap-northeast-2.amazonaws.com/goodPriceStoreImg/325f1de4-2f1c-45da-a128-53c93a19808f.jpg,https://eatssu-bucket.s3.ap-northeast-2.amazonaws.com/goodPriceStoreImg/c9dde1a6-952b-47ba-9ddb-e47a9cc137e3.jpg,
773,CHINESE,만다린1997,탕수육+쟁반짜장2+만두,27000.0,"서울특별시 강서구 강서로68길 36 (등촌동, 등촌주공1,2단지아파트) 201호",강서구,37.5653839531639,126.84226376783,https://eatssu-bucket.s3.ap-northeast-2.amazonaws.com/goodPriceStoreImg/f55c5971-c9ce-49a5-af30-a359ccb3bec4.jpg,,
774,KOREAN,먹깨비김밥,김밥,3000.0,서울특별시 강서구  강서로 39 101호,강서구,37.5313576591579,126.846695520611,https://eatssu-bucket.s3.ap-northeast-2.amazonaws.com/goodPriceStoreImg/4b47fd1b-6769-4d73-8cda-b4b629c3bcc6.png,,
775,KOREAN,메밀이랑 면이랑,자장면,7000.0,서울특별시 강서구 강서로263-17 1층,강서구,37.5492576127203,126.835244139208,https://eatssu-bucket.s3.ap-northeast-2.amazonaws.com/goodPriceStoreImg/4c6cacc5-c7b5-450f-8fe7-5d7b142fc151.jpg,https://eatssu-bucket.s3.ap-northeast-2.amazonaws.com/goodPriceStoreImg/91dd8351-c4f4-419e-a21d-436b725122b9.jpg,
776,CHINESE,명가중화요리,자장면,7000.0,서울특별시 강서구 화곡로61길 100 청석빌딩102호,강서구,37.5584442336471,126.847003570425,https://eatssu-bucket.s3.ap-northeast-2.amazonaws.com/goodPriceStoreImg/571d8add-f90d-43b6-9509-70322d9ba0a1.jpg,https://eatssu-bucket.s3.ap-northeast-2.amazonaws.com/goodPriceStoreImg/22e01542-f9cb-4de6-940e-4b9cd2bb7345.jpg,https://eatssu-bucket.s3.ap-northeast-2.amazonaws.com/goodPriceStoreImg/7871724a-9008-4acc-bd00-c4fda025253d.jpg
777,CHINESE,명지각,짜장면,7000.0,서울특별시 강서구 강서로 337 (내발산동) 1층 104호,강서구,37.5558629211238,126.837068220627,https://eatssu-bucket.s3.ap-northeast-2.amazonaws.com/goodPriceStoreImg/26fa7188-3bd3-48cf-9917-e1d7609220f3.jpg,,
778,KOREAN,미스터 육회연어왕 강서점,육회비빔밥,7900.0,서울특별시 강서구 까치산로 92 (화곡동) 1층,강서구,37.5465204407109,126.848264213709,https://eatssu-bucket.s3.ap-northeast-2.amazonaws.com/goodPriceStoreImg/44a20767-5e7d-4060-a6a4-2ea9567afd9b.jpg,,
779,KOREAN,미키식당,백반,8000.0,서울특별시 강서구 양천로26길 26 (마곡동) 1층,강서구,37.5726941303595,126.81846924855,https://eatssu-bucket.s3.ap-northeast-2.amazonaws.com/goodPriceStoreImg/4741814d-f594-493d-8400-0955c9dba9cc.jpg,,
780,KOREAN,부부칼국수,칼국수,9000.0,서울특별시 강서구 강서로 56가길 47 1층,강서구,37.5617021869591,126.840099440935,https://eatssu-bucket.s3.ap-northeast-2.amazonaws.com/goodPriceStoreImg/27766f3a-0a7b-4a77-b682-fb78dfd3d7b1.jpg,https://eatssu-bucket.s3.ap-northeast-2.amazonaws.com/goodPriceStoreImg/ccfa4303-52ef-4c53-be95-8dcef11cea18.jpg,
781,KOREAN,비니거니치킨,은은담백 후라이드,14000.0,서울특별시 강서구 까치산로 36 (화곡동) 1층,강서구,37.5427131274326,126.844277707085,https://eatssu-bucket.s3.ap-northeast-2.amazonaws.com/goodPriceStoreImg/f8878505-d0a9-4bd4-a0a4-c215d9909eb4.jpg,https://eatssu-bucket.s3.ap-northeast-2.amazonaws.com/goodPriceStoreImg/da4307d8-01b4-44d4-b377-fc1ccfb6f703.jpg,
782,KOREAN,소라샤브샤브칼국수,가정식백반,7000.0,서울특별시 강서구 화곡로31길 19 (화곡동) 1층,강서구,37.5440827346594,126.842173323858,https://eatssu-bucket.s3.ap-northeast-2.amazonaws.com/goodPriceStoreImg/b740538c-9ac8-4217-a273-561d4ebcea50.jpg,https://eatssu-bucket.s3.ap-northeast-2.amazonaws.com/goodPriceStoreImg/fb71f9ba-e044-421e-9114-0605a8ca9ff1.jpg,
784,KOREAN,송화순대곱창,김치찌개,8000.0,서울특별시 강서구 강서로45나길 27 (내발산동) 1층,강서구,37.5492355727453,126.835462707105,https://eatssu-bucket.s3.ap-northeast-2.amazonaws.com/goodPriceStoreImg/ea03b61b-4396-4c4a-8a2d-aed804f0d1dd.jpg,,
785,CHINESE,수짬뽕,짜장면,6000.0,서울특별시 강서구 강서로45가길 10 (화곡동) 1층,강서구,37.5474870635534,126.835374437229,https://eatssu-bucket.s3.ap-northeast-2.amazonaws.com/goodPriceStoreImg/bddad1e2-79fe-42ff-9db8-fc8de61c700d.jpg,https://eatssu-bucket.s3.ap-northeast-2.amazonaws.com/goodPriceStoreImg/ab8779fa-6947-4fa7-923a-c6014d1baca7.jpg,
786,KOREAN,시골칼국수,칼국수,6000.0,서울특별시 강서구 방화대로7나길45,강서구,37.5562407744319,126.813260479255,https://eatssu-bucket.s3.ap-northeast-2.amazonaws.com/goodPriceStoreImg/fd94c704-be3a-458a-a075-5eefe4ce4f0a.jpg,https://eatssu-bucket.s3.ap-northeast-2.amazonaws.com/goodPriceStoreImg/3c366e0a-f9c9-4920-8600-69997cd42433.jpg,
787,CHINESE,쓰부,-,,서울특별시 강서구 까치산로 172 (화곡동) 1층,강서구,37.5525280352022,126.853408799614,https://eatssu-bucket.s3.ap-northeast-2.amazonaws.com/goodPriceStoreImg/8cd03896-96dc-4738-a395-04aaff68fd5a.jpeg,https://eatssu-bucket.s3.ap-northeast-2.amazonaws.com/goodPriceStoreImg/5a3dd468-a612-432a-92e3-d968cecfaf58.jpeg,
788,WESTERN,아메리칸멕스,타코치킨,8900.0,서울특별시 강서구 마곡중앙6로 45 (마곡동) A동 106호,강서구,37.5606312206415,126.832720625607,https://eatssu-bucket.s3.ap-northeast-2.amazonaws.com/goodPriceStoreImg/5a949728-b5ac-4093-8fca-82f4ed53ee46.jpg,https://eatssu-bucket.s3.ap-northeast-2.amazonaws.com/goodPriceStoreImg/01246cac-d1b5-4358-b823-20399469d7bd.jpg,
789,KOREAN,에펠샐러드,두부포케,8500.0,서울특별시 강서구 마곡서로 170 (마곡동) 101호,강서구,37.5693037061292,126.825592637016,https://eatssu-bucket.s3.ap-northeast-2.amazonaws.com/goodPriceStoreImg/d66d4628-ba63-4067-b2e1-594e45062019.jpg,,
790,KOREAN,영이옛날통닭,옛날통닭(포장),9000.0,서울특별시 강서구 까치산로 193 (화곡동) 1층,강서구,37.5544426239215,126.854111806982,https://eatssu-bucket.s3.ap-northeast-2.amazonaws.com/goodPriceStoreImg/9539f640-a58d-44aa-af41-961546cd84e2.jpg,https://eatssu-bucket.s3.ap-northeast-2.amazonaws.com/goodPriceStoreImg/5cca8a35-83b7-4fae-ac77-459e753051d7.jpg,
791,KOREAN,예닮,보리밥정식,9000.0,서울특별시 강서구 등촌로39길 17 (등촌동) _,강서구,37.5455753230499,126.861330599034,https://eatssu-bucket.s3.ap-northeast-2.amazonaws.com/goodPriceStoreImg/be88cd20-9f3e-4426-99d4-64b855b04305.jpg,,
792,KOREAN,옛날칼국수,칼국수,6000.0,서울특별시 강서구 강서로 18길 8-14 -,강서구,37.5331043292666,126.846480374592,https://eatssu-bucket.s3.ap-northeast-2.amazonaws.com/goodPriceStoreImg/d3d96a00-7741-409c-914f-19bdc9087abe.jpg,https://eatssu-bucket.s3.ap-northeast-2.amazonaws.com/goodPriceStoreImg/388761ea-ea32-4f9b-a72e-51733fab259e.jpg,https://eatssu-bucket.s3.ap-northeast-2.amazonaws.com/goodPriceStoreImg/d4ded493-a514-4d2c-a98b-9e955969875c.jpg
793,KOREAN,옥냉면 막국수,냉면,7000.0,서울특별시 강서구 금낭화로 70 (방화동) 1층,강서구,37.5716136057841,126.811705480812,https://eatssu-bucket.s3.ap-northeast-2.amazonaws.com/goodPriceStoreImg/cfb0d7df-c0ec-486e-ab00-243df7668262.jpg,https://eatssu-bucket.s3.ap-northeast-2.amazonaws.com/goodPriceStoreImg/35d8de87-cb30-4b8e-9abc-d3df9188bb9d.jpg,
794,KOREAN,왕세숫대야냉면,냉면,5000.0,서울특별시 강서구 공항대로423 -,강서구,37.555567479084,126.854371723846,https://eatssu-bucket.s3.ap-northeast-2.amazonaws.com/goodPriceStoreImg/c4238636-bc30-4646-907b-d611983d0aad.jpg,https://eatssu-bucket.s3.ap-northeast-2.amazonaws.com/goodPriceStoreImg/a5bcc3e9-832a-46e4-86dc-dd2c92bbdf6c.jpg,
795,JAPANESE,우미마토,(7코스)오마카세,35000.0,서울특별시 강서구 공항대로 219 (마곡동) 114호,강서구,37.5596348826715,126.83201084043,https://eatssu-bucket.s3.ap-northeast-2.amazonaws.com/goodPriceStoreImg/7211b526-0ed3-4f3f-b4d7-7a55bfcc8694.jpg,https://eatssu-bucket.s3.ap-northeast-2.amazonaws.com/goodPriceStoreImg/73a0bb95-ccdb-47e4-8a96-f89d0848bdbf.jpg,
796,KOREAN,우장회관,냉동삼겹살(170g),10900.0,서울특별시 강서구 강서로45길 46 (내발산동) 1층,강서구,37.5481477210482,126.833607314493,https://eatssu-bucket.s3.ap-northeast-2.amazonaws.com/goodPriceStoreImg/7e4fe784-41ed-4451-b43e-53ba06e164dc.jpg,https://eatssu-bucket.s3.ap-northeast-2.amazonaws.com/goodPriceStoreImg/ebb433b7-1644-4d88-b032-6c2914ae1341.jpg,
797,KOREAN,우장회관 화곡본동점,냉동삼겹살,10900.0,서울특별시 강서구 초록마을로 10 (화곡동) 1층,강서구,37.5446049743407,126.845252578863,https://eatssu-bucket.s3.ap-northeast-2.amazonaws.com/goodPriceStoreImg/264cd031-7442-4f18-875b-fc0f7112d448.jpg,https://eatssu-bucket.s3.ap-northeast-2.amazonaws.com/goodPriceStoreImg/275e571d-4217-453d-9c84-f4f2f4e62fdb.jpg,
798,CHINESE,육짬뽕,육짬뽕,9500.0,서울특별시 강서구 강서로 263-28 (내발산동) 1층,강서구,37.5494799814203,126.83460144284,https://eatssu-bucket.s3.ap-northeast-2.amazonaws.com/goodPriceStoreImg/45ad759a-abc7-4006-8e8d-426ea4fe152d.jpeg,https://eatssu-bucket.s3.ap-northeast-2.amazonaws.com/goodPriceStoreImg/f1f3e2c7-c2db-47e5-bc2f-ca5c99370bd3.jpeg,
799,KOREAN,은하식당,김치찌개,8000.0,서울특별시 강서구 양천로49길 50 (가양동) 1층,강서구,37.5709101338388,126.84066770071,https://eatssu-bucket.s3.ap-northeast-2.amazonaws.com/goodPriceStoreImg/dc276ec9-7cf3-48f9-9ac0-fc7e212d4c17.jpg,,
800,KOREAN,응봉할매,설렁탕,8000.0,"서울특별시 강서구 공항대로 18-1 (공항동, 이스카이오피스텔) 101호",강서구,37.5609595311681,126.809129234237,https://eatssu-bucket.s3.ap-northeast-2.amazonaws.com/goodPriceStoreImg/51eba384-df78-494a-ae20-6a2eec17a27c.jpg,https://eatssu-bucket.s3.ap-northeast-2.amazonaws.com/goodPriceStoreImg/7d76fd78-df4a-4867-8fa6-ff7c264bbe31.jpg,
801,KOREAN,일오삼김밥,김밥,3500.0,서울특별시 강서구 허준로 16 (가양동) 1층,강서구,37.5703291249212,126.84346068548,https://eatssu-bucket.s3.ap-northeast-2.amazonaws.com/goodPriceStoreImg/78d11d6f-fb03-47b6-8063-25d95c7bf249.jpg,,
802,KOREAN,전주식당,가정식 백반,8000.0,서울특별시 강서구 우장산로15길 37 (화곡동) 1층,강서구,37.5547265220134,126.850790329353,https://eatssu-bucket.s3.ap-northeast-2.amazonaws.com/goodPriceStoreImg/cb49cd99-b316-42d0-92a7-dee13c8998ee.jpg,,
803,JAPANESE,조병관숙성회,모듬회,29500.0,서울특별시 강서구 화곡로58길 34 (화곡동) 1층,강서구,37.5526808984645,126.852728240876,https://eatssu-bucket.s3.ap-northeast-2.amazonaws.com/goodPriceStoreImg/d70f342b-0639-4c09-8ee4-fa77df346a5d.png,,
804,CHINESE,조선 마라탕,마라탕(400g),7200.0,서울특별시 강서구 양천로24길 99 (방화동) 1층,강서구,37.5688158454382,126.815418137185,https://eatssu-bucket.s3.ap-northeast-2.amazonaws.com/goodPriceStoreImg/99a81b58-4880-45a7-b76a-20463cfd4e0a.png,https://eatssu-bucket.s3.ap-northeast-2.amazonaws.com/goodPriceStoreImg/aef4ebc2-502c-4db0-a09a-87265ae5f7e7.png,
805,KOREAN,진마루,삼겹살(200g),15000.0,서울특별시 강서구 방화동로3길 50 (방화동) 1층,강서구,37.5644762180763,126.808247251995,https://eatssu-bucket.s3.ap-northeast-2.amazonaws.com/goodPriceStoreImg/5035fba2-98e0-4429-bc88-5b201cf0e64d.jpg,,
807,KOREAN,착한마녀김밥,돈가스,7500.0,"서울특별시 강서구 양천로 637 (염창동, 한마음삼성아파트) 상가동 105호",강서구,37.5544411536489,126.868589079778,https://eatssu-bucket.s3.ap-northeast-2.amazonaws.com/goodPriceStoreImg/514cad18-f73f-49cb-90dd-d4198fb69f09.jpg,,
808,KOREAN,청우,한우선지 해장국,7000.0,서울특별시 강서구 마곡서로 152 (마곡동) B동 301-303호,강서구,37.5676859104888,126.82597944995,https://eatssu-bucket.s3.ap-northeast-2.amazonaws.com/goodPriceStoreImg/cb672ab2-349b-40a2-9e81-9848193ec50a.jpeg,,
809,KOREAN,체리김밥,김밥,3000.0,서울특별시 강서구 까치산로4나길 2 (화곡동) 1층,강서구,37.5419702574196,126.844212039349,https://eatssu-bucket.s3.ap-northeast-2.amazonaws.com/goodPriceStoreImg/1c29ee7c-8e75-425c-9702-e5ae2ad45987.jpg,https://eatssu-bucket.s3.ap-northeast-2.amazonaws.com/goodPriceStoreImg/7d19f728-82c9-484e-bdce-2f6a515b6de6.jpg,
810,KOREAN,춘천집,점심특선 닭갈비,8900.0,서울특별시 강서구 양천로 34 (방화동) 1층,강서구,37.5725011774135,126.807682870586,https://eatssu-bucket.s3.ap-northeast-2.amazonaws.com/goodPriceStoreImg/2d1ef6e4-9300-4e79-85bd-613b95164649.jpg,,
811,KOREAN,카페 샌드백,또띠아랩(모든종류),7800.0,서울특별시 강서구 등촌로39길 17-5 (등촌동) 1층,강서구,37.5454186548899,126.86126706806,https://eatssu-bucket.s3.ap-northeast-2.amazonaws.com/goodPriceStoreImg/1d7cae78-60bb-4507-8c5a-bf937f425bcb.jpg,,
812,WESTERN,칸스KANS,(칸스)브리또,4900.0,서울특별시 강서구 방화동로5길 12-1 (방화동) 1층,강서구,37.5640804768635,126.810239778492,https://eatssu-bucket.s3.ap-northeast-2.amazonaws.com/goodPriceStoreImg/f3ba034e-d3ba-4c58-b114-1b07da5ba2ce.jpg,https://eatssu-bucket.s3.ap-northeast-2.amazonaws.com/goodPriceStoreImg/fbc03017-4002-4d73-a5ef-f294980b4b81.jpg,
813,KOREAN,칼국수와 반찬이 맛있는 밥집,바지락칼국수,5000.0,서울특별시 강서구 방화동로16길 18-3 (방화동) 1층,강서구,37.5710393180512,126.812956053198,https://eatssu-bucket.s3.ap-northeast-2.amazonaws.com/goodPriceStoreImg/7028121c-fbd2-45ff-9f43-2925b5fec572.jpg,,
814,BAKERY,타르데마 베이커리,에그타르트,990.0,서울특별시 강서구 강서로46길 9 (내발산동) 1층,강서구,37.5508932986207,126.836942560718,https://eatssu-bucket.s3.ap-northeast-2.amazonaws.com/goodPriceStoreImg/dc7c4f0d-f479-4807-a270-b446322a816c.jpeg,,
815,WESTERN,파스따꼬,타코알빠스톨,3000.0,"서울특별시 강서구 강서로52길 43 (내발산동, DH647) 1층 103호",강서구,37.5579923234822,126.840556795103,https://eatssu-bucket.s3.ap-northeast-2.amazonaws.com/goodPriceStoreImg/a69789a6-fe90-4d36-8c33-7133ce0b63fa.jpeg,,
816,WESTERN,파스타고 마곡점,알리오올리오(홀 포장),10800.0,서울특별시 강서구 마곡중앙5로 6 (마곡동) 2층 215호,강서구,37.5673140391214,126.827554917518,https://eatssu-bucket.s3.ap-northeast-2.amazonaws.com/goodPriceStoreImg/efc04cd8-c8e4-4710-9c9e-ed2daf7865eb.jpg,,
817,WESTERN,포노,스파이시감베로니,10000.0,"서울특별시 강서구 화곡로55길 35 (화곡동, 대상힐탑) 1층",강서구,37.5529543252769,126.847945273414,https://eatssu-bucket.s3.ap-northeast-2.amazonaws.com/goodPriceStoreImg/07861410-802e-4518-a69a-1f05bc541e69.jpg,,
818,KOREAN,필김밥,김밥,3000.0,서울특별시 강서구 곰달래로49길 23 (화곡동) 1층,강서구,37.5327391552075,126.857629381556,https://eatssu-bucket.s3.ap-northeast-2.amazonaws.com/goodPriceStoreImg/96bbfc7f-8b26-48e4-b7ff-5f618c769b8d.jpg,https://eatssu-bucket.s3.ap-northeast-2.amazonaws.com/goodPriceStoreImg/4967fc91-6c9e-4be5-b6f9-1b0af8f9780c.jpg,
819,KOREAN,한우리네 칼국수,칼국수,7000.0,서울특별시 강서구 강서로 207 (화곡동) 1층,강서구,37.5443743879828,126.837392186235,https://eatssu-bucket.s3.ap-northeast-2.amazonaws.com/goodPriceStoreImg/8be954f8-a199-4bba-aeb0-97d1ba0c3213.jpg,,
820,KOREAN,할매칼국수,칼국수,7000.0,"서울특별시 강서구 월정로 108 (화곡동, 해창위너스빌) 101호",강서구,37.5288882984528,126.839250306717,https://eatssu-bucket.s3.ap-northeast-2.amazonaws.com/goodPriceStoreImg/68d7974d-96b4-4363-96c2-364ceb294ac9.jpg,,
821,KOREAN,홍두깨손칼국수,잔치국수,6000.0,서울특별시 강서구 초록마을로2길 48 (화곡동) 1층,강서구,37.5432592790771,126.843502478979,https://eatssu-bucket.s3.ap-northeast-2.amazonaws.com/goodPriceStoreImg/a20637ca-efce-4a81-8edf-76ff064b53f3.jpg,https://eatssu-bucket.s3.ap-northeast-2.amazonaws.com/goodPriceStoreImg/30c9a189-a3f8-49d4-aa90-6e7c397eef54.jpg,
822,CHINESE,황제마라탕,마라탕(400g),8000.0,"서울특별시 강서구 공항대로 103 (마곡동, 마곡 엠밸리 9단지) 판매시설 4동 1층",강서구,37.5622669688172,126.81920602303,https://eatssu-bucket.s3.ap-northeast-2.amazonaws.com/goodPriceStoreImg/5b6eda62-4a7f-45a2-b9b7-437e6866572e.jpg,,
823,KOREAN,개봉분식,떡볶이,2500.0,서울특별시 구로구 고척로21나길 65 (개봉동),구로구,37.5018399524464,126.842280378177,https://eatssu-bucket.s3.ap-northeast-2.amazonaws.com/goodPriceStoreImg/ee2ec794-35db-4077-88fe-84ae3f7f58e6.png,,
825,KOREAN,고가네 며느리,백반,8000.0,서울특별시 구로구 신도림로15길 21-34 (신도림동) .,구로구,37.5108881843626,126.880418428522,https://eatssu-bucket.s3.ap-northeast-2.amazonaws.com/goodPriceStoreImg/d6703b82-88d6-4684-b7db-fc216f2ab9f3.png,https://eatssu-bucket.s3.ap-northeast-2.amazonaws.com/goodPriceStoreImg/640543f8-b924-4b1a-bed9-96632f78d728.png,https://eatssu-bucket.s3.ap-northeast-2.amazonaws.com/goodPriceStoreImg/476199b3-673f-498b-b4cd-214c6f9f0ce1.png
826,KOREAN,고척칼국수,멸치칼국수,7000.0,서울특별시 구로구 경인로47가길 5 (고척동) .,구로구,37.5016232956254,126.865313484443,https://eatssu-bucket.s3.ap-northeast-2.amazonaws.com/goodPriceStoreImg/a27cd67f-d487-4c3c-aa37-7381c49a86e1.png,https://eatssu-bucket.s3.ap-northeast-2.amazonaws.com/goodPriceStoreImg/12f07dc2-b4a2-4034-9045-bbf994847015.png,https://eatssu-bucket.s3.ap-northeast-2.amazonaws.com/goodPriceStoreImg/bbd11edc-148f-4a8c-9767-f746db254fef.png
827,KOREAN,구로숯불돼지불백,돼지불백,9000.0,서울특별시 구로구 가마산로27길 60 1층,구로구,37.4994337951479,126.890544226576,https://eatssu-bucket.s3.ap-northeast-2.amazonaws.com/goodPriceStoreImg/8c0ba953-d6bd-42b9-a6d0-a7a97d55099f.png,,
828,KOREAN,국수뜨락,멸치국수,5000.0,서울특별시 구로구 구로중앙로 43 1층,구로구,37.4935907571883,126.889852111075,https://eatssu-bucket.s3.ap-northeast-2.amazonaws.com/goodPriceStoreImg/a6d5cf53-bacf-49fe-82fa-f9f4c4cb6607.jpg,https://eatssu-bucket.s3.ap-northeast-2.amazonaws.com/goodPriceStoreImg/67afdd13-1907-42e9-8f29-2f0a4a5757c4.jpg,https://eatssu-bucket.s3.ap-northeast-2.amazonaws.com/goodPriceStoreImg/b9c61b76-b7b4-4b6e-bc58-5c53a3bff04d.jpg
829,KOREAN,국수박사,잔치국수,7000.0,서울특별시 구로구 디지털로31길 120 한신플러스상가1동 106호,구로구,37.4884700177382,126.890773027393,https://eatssu-bucket.s3.ap-northeast-2.amazonaws.com/goodPriceStoreImg/7926ec07-a969-4c0b-9fcb-5e7236b92a37.png,,
830,KOREAN,금정식당,된장찌개,7000.0,서울특별시 구로구 구로중앙로28길 53-8 1층,구로구,37.500439184017,126.888379456035,https://eatssu-bucket.s3.ap-northeast-2.amazonaws.com/goodPriceStoreImg/78b2789c-c8f0-4871-8984-55fbd68382ed.png,,
831,KOREAN,길손식당,삼겹살,8000.0,서울특별시 구로구 고척로40길 33-5 .,구로구,37.5016599031868,126.851146266459,https://eatssu-bucket.s3.ap-northeast-2.amazonaws.com/goodPriceStoreImg/3e42323d-94be-4303-869d-c22c68172b78.jpg,https://eatssu-bucket.s3.ap-northeast-2.amazonaws.com/goodPriceStoreImg/c6437795-883b-4899-9c0d-47613d5b4f85.jpg,https://eatssu-bucket.s3.ap-northeast-2.amazonaws.com/goodPriceStoreImg/821be18b-ceb7-4c69-a621-25427eda78b6.jpg
832,KOREAN,김밥짱,김밥,3500.0,서울특별시 구로구 구로동로 125-1 (구로동),구로구,37.4898228680199,126.884047438304,https://eatssu-bucket.s3.ap-northeast-2.amazonaws.com/goodPriceStoreImg/9781fb08-5fa1-4a0a-82eb-598a8b34bd6c.png,,
833,KOREAN,김밥천국,김밥,3500.0,서울특별시 구로구 구로동로 119-2 (구로동),구로구,37.4892979453006,126.884143457518,https://eatssu-bucket.s3.ap-northeast-2.amazonaws.com/goodPriceStoreImg/51a361d9-c852-4704-90af-456118b28d49.jpg,https://eatssu-bucket.s3.ap-northeast-2.amazonaws.com/goodPriceStoreImg/9f4d4224-967f-4bdf-81f1-986723623b13.jpg,https://eatssu-bucket.s3.ap-northeast-2.amazonaws.com/goodPriceStoreImg/183ea233-7c3e-4df4-aa8d-ce2017c75134.jpg
834,BAKERY,까레몽 과자점,식빵,2900.0,서울특별시 구로구 고척로27길 107 (개봉동) 1층,구로구,37.5064896127073,126.845160396874,https://eatssu-bucket.s3.ap-northeast-2.amazonaws.com/goodPriceStoreImg/a9402577-73ef-4677-895d-cda1d6bce83c.png,https://eatssu-bucket.s3.ap-northeast-2.amazonaws.com/goodPriceStoreImg/f8e33c67-eca9-4319-abe8-465c1b0db9fc.png,
835,KOREAN,꿀꿀이생고기맛집,생삼겹살,12000.0,서울특별시 구로구 중앙로 32 1층,구로구,37.500768283874,126.863856941873,https://eatssu-bucket.s3.ap-northeast-2.amazonaws.com/goodPriceStoreImg/3a9a5f5d-0529-4760-b96f-788bd47f6735.jpg,https://eatssu-bucket.s3.ap-northeast-2.amazonaws.com/goodPriceStoreImg/ec39bed3-fa3b-4177-8e24-af63842687ad.jpg,https://eatssu-bucket.s3.ap-northeast-2.amazonaws.com/goodPriceStoreImg/b6c8ac91-3e76-4ceb-b030-554c2b2f5704.jpg
836,KOREAN,늘푸른채 샤브샤브,소고기샤브,18000.0,서울특별시 구로구 구로중앙로19길 20 (구로동) 2층,구로구,37.494386306244,126.888084163613,https://eatssu-bucket.s3.ap-northeast-2.amazonaws.com/goodPriceStoreImg/5c76892f-0288-463e-92be-e07ab51e8cfa.png,https://eatssu-bucket.s3.ap-northeast-2.amazonaws.com/goodPriceStoreImg/638364e9-aace-4901-bff7-be11584b3f1d.png,
837,KOREAN,다복집,선지해장국,8000.0,서울특별시 구로구 도림로14길 2 1층,구로구,37.4874482618897,126.888731102402,,,
838,KOREAN,닷컴분식,칼국수,6500.0,서울특별시 구로구 남부순환로 97길 20-6 1층,구로구,37.4940384973276,126.858645629031,https://eatssu-bucket.s3.ap-northeast-2.amazonaws.com/goodPriceStoreImg/c4b3f85e-3629-4d56-b53a-2caadea97932.jpg,,
839,KOREAN,대형식당,삼겹살(국내산 200g),14000.0,서울특별시 구로구 구로동로 100 1층,구로구,37.4875902191679,126.885110476185,https://eatssu-bucket.s3.ap-northeast-2.amazonaws.com/goodPriceStoreImg/99ac72ae-9220-4ed3-bf96-486966e4d099.jpg,https://eatssu-bucket.s3.ap-northeast-2.amazonaws.com/goodPriceStoreImg/14d1d38a-6214-4c6e-8b66-85012357115d.jpg,https://eatssu-bucket.s3.ap-northeast-2.amazonaws.com/goodPriceStoreImg/d2617941-c908-41b1-a747-45394a0c0e22.jpg
840,JAPANESE,동명,등심카츠,6900.0,서울특별시 구로구 경인로47길 6 1층,구로구,37.5000160158822,126.86732495519,https://eatssu-bucket.s3.ap-northeast-2.amazonaws.com/goodPriceStoreImg/9d54a2d8-fec8-446c-b33b-d5e5831ab53d.png,,
841,JAPANESE,린초밥,점심특선초밥,11000.0,서울특별시 구로구 디지털로32나길 17-45 2층,구로구,37.4851745815704,126.899502996554,https://eatssu-bucket.s3.ap-northeast-2.amazonaws.com/goodPriceStoreImg/e52bbbe1-e3b7-464d-93bb-cd193ce92591.png,,
842,KOREAN,만원족발,순살족발(800g),10000.0,서울특별시 구로구 구로동로8길 96 (구로동) 1층,구로구,37.4897720005788,126.888201408596,https://eatssu-bucket.s3.ap-northeast-2.amazonaws.com/goodPriceStoreImg/9b1d3323-0c01-4aa2-812b-97be371cd2ba.png,,
843,KOREAN,명가분식,된장찌개,7000.0,서울특별시 구로구 오류로8길 85 (오류동),구로구,37.4931325154748,126.844707276028,https://eatssu-bucket.s3.ap-northeast-2.amazonaws.com/goodPriceStoreImg/bf496211-183b-4e09-b949-14f849cad890.jpg,https://eatssu-bucket.s3.ap-northeast-2.amazonaws.com/goodPriceStoreImg/697c8864-50f3-40e8-8e6b-78190ea54545.jpg,https://eatssu-bucket.s3.ap-northeast-2.amazonaws.com/goodPriceStoreImg/4b1331f0-71b5-44fc-8dbf-ba30b815e2f7.jpg
844,KOREAN,명동분식,김치찌개,5500.0,서울특별시 구로구 디지털로19길 15,구로구,37.4804424100042,126.889817484419,https://eatssu-bucket.s3.ap-northeast-2.amazonaws.com/goodPriceStoreImg/1b7e8118-dd52-4b97-970a-ed25736a5654.png,,
845,KOREAN,명태본가,명태조림,11000.0,서울특별시 구로구 구로중앙로19길 20,구로구,37.494386306244,126.888084163613,https://eatssu-bucket.s3.ap-northeast-2.amazonaws.com/goodPriceStoreImg/5d5857d2-3574-49e1-88a1-f9f98f4f50bd.jpg,,
846,KOREAN,미란이 식당,된장찌개,6000.0,서울특별시 구로구 고척로40길 33- 3 1층,구로구,37.5017071777617,126.851052419261,https://eatssu-bucket.s3.ap-northeast-2.amazonaws.com/goodPriceStoreImg/d13ac2cb-6d2c-4d15-8850-bf81c8a42bf2.png,,
847,KOREAN,박가네보리밥칼국수,바지락칼국수,8000.0,서울특별시 구로구 구로동로22길 23 1층,구로구,37.4895609364608,126.885795964473,https://eatssu-bucket.s3.ap-northeast-2.amazonaws.com/goodPriceStoreImg/2c0add36-dff5-4697-a3aa-c081754e5db2.png,,
848,KOREAN,박리미진분식,김밥,2800.0,서울특별시 구로구 구로중앙로8길 27 (구로동),구로구,37.4924504704356,126.893119031282,https://eatssu-bucket.s3.ap-northeast-2.amazonaws.com/goodPriceStoreImg/5204b7ac-e9cf-4e0e-892b-77f42a6306e0.jpg,https://eatssu-bucket.s3.ap-northeast-2.amazonaws.com/goodPriceStoreImg/a0a6152b-b264-4a98-a3cc-08bd82941f45.jpg,https://eatssu-bucket.s3.ap-northeast-2.amazonaws.com/goodPriceStoreImg/c161daab-ed7b-481c-8763-4bc1a6ad3d41.jpg
849,KOREAN,백화돈,목살,16000.0,서울특별시 구로구 디지털로32가길 25,구로구,37.4821488683208,126.898930994884,https://eatssu-bucket.s3.ap-northeast-2.amazonaws.com/goodPriceStoreImg/1fe83cec-7cd4-4480-b833-13d772e9fd94.png,,
850,KOREAN,병규네부대찌개,부대찌개,9000.0,서울특별시 구로구 오류로8길 87 1층,구로구,37.4931895997806,126.844814356961,https://eatssu-bucket.s3.ap-northeast-2.amazonaws.com/goodPriceStoreImg/b2ae4a79-3250-47a2-8bb4-f4c72fdadde4.png,,
851,BAKERY,브레드홍,단팥빵,1500.0,서울특별시 구로구 오류로72 1층,구로구,37.4909116304113,126.840919311443,https://eatssu-bucket.s3.ap-northeast-2.amazonaws.com/goodPriceStoreImg/943d623a-5fa3-4fc8-b679-ca818fabe5b0.png,,
852,KOREAN,삼거리식당,칼국수,8000.0,서울특별시 구로구 구로동로38길 18 동쪽상가1층,구로구,37.4947357976127,126.883873839379,https://eatssu-bucket.s3.ap-northeast-2.amazonaws.com/goodPriceStoreImg/9af4b5b5-07f9-4d12-8001-bf28e1ca1e76.jpg,https://eatssu-bucket.s3.ap-northeast-2.amazonaws.com/goodPriceStoreImg/440a7980-c6c6-4ecb-90d6-c346afd6888d.jpg,https://eatssu-bucket.s3.ap-northeast-2.amazonaws.com/goodPriceStoreImg/6636bc61-991b-44d9-9072-b6c07ea92fce.jpg
853,KOREAN,삼삼치킨,치킨,14000.0,서울특별시 구로구 경인로47길 42 (고척동),구로구,37.5011450682337,126.865970272804,https://eatssu-bucket.s3.ap-northeast-2.amazonaws.com/goodPriceStoreImg/42b48989-a4b1-4ee3-b90e-11b8ded19639.png,,
854,KOREAN,삼삼칼국수,칼국수,6000.0,서울특별시 구로구 구로동로22길 26,구로구,37.4894143941547,126.885849332166,https://eatssu-bucket.s3.ap-northeast-2.amazonaws.com/goodPriceStoreImg/7f09f378-06b1-4bd0-8ce1-be46fd5f255f.png,,
855,KOREAN,새벽분식,김밥,3500.0,서울특별시 구로구 오류로 70 (오류동) (오류동),구로구,37.490768864775,126.840885013086,https://eatssu-bucket.s3.ap-northeast-2.amazonaws.com/goodPriceStoreImg/0c7d5f6a-72f2-47d7-a42c-7ac9e3383d2a.jpg,https://eatssu-bucket.s3.ap-northeast-2.amazonaws.com/goodPriceStoreImg/581845f4-bae7-407a-b4ab-c060bb7783f0.jpg,https://eatssu-bucket.s3.ap-northeast-2.amazonaws.com/goodPriceStoreImg/7ea84563-7ed0-441d-8d19-7a5b4d94673e.jpg
856,KOREAN,선머슴닭발,-,,서울특별시 구로구 신도림로7길 2 (신도림동) 1층,구로구,37.5079544692731,126.879840861674,https://eatssu-bucket.s3.ap-northeast-2.amazonaws.com/goodPriceStoreImg/ea16deae-f363-4c3b-ab98-a973e7226343.jpeg,,
857,KOREAN,설가네부대찌게,부대찌개,10000.0,서울특별시 구로구 경인로 318-9 1층,구로구,37.496733035745,126.855730205031,https://eatssu-bucket.s3.ap-northeast-2.amazonaws.com/goodPriceStoreImg/9a3a2610-427f-4f71-b98d-5421787b6f64.png,,
858,KOREAN,숲풀림곱창,김치찌개,8000.0,서울특별시 구로구 경인로59길 8 (신도림동) .,구로구,37.5063918465946,126.883427027522,https://eatssu-bucket.s3.ap-northeast-2.amazonaws.com/goodPriceStoreImg/7af658d2-7c6b-409b-a29d-947bb266a573.png,https://eatssu-bucket.s3.ap-northeast-2.amazonaws.com/goodPriceStoreImg/b592431b-8ed4-4f78-bde5-a3773c1771d4.png,https://eatssu-bucket.s3.ap-northeast-2.amazonaws.com/goodPriceStoreImg/4ec2e329-2cf0-4047-a241-e21d4cf91b29.png
859,ETC,신도계란,왕란(한판),7000.0,구로구 신도림로11길 9-28 1층,구로구,37.5081069086818,126.879565101382,,,
860,KOREAN,옛날 손칼국수,칼국수,7000.0,서울특별시 구로구 신도림로11길 5 1층,구로구,37.5082619643959,126.880000747455,https://eatssu-bucket.s3.ap-northeast-2.amazonaws.com/goodPriceStoreImg/db56ce10-ed58-413b-b046-84eb052e9d49.png,,
861,KOREAN,옛날고기집,냉면,6000.0,서울특별시 구로구 디지털로19길 40 (가리봉동) 1층,구로구,37.4815868827479,126.890023385386,https://eatssu-bucket.s3.ap-northeast-2.amazonaws.com/goodPriceStoreImg/c9a208cb-8cb2-438d-8c33-71f183c21d56.png,,
862,KOREAN,오늘부터우리는,대패삼겹살,10000.0,서울특별시 구로구 개봉로3길 40 1층,구로구,37.4864154231168,126.854038861329,https://eatssu-bucket.s3.ap-northeast-2.amazonaws.com/goodPriceStoreImg/5e4a7736-9e1f-4ab8-91e3-2f7d0e8ddded.png,,
863,KOREAN,용갈비,삼겹살(국200g),15000.0,서울특별시 구로구 구로동로 96-4 (구로동),구로구,37.4874911296461,126.885317886534,https://eatssu-bucket.s3.ap-northeast-2.amazonaws.com/goodPriceStoreImg/b6971b7d-d81f-479e-b717-b1eec27a2abb.jpg,https://eatssu-bucket.s3.ap-northeast-2.amazonaws.com/goodPriceStoreImg/c886219d-4781-45f7-a3ff-d659b7560b20.jpg,https://eatssu-bucket.s3.ap-northeast-2.amazonaws.com/goodPriceStoreImg/64c23242-9b0d-4a85-bb73-4d071ee655f7.jpg
864,KOREAN,용아식당,냉동삽겹살,10000.0,서울특별시 구로구 남부순환로105라길 20,구로구,37.480415168995,126.889688183728,https://eatssu-bucket.s3.ap-northeast-2.amazonaws.com/goodPriceStoreImg/2e014838-72ae-4d33-bb4a-e4eb4569d44e.png,,
865,CHINESE,우동.짜장,자장면,5000.0,서울특별시 구로구 구로동로 126-16 (구로동),구로구,37.4900142033653,126.885114678947,https://eatssu-bucket.s3.ap-northeast-2.amazonaws.com/goodPriceStoreImg/cc42efe2-6292-493c-8fe1-bf7289590b43.jpg,https://eatssu-bucket.s3.ap-northeast-2.amazonaws.com/goodPriceStoreImg/f939d78a-bd4e-4567-935f-f1b31ed3afc7.jpg,https://eatssu-bucket.s3.ap-northeast-2.amazonaws.com/goodPriceStoreImg/5be01c10-c907-4d47-ad3f-23bc0699998f.jpg
866,KOREAN,우리동네김밥,김밥,2000.0,"서울특별시 구로구 경인로40길 11 (개봉동, 영화아파트) 상가동 1층, 102호",구로구,37.4960567771925,126.859422554119,https://eatssu-bucket.s3.ap-northeast-2.amazonaws.com/goodPriceStoreImg/58593022-9e0b-43c5-a155-a6a345d8f106.png,,
867,KOREAN,우리식당,소불고기,8000.0,"서울특별시 구로구 중앙로3길 50 (고척동, 고척공구상가 지하)",구로구,37.4999556964527,126.860331722115,https://eatssu-bucket.s3.ap-northeast-2.amazonaws.com/goodPriceStoreImg/c026281b-64e5-4a68-9242-e5e4bc19992d.jpg,https://eatssu-bucket.s3.ap-northeast-2.amazonaws.com/goodPriceStoreImg/8e9a53df-3d79-4d36-8c53-65b66d88f6f0.jpg,https://eatssu-bucket.s3.ap-northeast-2.amazonaws.com/goodPriceStoreImg/02917f66-c87b-4e7c-a6e6-4c3a778ba06b.jpg
868,KOREAN,우리집국수김밥,멸치국수,6000.0,서울특별시 구로구 시흥대로577-11 1층,구로구,37.4844882862976,126.901864172583,https://eatssu-bucket.s3.ap-northeast-2.amazonaws.com/goodPriceStoreImg/331b3007-aca8-480b-b390-7fac4ff8493e.png,,
869,KOREAN,우리집식당,돼지갈비,15000.0,서울특별시 구로구 디지털로 27길 67 1층,구로구,37.4839234172435,126.890259885277,https://eatssu-bucket.s3.ap-northeast-2.amazonaws.com/goodPriceStoreImg/b72d4fac-e1f5-411b-a761-cac33c95acf5.png,,
870,KOREAN,원이랑 아구찜,순살아구찜,46000.0,서울특별시 구로구 개봉로18길 16 (개봉동) 1층,구로구,37.4913524386688,126.856793522742,https://eatssu-bucket.s3.ap-northeast-2.amazonaws.com/goodPriceStoreImg/63e55718-cc29-42ec-9a2b-7ec9983b60de.png,https://eatssu-bucket.s3.ap-northeast-2.amazonaws.com/goodPriceStoreImg/1916f5ed-c40a-410c-9b4c-71b8b6a71561.png,https://eatssu-bucket.s3.ap-northeast-2.amazonaws.com/goodPriceStoreImg/3f17f7ee-a895-4f18-92a7-46d99737a91e.png
871,KOREAN,윤경이네,삼겹살,15000.0,서울특별시 구로구 도림로 36 지층,구로구,37.487320392647,126.888618221606,https://eatssu-bucket.s3.ap-northeast-2.amazonaws.com/goodPriceStoreImg/f9f0dfb5-68e5-4661-b919-f02c2c204ae9.jpg,https://eatssu-bucket.s3.ap-northeast-2.amazonaws.com/goodPriceStoreImg/e26cec3f-cfb0-40ad-9569-f42c63a2d543.jpg,
872,KOREAN,일억조분식,김밥,2500.0,서울특별시 구로구 가마산로26길 11 (구로동),구로구,37.4956872518878,126.891249000392,https://eatssu-bucket.s3.ap-northeast-2.amazonaws.com/goodPriceStoreImg/606d54cb-1bcc-4c10-b75b-def47f09b0bd.jpg,https://eatssu-bucket.s3.ap-northeast-2.amazonaws.com/goodPriceStoreImg/4c4faceb-e7d0-4f19-a3e6-99ef80481fa7.jpg,https://eatssu-bucket.s3.ap-northeast-2.amazonaws.com/goodPriceStoreImg/04d92309-70df-4076-a68d-fcb9c428bf80.jpg
873,KOREAN,자매분식,김밥,2500.0,서울특별시 구로구 구로중앙로8길41 (구로동),구로구,37.4928953829375,126.893813266873,https://eatssu-bucket.s3.ap-northeast-2.amazonaws.com/goodPriceStoreImg/3563bceb-9d1f-45f1-a092-ec23ac1bcba5.jpg,https://eatssu-bucket.s3.ap-northeast-2.amazonaws.com/goodPriceStoreImg/ea2549bb-097a-4a96-87ec-df84952d830d.jpg,https://eatssu-bucket.s3.ap-northeast-2.amazonaws.com/goodPriceStoreImg/27e8453e-2ac3-4fd8-aab4-94792d1afc7d.jpg
874,KOREAN,장군돼지본점,삼겹살,15000.0,서울특별시 구로구 신도림로11길 35 (신도림동) 1층,구로구,37.5090506893527,126.878663849072,https://eatssu-bucket.s3.ap-northeast-2.amazonaws.com/goodPriceStoreImg/6602c134-a800-43a3-8abc-5a83cea237e6.png,https://eatssu-bucket.s3.ap-northeast-2.amazonaws.com/goodPriceStoreImg/6f3f5129-8502-4b9f-ae0a-9fdebf2e0994.png,https://eatssu-bucket.s3.ap-northeast-2.amazonaws.com/goodPriceStoreImg/d1eafe5b-a489-4fc8-ae4a-a2cf1ecfd920.png
875,KOREAN,장원돈갈비,삼겹살,13000.0,서울특별시 구로구 구로동로20길 6-8,구로구,37.4885178374157,126.884957199512,,,
876,KOREAN,장터순대국삼계탕,순대국,9000.0,서울특별시 구로구 구로동로20길 17 (구로동) 1층,구로구,37.4888825032802,126.885542809667,https://eatssu-bucket.s3.ap-northeast-2.amazonaws.com/goodPriceStoreImg/c7de24b5-1e05-4cd5-b4b7-111030d74e7e.jpeg,https://eatssu-bucket.s3.ap-northeast-2.amazonaws.com/goodPriceStoreImg/2711efbd-03c5-4ce0-a164-2378525ef12e.jpeg,https://eatssu-bucket.s3.ap-northeast-2.amazonaws.com/goodPriceStoreImg/22b6b93f-3471-486d-bd90-5d5b17040ef1.jpeg
877,KOREAN,전주식당,순두부찌개,7000.0,서울특별시 구로구 구로동로28길 2,구로구,37.4907037714483,126.884311691067,https://eatssu-bucket.s3.ap-northeast-2.amazonaws.com/goodPriceStoreImg/c09b0890-916c-4855-b980-7b57ec112c3f.png,,
878,KOREAN,제주똥돼지촌,삼겹살(오겹살 국내산 200g),16000.0,서울특별시 구로구 구로동로28길 98 1층,구로구,37.4917262947396,126.889264134323,https://eatssu-bucket.s3.ap-northeast-2.amazonaws.com/goodPriceStoreImg/b5dfecf9-77d8-4010-aed1-eb571cefda21.jpg,https://eatssu-bucket.s3.ap-northeast-2.amazonaws.com/goodPriceStoreImg/8a287bd9-9c2a-49b4-bc5e-b06dfff75a21.jpg,https://eatssu-bucket.s3.ap-northeast-2.amazonaws.com/goodPriceStoreImg/045049d8-e10a-4f9a-a92c-4bdf94b185f3.jpg
879,ETC,직화구이 인생맛집,뚝배기불고기,9000.0,서울특별시 구로구 디지털로31길 41 (구로동) 이엔씨 6차 202호,구로구,37.4851717992188,126.892751304432,https://eatssu-bucket.s3.ap-northeast-2.amazonaws.com/goodPriceStoreImg/32dc70e0-f377-4542-8f9b-2f1791f4c991.jpg,https://eatssu-bucket.s3.ap-northeast-2.amazonaws.com/goodPriceStoreImg/c5e3ddcd-2275-466f-874c-09549e38b8e6.jpg,https://eatssu-bucket.s3.ap-northeast-2.amazonaws.com/goodPriceStoreImg/5bc8a409-50fa-43c1-80a9-5bf5d9588aa7.jpg
880,CHINESE,짬뽕의신,짜장면,5000.0,서울특별시 구로구 경인로35길 131-23 (고척동) 1층,구로구,37.5013837318441,126.851350379609,https://eatssu-bucket.s3.ap-northeast-2.amazonaws.com/goodPriceStoreImg/0d6ba5d6-6db0-4fb9-af8d-e92f2578db41.jpg,https://eatssu-bucket.s3.ap-northeast-2.amazonaws.com/goodPriceStoreImg/4b2dcbfc-3497-4728-a9a7-68e23678c373.jpg,
881,CHINESE,칭니,자장면,5500.0,"서울특별시 구로구 구로중앙로 198 (구로동,구로기계공구상가 C블럭 지하 1,2호)",구로구,37.5041509411059,126.880792438752,https://eatssu-bucket.s3.ap-northeast-2.amazonaws.com/goodPriceStoreImg/0e4a17a8-3921-419c-8f47-55d4a5faa821.jpg,https://eatssu-bucket.s3.ap-northeast-2.amazonaws.com/goodPriceStoreImg/5f7efc93-1167-4e03-a3f5-0fe03d476055.jpg,https://eatssu-bucket.s3.ap-northeast-2.amazonaws.com/goodPriceStoreImg/7cc44dd2-102e-4f29-9b2e-a7de440aa826.jpg
882,ETC,카에네,파스타,8000.0,서울특별시 구로구 디지털로33길 48 (구로동) 202호,구로구,37.4872579499162,126.894505096341,https://eatssu-bucket.s3.ap-northeast-2.amazonaws.com/goodPriceStoreImg/95cc8a4b-e48b-4c3a-8d6b-c280069d7136.jpg,https://eatssu-bucket.s3.ap-northeast-2.amazonaws.com/goodPriceStoreImg/e20220b1-847f-435b-ae76-5a8018550b95.jpg,https://eatssu-bucket.s3.ap-northeast-2.amazonaws.com/goodPriceStoreImg/9cdffe12-5ecb-4a0f-97a2-4ce090523630.jpg
883,ETC,카페마닐,아메리카노,3300.0,서울특별시 구로구 부일로9길 87 (온수동) 1층,구로구,37.4961270172463,126.824202061809,https://eatssu-bucket.s3.ap-northeast-2.amazonaws.com/goodPriceStoreImg/70747098-50b2-4126-8e9c-b872aa348ffb.png,,
884,ETC,카페블리스,아메리카노,2800.0,서울특별시 구로구 경인로67길 149 (신도림동) 지하1층,구로구,37.5137612393354,126.883234589819,https://eatssu-bucket.s3.ap-northeast-2.amazonaws.com/goodPriceStoreImg/2aef62a1-4c46-499b-b165-0202bbbfd05a.png,https://eatssu-bucket.s3.ap-northeast-2.amazonaws.com/goodPriceStoreImg/8e7e0790-dbef-476e-a96c-8e107a1ab38e.png,
885,ETC,카페첼로,아메리카노,3000.0,서울특별시 구로구 중앙로15길 65 (고척동) 1층,구로구,37.506562607134,126.856145479668,https://eatssu-bucket.s3.ap-northeast-2.amazonaws.com/goodPriceStoreImg/901f7754-4369-41fd-af23-cb75b3eeb76f.png,,
886,ETC,컴포,월남쌈(성인 1인무한리필),24000.0,"서울특별시 구로구 경인로67길 57 (신도림동, 상림빌딩) 1층",구로구,37.5118437474354,126.887720137562,https://eatssu-bucket.s3.ap-northeast-2.amazonaws.com/goodPriceStoreImg/ddf8b281-5446-42e4-a355-dfca82f4978e.jpeg,https://eatssu-bucket.s3.ap-northeast-2.amazonaws.com/goodPriceStoreImg/76dcc9a2-03d2-4c53-a567-6bc2230eb78d.jpeg,https://eatssu-bucket.s3.ap-northeast-2.amazonaws.com/goodPriceStoreImg/a77bf053-7e7a-4fd7-a54c-ab9e09376add.png
887,KOREAN,토담,청국장,8000.0,서울특별시 구로구 구로동로22길 5-26 1층,구로구,37.4899922333078,126.88494442244,https://eatssu-bucket.s3.ap-northeast-2.amazonaws.com/goodPriceStoreImg/4ddea9cb-a234-4351-bfbe-90c6dae7fc59.png,,
888,KOREAN,포에리얼 떡볶이,라면,4000.0,서울특별시 구로구 경인로 403 1층,구로구,37.4979584319431,126.864347749519,https://eatssu-bucket.s3.ap-northeast-2.amazonaws.com/goodPriceStoreImg/b5a25843-7ae6-4871-9f42-5bd6d262278f.jpg,https://eatssu-bucket.s3.ap-northeast-2.amazonaws.com/goodPriceStoreImg/10b478df-03f2-481e-8de2-20967fd254ea.jpg,
889,KOREAN,한그릇,청국장,5000.0,서울특별시 구로구 구로동로20길 18-4 (구로동) 1층 11-(가)호,구로구,37.4886802384073,126.885461479933,,,
890,KOREAN,한길국수집,국수,7000.0,서울특별시 구로구 신도림로 7 (신도림동) 금강리빙스텔 106호,구로구,37.5061633129074,126.877164760067,https://eatssu-bucket.s3.ap-northeast-2.amazonaws.com/goodPriceStoreImg/c5e96e02-e6f5-4c7d-abce-34c61e5f8440.jpeg,https://eatssu-bucket.s3.ap-northeast-2.amazonaws.com/goodPriceStoreImg/5fdef0a8-3488-4e32-93b9-6f495897979f.jpeg,
891,KOREAN,해물칼국수,칼국수,8000.0,서울특별시 구로구 고척로179 1층,구로구,37.5042779944266,126.853340333004,https://eatssu-bucket.s3.ap-northeast-2.amazonaws.com/goodPriceStoreImg/9205acb0-b442-4249-b36d-76401d2668bc.png,,
892,KOREAN,해피분식,백반,6000.0,"서울특별시 구로구 중앙로1길 18-19 (고척동, 1동 101호)",구로구,37.4985773919649,126.863149147466,https://eatssu-bucket.s3.ap-northeast-2.amazonaws.com/goodPriceStoreImg/6c4930b4-b651-4a42-a25c-98c421e7a644.jpg,https://eatssu-bucket.s3.ap-northeast-2.amazonaws.com/goodPriceStoreImg/7f525470-98ac-4bf6-889c-be2b2cf34d5d.jpg,https://eatssu-bucket.s3.ap-northeast-2.amazonaws.com/goodPriceStoreImg/da3fb600-fe1d-47cc-b90a-0f3a3337181d.jpg
893,KOREAN,행복추어탕,-,,서울특별시 구로구 경서로 45 (고척동) 1층,구로구,37.5012137882762,126.858304138606,https://eatssu-bucket.s3.ap-northeast-2.amazonaws.com/goodPriceStoreImg/8410a040-bcc5-41a0-b442-50b1b75f946f.jpg,https://eatssu-bucket.s3.ap-northeast-2.amazonaws.com/goodPriceStoreImg/f2cdc638-3d86-4f95-a9d9-c8b91325204f.jpg,
894,KOREAN,행복한밥상,소머리국밥,10000.0,서울특별시 구로구 신도림로11다길 10 (신도림동) 1층,구로구,37.5089368915436,126.878050449301,https://eatssu-bucket.s3.ap-northeast-2.amazonaws.com/goodPriceStoreImg/003ee318-dd36-4d7d-bc6d-417ec6ddcb51.png,,
895,KOREAN,현미식당,청국장,7000.0,서울특별시 구로구 구로중앙로 17 1층,구로구,37.4915868638553,126.891546570869,https://eatssu-bucket.s3.ap-northeast-2.amazonaws.com/goodPriceStoreImg/b50837b7-dc5b-4cef-ae11-feb5b540f9cc.png,,
896,KOREAN,협동밥집,-,,서울특별시 구로구 신도림로11길 9-1 (신도림동) 1호,구로구,37.5081997387148,126.879856642109,https://eatssu-bucket.s3.ap-northeast-2.amazonaws.com/goodPriceStoreImg/e5ce6699-207a-43f0-b6ef-659aae1449e5.png,https://eatssu-bucket.s3.ap-northeast-2.amazonaws.com/goodPriceStoreImg/4286e6dd-d795-49da-a9c2-e150752597bb.png,
897,KOREAN,호남식당,삼겹살,10000.0,서울특별시 구로구 남부순환로105 라길 5,구로구,37.4802496571046,126.889018321637,,,
898,KOREAN,호남식당,순대국,8000.0,서울특별시 구로구 디지털로27길 116,구로구,37.4848784332703,126.8879955701,,,
899,CHINESE,화승원,자장면,6000.0,서울특별시 구로구 경인로35길 34 (개봉동) .,구로구,37.4987710064164,126.854469880274,https://eatssu-bucket.s3.ap-northeast-2.amazonaws.com/goodPriceStoreImg/1de42d7a-dc44-4006-8ec2-fbf625418c5c.png,https://eatssu-bucket.s3.ap-northeast-2.amazonaws.com/goodPriceStoreImg/b423464d-60e6-4833-bd56-bd5df9b66871.png,
900,KOREAN,황골 숯불구이,삼겹살,14000.0,서울특별시 구로구 구로중앙로19나길 9 (구로동) 구로동,구로구,37.4940777386293,126.888685082221,https://eatssu-bucket.s3.ap-northeast-2.amazonaws.com/goodPriceStoreImg/869ec53a-6637-4c6a-9773-97d536ad8f48.jpeg,https://eatssu-bucket.s3.ap-northeast-2.amazonaws.com/goodPriceStoreImg/e06f860a-9559-4636-8c60-d94b1f4ef2d8.jpeg,
901,KOREAN,고기굽는마을,백반,7000.0,서울특별시 금천구 벚꽃로38길 32-29,금천구,37.4823777357767,126.884953838131,https://eatssu-bucket.s3.ap-northeast-2.amazonaws.com/goodPriceStoreImg/c4aad442-742b-41a5-b4c7-50268bf57afc.jpg,https://eatssu-bucket.s3.ap-northeast-2.amazonaws.com/goodPriceStoreImg/b533804f-aad8-42eb-b1a5-44b302be8bac.jpg,
902,KOREAN,고기마을호수,된장찌개,6000.0,서울특별시 금천구 벚꽃로 73,금천구,37.4629100391456,126.890423305457,https://eatssu-bucket.s3.ap-northeast-2.amazonaws.com/goodPriceStoreImg/73df2f48-ef7f-4ef2-ab47-ced46be2e703.jpg,https://eatssu-bucket.s3.ap-northeast-2.amazonaws.com/goodPriceStoreImg/ae2186eb-2795-4ae5-b69d-b14ab133849b.jpg,https://eatssu-bucket.s3.ap-northeast-2.amazonaws.com/goodPriceStoreImg/fb0c07b7-3222-44b9-b8ae-7f4dede39d59.jpg
903,KOREAN,공주식당,백반,6000.0,서울특별시 금천구 가산로3길 34 (가산동) 1층,금천구,37.4723440338574,126.89363659992,,,
904,KOREAN,국수집,칼국수,5000.0,서울특별시 금천구 금하로25길 18 1층(시흥동),금천구,37.4511919601496,126.909757444332,https://eatssu-bucket.s3.ap-northeast-2.amazonaws.com/goodPriceStoreImg/1530150d-15e1-4ab3-871a-786feda3ab0f.jpg,,
905,KOREAN,금천가든,김치찌개,7000.0,서울특별시 금천구 시흥대로124길 6 (독산동) 1층,금천구,37.4697178231183,126.899038508213,https://eatssu-bucket.s3.ap-northeast-2.amazonaws.com/goodPriceStoreImg/15520d54-d8d4-4a3d-b8ed-f03012b14e26.jpg,,
906,KOREAN,금천골 오리명가,김치찌개,7000.0,서울특별시 금천구 시흥대로78길59,금천구,37.4607140446609,126.899173591998,https://eatssu-bucket.s3.ap-northeast-2.amazonaws.com/goodPriceStoreImg/8dde6e46-cb2a-4d3f-9333-29ed2163da2a.jpg,https://eatssu-bucket.s3.ap-northeast-2.amazonaws.com/goodPriceStoreImg/cf85ba36-4756-4e17-8a15-fcb7c8d796a4.jpg,https://eatssu-bucket.s3.ap-northeast-2.amazonaws.com/goodPriceStoreImg/6d1816da-42eb-4d5c-a657-10dc887ab3d1.jpg
907,KOREAN,김밥천국,천국김밥,2500.0,서울특별시 금천구 시흥대로50길 10,금천구,37.4512408227745,126.902640307573,,,
908,KOREAN,김자매분식,김치찌개,7000.0,서울특별시 금천구 시흥대로128길 16 (독산동) 1층,금천구,37.4701857748999,126.899105366497,https://eatssu-bucket.s3.ap-northeast-2.amazonaws.com/goodPriceStoreImg/454104ea-f534-4d74-8c70-ec676eabade9.jpg,,
909,JAPANESE,다도해수산,알밥,8000.0,서울특별시 금천구 남부순환로108길 27 1층,금천구,37.4776091156991,126.891984062975,https://eatssu-bucket.s3.ap-northeast-2.amazonaws.com/goodPriceStoreImg/00c820e3-4d8f-44c2-bc74-a4611be309e1.png,,
910,CHINESE,다래성,짜장면,2500.0,서울특별시 금천구 시흥대로 471-1,금천구,37.4757400949988,126.898211903695,https://eatssu-bucket.s3.ap-northeast-2.amazonaws.com/goodPriceStoreImg/7adb3a8e-6173-4d5a-b019-73c93ab29c2d.jpg,https://eatssu-bucket.s3.ap-northeast-2.amazonaws.com/goodPriceStoreImg/0bd122bc-4bdc-4406-b431-75276428142c.jpg,
911,KOREAN,대박분식,김밥,3500.0,"서울특별시 금천구 벚꽃로18길 36 (독산동, 진도아파트) 106호",금천구,37.4678124554686,126.890731987062,https://eatssu-bucket.s3.ap-northeast-2.amazonaws.com/goodPriceStoreImg/8618cbb6-f991-4b1c-9c88-ecc1a25d3cc6.jpg,,
912,KOREAN,대호정,-,,서울특별시 금천구 시흥대로52길 51 (시흥동) 1층,금천구,37.4535973191109,126.901753326299,https://eatssu-bucket.s3.ap-northeast-2.amazonaws.com/goodPriceStoreImg/8485aaa5-4b88-42e9-96c9-0f7513079706.jpg,,
913,CHINESE,도원각,짜장면,7000.0,서울특별시 금천구 범안로 1245 (독산동) 1층,금천구,37.4666174550602,126.900323299575,https://eatssu-bucket.s3.ap-northeast-2.amazonaws.com/goodPriceStoreImg/3e11a3f7-d4a0-44a9-ba2a-59ed685d70c2.jpg,,
914,KOREAN,독산국수집,멸치국수,5000.0,서울특별시 금천구 시흥대로141길 57 (독산동) 1층,금천구,37.4754997721406,126.897559011433,https://eatssu-bucket.s3.ap-northeast-2.amazonaws.com/goodPriceStoreImg/25804c0c-2978-4c83-83e2-eef589dc4263.jpeg,,
915,KOREAN,듬배골,냉면,6000.0,서울특별시 금천구 독산로10길 38 1층,금천구,37.4500694131159,126.908037244878,https://eatssu-bucket.s3.ap-northeast-2.amazonaws.com/goodPriceStoreImg/9e6a75d7-3843-4fd8-ba66-033cc4125a2f.jpg,,
916,KOREAN,마님죽,전복죽 대,5000.0,서울특별시 금천구 금하로25길 25 (시흥동) 1층,금천구,37.4513838042237,126.91013627071,https://eatssu-bucket.s3.ap-northeast-2.amazonaws.com/goodPriceStoreImg/463b76e3-8f2e-45a7-a7d9-cdcb7aeed7c3.jpg,,
917,KOREAN,만세한식부페,뷔페,6500.0,서울특별시 금천구 가산로3길 77 -,금천구,37.4721620922498,126.89142666382,https://eatssu-bucket.s3.ap-northeast-2.amazonaws.com/goodPriceStoreImg/5dc4e41b-1e67-4c50-8226-acb60c9bec33.jpg,,
918,KOREAN,먹거리휴게소,옛날토스트,2000.0,서울특별시 금천구 벚꽃로 309 (1호선 상행선 10-4 앞),금천구,37.4815957375443,126.882559483336,https://eatssu-bucket.s3.ap-northeast-2.amazonaws.com/goodPriceStoreImg/e1500d4c-76cb-4097-8f93-9a9b65baea99.png,,
919,KOREAN,먹고가게,잔치국수,5000.0,서울특별시 금천구 남부순환로126길 8 (독산동) 1층,금천구,37.4797340516796,126.905545487185,https://eatssu-bucket.s3.ap-northeast-2.amazonaws.com/goodPriceStoreImg/b114654f-aff9-457a-8c75-bc3c46465e9f.jpg,,
920,KOREAN,박리김밥,박리김밥,2000.0,서울특별시 금천구 독산로40길 34 (시흥동) 1층,금천구,37.4605425679638,126.906498626744,https://eatssu-bucket.s3.ap-northeast-2.amazonaws.com/goodPriceStoreImg/aedb478d-2a98-4b90-8c52-c51ce121b274.jpg,,
921,KOREAN,박리분식,김밥,2500.0,서울특별시 금천구 가산로 126,금천구,37.4767855134829,126.892390322926,https://eatssu-bucket.s3.ap-northeast-2.amazonaws.com/goodPriceStoreImg/cda6432e-0137-43a3-b4de-e45582e7dd2a.jpg,https://eatssu-bucket.s3.ap-northeast-2.amazonaws.com/goodPriceStoreImg/ae3e09db-8438-4397-9953-67c3623a70e1.jpg,
922,KOREAN,봉까스,왕돈까스,6500.0,서울특별시 금천구 가산디지털1로 226 (가산동) 1층,금천구,37.4854205146478,126.879957125736,,,
923,CHINESE,북경원,짜장면,5000.0,서울특별시 금천구 시흥대로153길 88,금천구,37.47636487478,126.893731519741,https://eatssu-bucket.s3.ap-northeast-2.amazonaws.com/goodPriceStoreImg/2bb8b383-6e9c-4fa1-8970-3eeb9a5e647d.png,,
924,KOREAN,빨간떡볶이,떡볶이,4000.0,서울특별시 금천구 금하로24길 16,금천구,37.4502812338472,126.908375577589,https://eatssu-bucket.s3.ap-northeast-2.amazonaws.com/goodPriceStoreImg/de92d72f-6d70-4469-a3d5-00e7d7610d84.png,,
925,ETC,샌드리치,-,,서울특별시 금천구 가산디지털1로 186 (가산동) 1층,금천구,37.4819130872905,126.881581110867,https://eatssu-bucket.s3.ap-northeast-2.amazonaws.com/goodPriceStoreImg/6c9a9ced-b4cd-4ca9-98bb-0a3f6ef794c6.jpg,,
926,ETC,솔래베이커리,소금빵,2600.0,서울특별시 금천구 독산로64길 107 (독산동) 1층,금천구,37.4666746018744,126.90801758699,,,
927,KOREAN,송가네밥상,육개장,7000.0,서울특별시 금천구 시흥대로118길 1 (독산동) 1층,금천구,37.4684843090245,126.898897168915,https://eatssu-bucket.s3.ap-northeast-2.amazonaws.com/goodPriceStoreImg/4cb7268d-0ae6-4ac7-b02a-dac63a214fb9.jpg,,
928,BAKERY,쉐프의꿈 하얀풍차,단팥빵,1500.0,서울특별시 금천구 독산로 288 (독산동) 1층,금천구,37.4724394864261,126.90343659908,https://eatssu-bucket.s3.ap-northeast-2.amazonaws.com/goodPriceStoreImg/ca207e6e-3724-4ac0-a38e-44ff96cbb54a.jpeg,,
929,KOREAN,시원손칼국수 가산점,칼국수,6500.0,서울특별시 금천구 가산로 126,금천구,37.4767855134829,126.892390322926,https://eatssu-bucket.s3.ap-northeast-2.amazonaws.com/goodPriceStoreImg/0be7af02-ff09-4209-89b7-1fa71c3654d5.png,,
930,KOREAN,써니밥상,청국장,7000.0,서울특별시 금천구 시흥대로 364,금천구,37.4660766385044,126.898070256828,https://eatssu-bucket.s3.ap-northeast-2.amazonaws.com/goodPriceStoreImg/0aaceaed-1d5b-4b1d-b690-a1077c090051.png,,
931,KOREAN,엄마손김밥,야채김밥,3000.0,서울특별시 금천구 독산로 188 (독산동) 1층,금천구,37.4638456225482,126.903517282067,https://eatssu-bucket.s3.ap-northeast-2.amazonaws.com/goodPriceStoreImg/ce278228-878a-4301-ba7c-f20c9a7fae6b.jpg,,
932,KOREAN,옛고향 뼈다귀감자탕,생삼겹살,14000.0,서울특별시 금천구 금하로 611 (시흥동) 1층,금천구,37.4544803412811,126.899220387775,https://eatssu-bucket.s3.ap-northeast-2.amazonaws.com/goodPriceStoreImg/67107b9f-4b0b-4687-9111-a7c53075d8a7.jpg,,
933,KOREAN,옛날잔치국수,잔치국수+밥,6000.0,서울특별시 금천구 벚꽃로 254 (가산동) B102호,금천구,37.4777630224027,126.88549272849,https://eatssu-bucket.s3.ap-northeast-2.amazonaws.com/goodPriceStoreImg/2f10fa11-62a1-4adc-b5fc-23971e53adee.jpg,,
934,KOREAN,오천집,콩나물국밥,5000.0,서울특별시 금천구 벚꽃로 244 (가산동) 벽산디지털밸리5차 1층 105호,금천구,37.4767541059774,126.885806750581,https://eatssu-bucket.s3.ap-northeast-2.amazonaws.com/goodPriceStoreImg/39ce60b4-cb15-4491-8cd6-b62cba66c12f.jpg,,
935,ETC,완삐마이,한우사골쌀국수,8000.0,서울특별시 금천구 서부샛길 606 (가산동) 대성디폴리스지식산업센터 1층 111-1호,금천구,37.4799534974765,126.877008239669,https://eatssu-bucket.s3.ap-northeast-2.amazonaws.com/goodPriceStoreImg/24ff6163-183d-49de-b52c-20aeee1a6561.jpg,,
936,CHINESE,왕래성,짜장면,2000.0,서울특별시 금천구 가산로 8 1층,금천구,37.471083905255,126.902217446127,https://eatssu-bucket.s3.ap-northeast-2.amazonaws.com/goodPriceStoreImg/ab6249d8-4451-4945-97c6-f0bc65f2f0cb.png,,
937,KOREAN,요일밥상,백반,7000.0,서울특별시 금천구 금하로14길 33 (시흥동) 1층,금천구,37.4519657061747,126.904206351844,https://eatssu-bucket.s3.ap-northeast-2.amazonaws.com/goodPriceStoreImg/2f76e0e0-2900-4634-919d-5b94ef21e969.jpg,,
938,KOREAN,유별난숯불꼼장어,냉면,6000.0,서울특별시 금천구 금하로14길 10,금천구,37.4530057185944,126.90384031389,https://eatssu-bucket.s3.ap-northeast-2.amazonaws.com/goodPriceStoreImg/e7344458-1ee3-4a10-af6b-8aafc5ba0849.png,,
939,CHINESE,육합춘,짜장면,4000.0,서울특별시 금천구 시흥대로26길 5,금천구,37.4418724111676,126.904148254962,https://eatssu-bucket.s3.ap-northeast-2.amazonaws.com/goodPriceStoreImg/e8249234-0c6f-4277-8c8d-441ab65d0f34.jpg,,
940,KOREAN,장수숯불갈비,돼지갈비,14000.0,서울특별시 금천구 시흥대로56길 18 1층,금천구,37.4525139800713,126.902671545661,https://eatssu-bucket.s3.ap-northeast-2.amazonaws.com/goodPriceStoreImg/3f5c90ec-4a10-485d-9322-9409eccc5270.jpg,,
941,KOREAN,조여사네집,김치찌개,5000.0,서울특별시 금천구 벚꽃로 130,금천구,37.4668142554181,126.889600670464,https://eatssu-bucket.s3.ap-northeast-2.amazonaws.com/goodPriceStoreImg/6aea889c-ab47-4f2c-91aa-3bb33369b080.jpg,,
942,KOREAN,지도리치킨,후라이드,12000.0,서울특별시 금천구 금하로 641-1,금천구,37.4545297792405,126.902517372345,https://eatssu-bucket.s3.ap-northeast-2.amazonaws.com/goodPriceStoreImg/21aa83bf-d5f5-4cb2-8a72-51dfb755a30c.png,,
943,KOREAN,진미한분식,된장찌개,6000.0,서울특별시 금천구 가산로3길 22,금천구,37.4723753125507,126.89435486219,https://eatssu-bucket.s3.ap-northeast-2.amazonaws.com/goodPriceStoreImg/5c7cdf9f-0fcc-435a-9bf1-545b1a43d6ec.jpg,,
944,ETC,찻집순수,아메리카노,2000.0,서울특별시 금천구 독산로92길 10 (독산동) 1층,금천구,37.4737823117439,126.903940431414,,,
945,ETC,책굼향기,아메리카노,3000.0,서울특별시 금천구 시흥대로 92 (시흥동) 건양빌딩 1층,금천구,37.4422755469622,126.904064118769,https://eatssu-bucket.s3.ap-northeast-2.amazonaws.com/goodPriceStoreImg/fc0f69c6-5d0e-47b1-baa1-cb1e5b54271d.jpg,https://eatssu-bucket.s3.ap-northeast-2.amazonaws.com/goodPriceStoreImg/b9d0b7f7-c4fc-4a52-802b-b1d6c8e89028.jpg,https://eatssu-bucket.s3.ap-northeast-2.amazonaws.com/goodPriceStoreImg/747ffafa-f366-4632-b11b-3ce35e18abc5.jpg
946,KOREAN,청년공간모락모락,김치찌개,3000.0,서울특별시 금천구 시흥대로 258 4층 501-2호,금천구,37.4567873710173,126.900160594377,https://eatssu-bucket.s3.ap-northeast-2.amazonaws.com/goodPriceStoreImg/867e6171-a7c9-40a7-a70f-a6429aaed1d7.png,,
947,KOREAN,초원숯불갈비,백반,7000.0,서울특별시 금천구 가산로 34 (독산동) 1층,금천구,37.4716253060782,126.899195903905,,,
948,ETC,춘천12,아메리카노,2500.0,서울특별시 금천구 디지털로12길 19 1층(가산동),금천구,37.4779104495254,126.88968293413,https://eatssu-bucket.s3.ap-northeast-2.amazonaws.com/goodPriceStoreImg/349ee659-8096-4daf-9fe6-e54f62e4d508.jpg,,
949,CHINESE,칭따오,짜장면,6500.0,서울특별시 금천구 범안로 1130 (가산동) 206호,금천구,37.4655215598001,126.887672228018,https://eatssu-bucket.s3.ap-northeast-2.amazonaws.com/goodPriceStoreImg/e6cd65e2-3ae6-4975-be1b-8acdf4555fa7.jpg,,
950,ETC,카와블러썸,아메리카노,2000.0,서울특별시 금천구 남부순환로108길 28,금천구,37.4778458222804,126.891799666825,https://eatssu-bucket.s3.ap-northeast-2.amazonaws.com/goodPriceStoreImg/3f91a8ab-e30b-417e-9218-0dd561958036.jpg,,
951,ETC,커피로그,아메리카노,2000.0,서울특별시 금천구 가산디지털2로 173 (가산동) 1층,금천구,37.4831680866183,126.877067304035,,,
952,KOREAN,택구네칼국수,칼국수,7000.0,서울특별시 금천구 범안로 1249,금천구,37.4666432138415,126.900846750427,https://eatssu-bucket.s3.ap-northeast-2.amazonaws.com/goodPriceStoreImg/57ddbcb4-3b47-42a7-a415-4ea66a88ef69.png,,
953,KOREAN,탱글이네,떡볶이,3500.0,서울특별시 금천구 시흥대로47길 38 (시흥동) 1층,금천구,37.4499239555309,126.900113435706,,,
954,KOREAN,특수부위 한대접,-,,서울특별시 금천구 시흥대로52길 5 (시흥동) 1층,금천구,37.4515882264575,126.902498247439,https://eatssu-bucket.s3.ap-northeast-2.amazonaws.com/goodPriceStoreImg/58315840-cfea-482f-b2a5-09a16bc1cb4e.jpg,,
955,KOREAN,푸드플러스,백반,6500.0,서울특별시 금천구 가산디지털1로 119 B동 136호,금천구,37.4760631854134,126.882925390269,https://eatssu-bucket.s3.ap-northeast-2.amazonaws.com/goodPriceStoreImg/3a248459-e337-4863-b726-1dda2b8b49d2.jpg,,
956,KOREAN,풍천장어,민물장어(대),69000.0,서울특별시 금천구 시흥대로52길 70,금천구,37.4543759413967,126.901713654713,https://eatssu-bucket.s3.ap-northeast-2.amazonaws.com/goodPriceStoreImg/6d523145-c05c-424e-b887-dbac2cdafef5.jpg,,
957,ETC,하이베를리너,아메리카노,2500.0,서울특별시 금천구 가산로9길 12,금천구,37.4770263386345,126.890900591828,,,
958,KOREAN,혼카츠,-,,서울특별시 금천구 가산디지털1로 131 (가산동) B128,금천구,37.4770829103065,126.881982164294,https://eatssu-bucket.s3.ap-northeast-2.amazonaws.com/goodPriceStoreImg/2fd6b7ec-5923-4271-a49f-db55c63ce7d8.jpg,,
959,KOREAN,홍두깨손칼국수,칼국수,5000.0,서울특별시 금천구 독산로39길 11,금천구,37.4589166118413,126.904594778382,https://eatssu-bucket.s3.ap-northeast-2.amazonaws.com/goodPriceStoreImg/e3f9cbc1-be7e-41bb-8bde-be059b4a0451.jpg,,
960,KOREAN,126밥상,된장찌개,6000.0,서울특별시 영등포구 당산로36길 1 (당산동4가) 1층,영등포구,37.5285691799533,126.89798381173,https://eatssu-bucket.s3.ap-northeast-2.amazonaws.com/goodPriceStoreImg/2ba58d8a-b497-4616-af6c-39eefbfd5710.jpg,,
961,KOREAN,고기명가,김치찌개,8000.0,서울특별시 영등포구 영등포로 168-1 (당산동1가) 고기명가,영등포구,37.5204746288886,126.900045594323,https://eatssu-bucket.s3.ap-northeast-2.amazonaws.com/goodPriceStoreImg/741d1403-5e92-42b7-83fe-78fc8e60e9dc.jpg,,
962,KOREAN,공주칼국수,칼국수,8500.0,서울특별시 영등포구 도림천로11길 1 (대림동) 1층,영등포구,37.4909637356521,126.896374231642,https://eatssu-bucket.s3.ap-northeast-2.amazonaws.com/goodPriceStoreImg/2d866dc1-2dae-4e68-8056-eec7451d300c.jpeg,,
963,WESTERN,구스토스퀘어,토마토스파게티,16000.0,"서울특별시 영등포구 은행로 58 (여의도동, 삼도오피스텔) 지하1층 108-2호",영등포구,37.5299955120503,126.924831033444,https://eatssu-bucket.s3.ap-northeast-2.amazonaws.com/goodPriceStoreImg/f428f39d-cd6b-4291-9de0-1404ee11464d.jpeg,,
964,CHINESE,금룡,짜장면,7000.0,서울특별시 영등포구 국회대로70길 19 (여의도동) 지하1층 B18호,영등포구,37.5292243495241,126.920838979602,https://eatssu-bucket.s3.ap-northeast-2.amazonaws.com/goodPriceStoreImg/8d56a916-727a-4988-a1ce-e048c9c6a986.jpeg,,
965,KOREAN,금산골,갈비탕,13000.0,서울특별시 영등포구 도신로29길 12 1층(도림동),영등포구,37.5096232455889,126.904997738172,https://eatssu-bucket.s3.ap-northeast-2.amazonaws.com/goodPriceStoreImg/62b9c91f-ba07-4ef3-994d-8006d5a5465b.png,,
966,KOREAN,김밥마을,김치찌개,7000.0,서울특별시 영등포구 도신로 94 (신길동) 1층,영등포구,37.507084984211,126.902732502848,https://eatssu-bucket.s3.ap-northeast-2.amazonaws.com/goodPriceStoreImg/b0c52b20-4b32-4023-ad08-8c656a618f4a.jpg,,
967,KOREAN,김밥하우스,라면,4000.0,서울특별시 영등포구 신길로 38 (신길동) 1층,영등포구,37.4959902779434,126.908607448184,https://eatssu-bucket.s3.ap-northeast-2.amazonaws.com/goodPriceStoreImg/136d7f18-31b5-49d2-9036-3ac3fe79b160.jpeg,,
968,KOREAN,낭주골추어탕,김치찌개,8000.0,서울특별시 영등포구 영등포로190 .,영등포구,37.5201265220671,126.902465128734,https://eatssu-bucket.s3.ap-northeast-2.amazonaws.com/goodPriceStoreImg/613deb7c-1589-439b-8b45-43994edde9e3.jpg,https://eatssu-bucket.s3.ap-northeast-2.amazonaws.com/goodPriceStoreImg/eb19b89c-fbb4-455a-917d-e36c2b7e3ece.jpg,
969,KOREAN,노들솥뚜껑 1호점,오겹살(100g),7900.0,서울특별시 영등포구 당산로32길 10 (당산동3가) 노들솥뚜껑 1호점,영등포구,37.5262323140921,126.897846940173,https://eatssu-bucket.s3.ap-northeast-2.amazonaws.com/goodPriceStoreImg/f285115c-b3c3-4ac1-b663-e445406206c5.png,,
970,KOREAN,대림동꽃돼지,삼겹살(180g),14000.0,서울특별시 영등포구 대림로40길 11-1 (대림동) 대림동꽃돼지,영등포구,37.5016337865687,126.898000565812,https://eatssu-bucket.s3.ap-northeast-2.amazonaws.com/goodPriceStoreImg/d4699e39-a993-4480-9d6a-4e32f1415f58.png,,
971,KOREAN,대박집,대패삼겹살(100g),3800.0,서울특별시 영등포구 선유로23길 3-1 (양평동1가) 1층,영등포구,37.5227609700947,126.88957756374,https://eatssu-bucket.s3.ap-northeast-2.amazonaws.com/goodPriceStoreImg/c93ebd5a-5a0b-4455-82f8-f559cc14c87e.jpg,,
972,KOREAN,대운설렁탕,설렁탕,10000.0,서울특별시 영등포구 여의대방로23길 3 (신길동) 1층,영등포구,37.4981162907895,126.919636243281,https://eatssu-bucket.s3.ap-northeast-2.amazonaws.com/goodPriceStoreImg/8b7e1b60-513b-4bb3-b6c4-75cc5360eba3.jpg,,
973,KOREAN,더리얼치킨 문래본점,후라이드 치킨,18900.0,"서울특별시 영등포구 선유서로 35 (문래동6가) 상가동 1층 103-1호(문래동6가, 한신아파트)",영등포구,37.5189392734666,126.884393900889,https://eatssu-bucket.s3.ap-northeast-2.amazonaws.com/goodPriceStoreImg/b997348e-8cd5-438d-b9b7-350865c8d298.jpg,,
974,KOREAN,덕천골,칼국수,7000.0,서울특별시 영등포구 대림로 87 (대림동) 1층,영등포구,37.4898027561811,126.904460640887,https://eatssu-bucket.s3.ap-northeast-2.amazonaws.com/goodPriceStoreImg/c61dbde5-f1af-425a-ba11-0dfccb5f3554.jpeg,,
975,JAPANESE,도깨비스시,모듬초밥,11000.0,서울특별시 영등포구 대림로22길 40 (대림동) 도깨비스시,영등포구,37.4956649647742,126.904779757373,https://eatssu-bucket.s3.ap-northeast-2.amazonaws.com/goodPriceStoreImg/ec71fa9f-3ced-42f1-874c-df97542d42d5.jpg,,
976,KOREAN,도림회관,돼지갈비(200~250g),9900.0,서울특별시 영등포구 도영로 55 (도림동) 1층,영등포구,37.510592407861,126.898337872608,https://eatssu-bucket.s3.ap-northeast-2.amazonaws.com/goodPriceStoreImg/bb3eb0ee-0810-4b9f-872b-d86047462aaa.png,,
977,CHINESE,동네짜장,짜장면,6000.0,서울특별시 영등포구 도림로 188 (대림동) 1층,영등포구,37.4958235170371,126.901886433401,https://eatssu-bucket.s3.ap-northeast-2.amazonaws.com/goodPriceStoreImg/7d2beeb2-be96-499f-acfc-91d727811d7e.jpeg,,
979,KOREAN,또순이,칼국수,7000.0,서울특별시 영등포구 가마산로 410 (신길동) 1층,영등포구,37.5037463675981,126.902474114045,https://eatssu-bucket.s3.ap-northeast-2.amazonaws.com/goodPriceStoreImg/f2ae23c2-e06d-45bb-a541-2ddc147ad87a.jpeg,,
980,KOREAN,마포돼지갈비,돼지갈비,17000.0,서울특별시 영등포구 도신로64길 2 (신길동) 1층,영등포구,37.5120638292853,126.917644054026,https://eatssu-bucket.s3.ap-northeast-2.amazonaws.com/goodPriceStoreImg/a2228669-d5a9-47db-85b2-34de7a7e4ab7.jpg,,
981,CHINESE,만강홍,짜장면,5000.0,서울특별시 영등포구 영중로10길 20 (영등포동3가) 2층,영등포구,37.5188244863723,126.90739469534,https://eatssu-bucket.s3.ap-northeast-2.amazonaws.com/goodPriceStoreImg/4a3d554d-c4c9-4f3b-a66a-e7a197540d2b.jpeg,,
982,KOREAN,명동분식,칼국수,7000.0,서울특별시 영등포구 영중로10길 33 (영등포동3가) 1층,영등포구,37.518717535642,126.909015579711,https://eatssu-bucket.s3.ap-northeast-2.amazonaws.com/goodPriceStoreImg/0b795b30-48d6-4fc6-9473-399ed0d53214.jpeg,,
983,ETC,모몽스커피,아메리카노,1800.0,서울특별시 영등포구 디지털로69가길 2 (대림동) 모몽스커피,영등포구,37.4941623668871,126.904124665744,https://eatssu-bucket.s3.ap-northeast-2.amazonaws.com/goodPriceStoreImg/8b3dcae2-a795-4a82-a21e-8f54f0175562.jpg,,
984,KOREAN,무의도바다손칼국수,칼국수,8000.0,서울특별시 영등포구 디지털로 407 (대림동) 1층,영등포구,37.4930039330119,126.903669985726,https://eatssu-bucket.s3.ap-northeast-2.amazonaws.com/goodPriceStoreImg/cd01d835-d27e-459b-b467-38b873e86a7d.jpeg,,
985,WESTERN,문래라고파스타,아라비아따,12000.0,"서울특별시 영등포구 문래로 83 (문래동3가) 2층 208호(문래동3가, 아라비즈타워)",영등포구,37.5199232334161,126.891294037504,https://eatssu-bucket.s3.ap-northeast-2.amazonaws.com/goodPriceStoreImg/f6bfac85-1b02-4cc0-9e81-528c53d54e60.png,,
986,KOREAN,미각,삼겹살,15000.0,서울특별시 영등포구 가마산로89길 3-1 1층,영등포구,37.5047835757267,126.921411615939,https://eatssu-bucket.s3.ap-northeast-2.amazonaws.com/goodPriceStoreImg/ebbe810e-bd7a-47d8-b684-a102774a7f21.jpg,https://eatssu-bucket.s3.ap-northeast-2.amazonaws.com/goodPriceStoreImg/8455e1b2-6db7-4d22-8223-482aeb55c797.jpg,https://eatssu-bucket.s3.ap-northeast-2.amazonaws.com/goodPriceStoreImg/99446057-6f7d-4f5a-9c35-72842cabf2c5.jpg
987,ETC,바리스타희,커피,2000.0,서울특별시 영등포구 국회대로 750 (여의도동) 104호,영등포구,37.5282700395473,126.916436993787,https://eatssu-bucket.s3.ap-northeast-2.amazonaws.com/goodPriceStoreImg/9f2000d0-d6c2-4ab4-be58-6efc968d46d2.jpeg,,
988,CHINESE,박가네짜장,짜장면,6000.0,서울특별시 영등포구 가마산로 401 (신길동) 1층(신길동),영등포구,37.5036694903534,126.901363054562,https://eatssu-bucket.s3.ap-northeast-2.amazonaws.com/goodPriceStoreImg/286ae5dc-85c4-4e67-84eb-bbef589a18bc.jpg,,
989,KOREAN,백진닭곰탕,닭곰탕,9500.0,서울특별시 영등포구 의사당대로 38 (여의도동) 101동 115호,영등포구,37.5261081409048,126.918710469805,https://eatssu-bucket.s3.ap-northeast-2.amazonaws.com/goodPriceStoreImg/385188c5-8cee-4914-8afd-dc44680ef777.jpg,,
990,KOREAN,별미한식,된장찌개,6000.0,서울특별시 영등포구 가마산로69가길 5 (신길동) 별미한식,영등포구,37.5063869606845,126.908812943725,https://eatssu-bucket.s3.ap-northeast-2.amazonaws.com/goodPriceStoreImg/b514e80d-f321-4ac7-a3e6-09390d703c35.jpg,,
991,KOREAN,부자칼국수,칼국수,7000.0,서울특별시 영등포구 가마산로 449-7 (신길동) 1층,영등포구,37.5059680186736,126.906198614012,https://eatssu-bucket.s3.ap-northeast-2.amazonaws.com/goodPriceStoreImg/3f800d84-9e0f-4602-8f52-3aedd806591d.jpeg,,
992,KOREAN,산고을,삼계탕,15000.0,서울특별시 영등포구  선유서로25길 5-1,영등포구,37.524355516427,126.885181613674,https://eatssu-bucket.s3.ap-northeast-2.amazonaws.com/goodPriceStoreImg/5668f342-7fbc-4086-878b-82e1e4b13bf0.png,,
993,CHINESE,산동성,짜장면,7000.0,서울특별시 영등포구 가마산로89길 4-1 (신길동) 1층,영등포구,37.5047065590956,126.921712081486,https://eatssu-bucket.s3.ap-northeast-2.amazonaws.com/goodPriceStoreImg/1368739d-a740-45b2-89d1-f524f5132d39.jpg,,
994,JAPANESE,서울초밥,초밥,17000.0,서울특별시 영등포구 선유로 250 1층 101호,영등포구,37.5347784618069,126.897295483431,https://eatssu-bucket.s3.ap-northeast-2.amazonaws.com/goodPriceStoreImg/e0c59021-964a-43b3-9797-de40aedbf86e.jpg,https://eatssu-bucket.s3.ap-northeast-2.amazonaws.com/goodPriceStoreImg/89f58f01-ae0d-4190-aad7-a03c1e1c10c0.jpg,https://eatssu-bucket.s3.ap-northeast-2.amazonaws.com/goodPriceStoreImg/4e226467-4592-4b4b-bd8b-98d0634fd29a.jpg
995,KOREAN,설가네 촌돼지,생삼겹살(200g),16000.0,서울특별시 영등포구 가마산로90길 5 (신길동) 1층(신길동),영등포구,37.5035649412102,126.921238953236,https://eatssu-bucket.s3.ap-northeast-2.amazonaws.com/goodPriceStoreImg/12e2355c-acb6-4595-be7c-680d1707688f.jpg,,
996,KOREAN,소소한날,삼겹살,14000.0,서울특별시 영등포구  도림로 462 1층 105호,영등포구,37.5157785131531,126.892358225379,https://eatssu-bucket.s3.ap-northeast-2.amazonaws.com/goodPriceStoreImg/3b2f1ba6-7708-4fc2-a418-7008595dfacb.jpg,https://eatssu-bucket.s3.ap-northeast-2.amazonaws.com/goodPriceStoreImg/89ca40f4-efa5-426a-8fa3-3f052325a5ec.jpg,https://eatssu-bucket.s3.ap-northeast-2.amazonaws.com/goodPriceStoreImg/eed14dc0-d32e-4723-ba35-81c3b4e59c44.jpg
997,KOREAN,송백식당,김치찌개,9000.0,서울특별시 영등포구 당산로38길16 102호,영등포구,37.5284138691452,126.899798441603,https://eatssu-bucket.s3.ap-northeast-2.amazonaws.com/goodPriceStoreImg/14e288a6-fdb1-4f3e-a374-cdbf4cb01e4b.jpg,https://eatssu-bucket.s3.ap-northeast-2.amazonaws.com/goodPriceStoreImg/85be58a2-dd9a-417e-b693-c8bfa4c6ea36.jpg,https://eatssu-bucket.s3.ap-northeast-2.amazonaws.com/goodPriceStoreImg/29c15d9b-e23b-42f1-a541-a17878e32ff9.jpg
998,KOREAN,순미식당,김치찌개,6000.0,서울특별시 영등포구 대방천로188 1층,영등포구,37.4989390337835,126.911851967621,https://eatssu-bucket.s3.ap-northeast-2.amazonaws.com/goodPriceStoreImg/914ee1e2-d77b-495f-973f-5049bf0e270f.jpg,https://eatssu-bucket.s3.ap-northeast-2.amazonaws.com/goodPriceStoreImg/a306a2dd-6cfd-4a05-9abe-45c10ff829cf.jpg,https://eatssu-bucket.s3.ap-northeast-2.amazonaws.com/goodPriceStoreImg/46050322-6062-4d62-8877-3e00009c5c21.jpg
999,ETC,스멜팅커피,아메리카노,2000.0,서울특별시 영등포구 당산로 4-1 (문래동3가) 스멜팅커피,영등포구,37.5150693604705,126.89428362358,https://eatssu-bucket.s3.ap-northeast-2.amazonaws.com/goodPriceStoreImg/cd9027d4-d0a4-49ca-b895-2fd97dbb3405.jpeg,,
1000,KOREAN,시골한우장터 당산점,김치찌개,8000.0,서울특별시 영등포구 당산로37길 8-1 (당산동4가) 시골한우장터 당산점,영등포구,37.5297769518507,126.897543996862,https://eatssu-bucket.s3.ap-northeast-2.amazonaws.com/goodPriceStoreImg/1e8452af-6b06-48c4-a9da-669c42679d40.jpg,,
1001,WESTERN,시에나프리모,토마토스파게티,12800.0,서울특별시 영등포구 국회대로70길 19 (여의도동) 지하1층 B6호,영등포구,37.5292243495241,126.920838979602,https://eatssu-bucket.s3.ap-northeast-2.amazonaws.com/goodPriceStoreImg/d60cfa0a-45fa-471c-8e73-731068d17fad.jpeg,,
1002,CHINESE,신흥각,짜장면,5000.0,서울특별시 영등포구 도림로147길 1-6 (문래동4가) 1층,영등포구,37.5165194277803,126.889549320144,https://eatssu-bucket.s3.ap-northeast-2.amazonaws.com/goodPriceStoreImg/2fe2cc37-83ce-4469-a424-5c7487af583d.jpg,,
1003,CHINESE,신흥원,짜장면,6500.0,서울특별시 영등포구 시흥대로 667 (대림동) 1층,영등포구,37.4913749371199,126.907996578371,https://eatssu-bucket.s3.ap-northeast-2.amazonaws.com/goodPriceStoreImg/000431d0-1a06-43f4-a0bf-081f3f3698c2.jpeg,,
1004,KOREAN,아구&apos;창,아구찜(소),29000.0,서울특별시 영등포구 국회대로44길 7 (영등포동7가) 1층,영등포구,37.5250674527734,126.903800613861,https://eatssu-bucket.s3.ap-northeast-2.amazonaws.com/goodPriceStoreImg/5085f625-a1c9-4349-8438-b489b6aae2af.png,,
1005,KOREAN,양평쭈꾸미,된장찌개,8000.0,서울특별시 영등포구 선유동1로 17-2 (양평동1가) 양평쭈꾸미,영등포구,37.5236920427089,126.891497059428,https://eatssu-bucket.s3.ap-northeast-2.amazonaws.com/goodPriceStoreImg/9bd48c0e-82f3-4573-85d8-5b1b48b36474.jpg,,
1006,ETC,에트나,아메리카노,1500.0,서울특별시 영등포구 양평로 16 (당산동6가) 에트나,영등포구,37.5328855588883,126.90450018213,https://eatssu-bucket.s3.ap-northeast-2.amazonaws.com/goodPriceStoreImg/7a8b7112-68f3-4a11-a38d-750c4d2cac75.jpeg,,
1007,CHINESE,연경궁,자장면,6000.0,서울특별시 영등포구 국회대로30길 14 1층,영등포구,37.5269891101632,126.89532559128,https://eatssu-bucket.s3.ap-northeast-2.amazonaws.com/goodPriceStoreImg/136c0bde-b247-4ffc-8f52-90d8136a167f.jpg,https://eatssu-bucket.s3.ap-northeast-2.amazonaws.com/goodPriceStoreImg/1d2283dd-d9e2-4f7f-b3f3-5ca5496ab060.jpg,https://eatssu-bucket.s3.ap-northeast-2.amazonaws.com/goodPriceStoreImg/9cb55399-d26c-470e-9119-8c037ea4c7c8.jpg
1008,CHINESE,열빈중화요리,짜장면,6500.0,서울특별시 영등포구 양평로 126 (양평동5가) 1층,영등포구,37.5382334285342,126.893922350178,https://eatssu-bucket.s3.ap-northeast-2.amazonaws.com/goodPriceStoreImg/2fbf3ef8-81a2-4622-8ea1-9a7f0b3ad3a7.jpg,,
1009,KOREAN,영광회관,삼겹살 200g,15000.0,서울특별시 영등포구 영신로38길 22 (영등포동6가) 영광회관,영등포구,37.5206390504062,126.903498611227,https://eatssu-bucket.s3.ap-northeast-2.amazonaws.com/goodPriceStoreImg/2b9ee25c-d510-4aea-9ad7-79e70fd05e8b.jpeg,,
1010,KOREAN,영등포 아구찜,아구탕,35000.0,서울특별시 영등포구 도신로53길 9-1 (신길동) 1층,영등포구,37.5119691582851,126.914508248554,https://eatssu-bucket.s3.ap-northeast-2.amazonaws.com/goodPriceStoreImg/3984ac23-c6e7-40f7-ba61-f9acf9108f8b.png,,
1011,CHINESE,영신반점,짜장면,6500.0,서울특별시 영등포구 도영로 54 (도림동) 영신반점,영등포구,37.5103120577401,126.898596811165,https://eatssu-bucket.s3.ap-northeast-2.amazonaws.com/goodPriceStoreImg/c8582b2f-4012-48bf-9c51-c8164e41c504.jpg,,
1012,KOREAN,울진막회,막회(2~3인분),30000.0,서울특별시 영등포구 도신로64길 2 (신길동) 2층,영등포구,37.5120638292853,126.917644054026,https://eatssu-bucket.s3.ap-northeast-2.amazonaws.com/goodPriceStoreImg/addc9330-88f2-4d63-91d0-859117391627.jpg,,
1013,CHINESE,유림각,짜장면,7000.0,서울특별시 영등포구 영중로3길 12-1 (영등포동4가) 1층,영등포구,37.5167430227638,126.904941996717,https://eatssu-bucket.s3.ap-northeast-2.amazonaws.com/goodPriceStoreImg/ea92430a-18e2-4873-8b32-bf57dfa21762.jpeg,,
1014,KOREAN,유미식당,김치찌개,7000.0,서울특별시 영등포구 시흥대로 611,영등포구,37.4871792197958,126.904482186382,https://eatssu-bucket.s3.ap-northeast-2.amazonaws.com/goodPriceStoreImg/8e4e0eca-14cf-423b-b7a5-6416f319dcad.jpg,https://eatssu-bucket.s3.ap-northeast-2.amazonaws.com/goodPriceStoreImg/d49d734d-268a-449b-8cbe-32848205b4b9.jpg,https://eatssu-bucket.s3.ap-northeast-2.amazonaws.com/goodPriceStoreImg/5b92c30d-f0d5-40a6-a270-a342a6b85bd9.jpg
1015,KOREAN,인생100반,제육정식,8500.0,"서울특별시 영등포구 당산로31길 16-1 (당산동3가) 1층(당산동3가, JUM)",영등포구,37.5269134210351,126.894914129414,https://eatssu-bucket.s3.ap-northeast-2.amazonaws.com/goodPriceStoreImg/7cbb8803-21d7-4a36-93a2-7b4023e1ff2d.jpg,,
1016,CHINESE,일선화,짬뽕,6000.0,서울특별시 영등포구 여의대방로59길 2 (신길동) 1층,영등포구,37.5135283133992,126.925646108672,https://eatssu-bucket.s3.ap-northeast-2.amazonaws.com/goodPriceStoreImg/72e44003-ead4-4c1e-969b-cc26af24af1b.jpeg,,
1017,KOREAN,장금이집밥,백반,6000.0,서울특별시 영등포구 도림로54길 4-1 (대림동) 장금이집밥,영등포구,37.4958070637824,126.90214609408,https://eatssu-bucket.s3.ap-northeast-2.amazonaws.com/goodPriceStoreImg/969b15a3-784e-4f5b-aa3b-3d01eabe444c.jpg,,
1018,KOREAN,장원갈비,돼지갈비,16000.0,서울특별시 영등포구 대방천로 177 (신길동) 1층,영등포구,37.4993283007151,126.910695405559,https://eatssu-bucket.s3.ap-northeast-2.amazonaws.com/goodPriceStoreImg/3e7d78ef-2701-4a48-bb3a-639291453684.jpeg,,
1019,KOREAN,정원한방오리,김치찌개,7000.0,서울특별시 영등포구 가마산로455 (2층),영등포구,37.5060070759566,126.906937438579,https://eatssu-bucket.s3.ap-northeast-2.amazonaws.com/goodPriceStoreImg/e42dd4ba-fe6a-4442-b94e-ea0350f75e72.jpg,https://eatssu-bucket.s3.ap-northeast-2.amazonaws.com/goodPriceStoreImg/6d42c10b-ea06-4476-8bee-c502b86ecb40.jpg,https://eatssu-bucket.s3.ap-northeast-2.amazonaws.com/goodPriceStoreImg/648820e6-9748-43de-8efd-e0b8bf6d3f21.jpg
1020,KOREAN,조가네외양간,돼지갈비,14000.0,서울특별시 영등포구 시흥대로175길 11-1 (대림동) 1층,영등포구,37.4881899641435,126.904029969218,https://eatssu-bucket.s3.ap-northeast-2.amazonaws.com/goodPriceStoreImg/c298dca9-9641-43d9-9c97-e7da9b37052b.jpeg,,
1021,KOREAN,종가댁전주콩나물국밥,콩나물국밥,5000.0,"서울특별시 영등포구 은행로 3 (여의도동) 지하1층, 101호",영등포구,37.5275117444834,126.919665809662,https://eatssu-bucket.s3.ap-northeast-2.amazonaws.com/goodPriceStoreImg/43d68f55-83c9-4db5-a5a0-18e5ed1366b5.jpg,,
1022,KOREAN,진국설렁탕,설렁탕,10000.0,서울특별시 영등포구  당산로46길 1,영등포구,37.5340650116856,126.902676542408,https://eatssu-bucket.s3.ap-northeast-2.amazonaws.com/goodPriceStoreImg/24f766df-fb3c-4d0b-81d3-ba78fc15be9c.jpg,https://eatssu-bucket.s3.ap-northeast-2.amazonaws.com/goodPriceStoreImg/e18833f0-ea01-4e46-b590-de61d146c525.jpg,https://eatssu-bucket.s3.ap-northeast-2.amazonaws.com/goodPriceStoreImg/38860161-ec59-48a6-97b3-e8746bdcee45.jpg
1023,CHINESE,짜우리아,짜장면,6000.0,서울특별시 영등포구 영신로 34,영등포구,37.5145291945513,126.908165315374,https://eatssu-bucket.s3.ap-northeast-2.amazonaws.com/goodPriceStoreImg/3ee56c71-5341-4b8d-8175-e6d282f1c135.jpg,https://eatssu-bucket.s3.ap-northeast-2.amazonaws.com/goodPriceStoreImg/b25c440e-520e-4978-b515-00b216e41eb0.jpg,https://eatssu-bucket.s3.ap-northeast-2.amazonaws.com/goodPriceStoreImg/d46ac96a-af05-444f-95f4-9a38b4e2bd7a.jpg
1024,CHINESE,짬뽕나라,짜장면,6000.0,서울특별시 영등포구 가마산로65길 9 (신길동) 1층,영등포구,37.5066895987976,126.90660973327,https://eatssu-bucket.s3.ap-northeast-2.amazonaws.com/goodPriceStoreImg/40f841d0-b0c3-4b6a-b2d5-7319467f197c.jpeg,,
1025,KOREAN,참떡&김떡,떡볶이,4500.0,서울특별시 영등포구 영등포로64길 19-6 (신길동) 1층(신길동),영등포구,37.5130258713051,126.916545837299,https://eatssu-bucket.s3.ap-northeast-2.amazonaws.com/goodPriceStoreImg/69760808-cdd4-43e2-920d-d88208196d6c.jpg,,
1026,ETC,카페오오디,커피,2500.0,서울특별시 영등포구 국제금융로8길 19 (여의도동) 1층,영등포구,37.5207615513454,126.929136630611,https://eatssu-bucket.s3.ap-northeast-2.amazonaws.com/goodPriceStoreImg/c8084007-2d7f-4efb-8b76-9e7e5ff2786a.jpg,,
1027,KOREAN,큰골목식당,삼겹살,15000.0,서울특별시 영등포구 대림로7다길 2 (대림동) 1층,영등포구,37.4891359814893,126.903648041494,https://eatssu-bucket.s3.ap-northeast-2.amazonaws.com/goodPriceStoreImg/c5258b68-00eb-4cd3-bdc8-134dab1c4d27.jpeg,,
1028,KOREAN,태백우장수,투뿔 한우모듬(100g),17900.0,서울특별시 영등포구 당산로47길 12 (당산동6가) 2층,영등포구,37.5352410372198,126.902179335636,https://eatssu-bucket.s3.ap-northeast-2.amazonaws.com/goodPriceStoreImg/c0c270f5-7fb3-4b45-aa20-3796a06f4998.png,,
1029,KOREAN,통나무식당,된장찌개,7000.0,서울특별시 영등포구 영등포로62길 12 (신길동) 통나무식당,영등포구,37.5153806484368,126.91642399432,https://eatssu-bucket.s3.ap-northeast-2.amazonaws.com/goodPriceStoreImg/00dfe515-4f87-4ae0-955a-a25df5ec9f6c.jpeg,,
1030,KOREAN,피치앤명동,칼국수,8500.0,서울특별시 영등포구 영신로24길 18-1 (영등포동4가) 1층,영등포구,37.5162401156848,126.904535989492,https://eatssu-bucket.s3.ap-northeast-2.amazonaws.com/goodPriceStoreImg/bb66933e-723f-4682-9be1-ca40e4156b18.jpeg,,
1031,KOREAN,홍대앞왕동까스&돈부리&비어,왕돈까스,8500.0,서울특별시 영등포구 도림로 354-9 (도림동) 1층,영등포구,37.5090243436271,126.90039847728,https://eatssu-bucket.s3.ap-northeast-2.amazonaws.com/goodPriceStoreImg/aec8a959-220c-41dd-82c6-d0b21665f2eb.jpg,,
1032,ETC,535로스터리카페,-,,"서울특별시 동작구 상도로30길 40 (상도동, 상도2차두산위브트레지움아파트) 106호",동작구,37.5043182643342,126.942466980966,https://eatssu-bucket.s3.ap-northeast-2.amazonaws.com/goodPriceStoreImg/2eac9de5-11e2-4a24-b543-f458c0dee15b.jpg,,
1033,ETC,Vamos 카페,-,,서울특별시 동작구 신대방길 9 (신대방동) 1층,동작구,37.4878214009962,126.912068221581,https://eatssu-bucket.s3.ap-northeast-2.amazonaws.com/goodPriceStoreImg/e963b834-9370-469e-aa00-c28d266cdfee.jpg,,
1034,KOREAN,계단집,오겹살(160g),14000.0,서울특별시 동작구 현충로 94 2층(흑석동),동작구,37.5080285364203,126.964189956433,https://eatssu-bucket.s3.ap-northeast-2.amazonaws.com/goodPriceStoreImg/d2c2e1a2-881d-4c5a-8fe2-d950c152171c.jpg,,
1035,KOREAN,고모밥죠,제육볶음,10000.0,서울특별시 동작구 상도로37길 64 (상도동) .,동작구,37.4986078941182,126.952224481477,https://eatssu-bucket.s3.ap-northeast-2.amazonaws.com/goodPriceStoreImg/be22f981-04fa-4a16-aefc-23a85394df95.jpeg,,
1036,KOREAN,골드김밥,김밥,4000.0,서울특별시 동작구 동작대로29길 8 (사당동) 1층,동작구,37.4881601088174,126.981564778638,https://eatssu-bucket.s3.ap-northeast-2.amazonaws.com/goodPriceStoreImg/17de922c-5f54-4cc5-ae94-9c9e00268c82.jpg,,
1037,KOREAN,골목식당,뚝배기불고기,7000.0,서울특별시 동작구 사당로16가길 24 (사당동),동작구,37.483220648297,126.972146490446,https://eatssu-bucket.s3.ap-northeast-2.amazonaws.com/goodPriceStoreImg/2f64ec65-e1b6-4407-9931-785d267c8d08.jpg,https://eatssu-bucket.s3.ap-northeast-2.amazonaws.com/goodPriceStoreImg/136ef982-3bfb-477b-830e-cf65a0dcffea.jpg,
1038,KOREAN,공감식당 노량진점,-,,서울특별시 동작구 노량진로8길 20 (노량진동) 1층,동작구,37.5126135416892,126.936483162136,https://eatssu-bucket.s3.ap-northeast-2.amazonaws.com/goodPriceStoreImg/d2229f4c-c119-4eb5-a164-7c5fd07603c9.jpg,,
1039,JAPANESE,광명수산,광어(중),40000.0,서울특별시 동작구 동작대로29가길 5 (사당동),동작구,37.4882572669361,126.981180197178,https://eatssu-bucket.s3.ap-northeast-2.amazonaws.com/goodPriceStoreImg/4d7db09e-3a09-4121-ab6b-14215e9faa39.jpg,https://eatssu-bucket.s3.ap-northeast-2.amazonaws.com/goodPriceStoreImg/31e62c7e-8ae2-49ec-8865-5b6d4f9385da.jpg,https://eatssu-bucket.s3.ap-northeast-2.amazonaws.com/goodPriceStoreImg/aef473c9-fcc1-41e8-a15b-4813e45d0b0c.jpg
1040,KOREAN,구름산추어탕,추어탕,12000.0,서울특별시 동작구 사당로30길 158-4 (사당동) 1층,동작구,37.4778542677376,126.980363487746,https://eatssu-bucket.s3.ap-northeast-2.amazonaws.com/goodPriceStoreImg/837ada2e-a131-4c0f-938c-3dcd8dd480c2.jpeg,,
1041,KOREAN,국수가,칼국수,7000.0,서울특별시 동작구 사당로16가길 18 (사당동) .,동작구,37.483145762568,126.972480170729,https://eatssu-bucket.s3.ap-northeast-2.amazonaws.com/goodPriceStoreImg/c9e49b2f-1e41-41be-9e79-31aa05540773.jpg,https://eatssu-bucket.s3.ap-northeast-2.amazonaws.com/goodPriceStoreImg/8fba2097-aad6-4c8f-8ad2-5d9ac81cb1eb.jpeg,
1042,JAPANESE,규동집,규동,7900.0,서울특별시 동작구 만양로14가길 1 (노량진동) .,동작구,37.5116703009123,126.945156004442,https://eatssu-bucket.s3.ap-northeast-2.amazonaws.com/goodPriceStoreImg/85e38623-9b72-4251-acaf-58159b7314cc.jpeg,,
1043,ETC,금강수산,산낙지,10000.0,서울특별시 동작구 시흥대로 658 (신대방동) .,동작구,37.4903749716012,126.908076731256,https://eatssu-bucket.s3.ap-northeast-2.amazonaws.com/goodPriceStoreImg/a99d898a-c96d-44cb-a399-0d1fd785d244.jpeg,https://eatssu-bucket.s3.ap-northeast-2.amazonaws.com/goodPriceStoreImg/3de718a5-a163-4fda-9477-ba212cd9daa2.jpeg,
1044,KOREAN,김가보쌈,부대찌개,9000.0,서울특별시 동작구 여의대방로24가길 10 (대방동) .,동작구,37.4986603620653,126.921037267596,https://eatssu-bucket.s3.ap-northeast-2.amazonaws.com/goodPriceStoreImg/0cb13020-7621-4d29-ac2a-90fc7fa82fae.jpg,https://eatssu-bucket.s3.ap-northeast-2.amazonaws.com/goodPriceStoreImg/7bc9e3c6-dfff-435c-92c6-1310834dd0eb.jpeg,https://eatssu-bucket.s3.ap-northeast-2.amazonaws.com/goodPriceStoreImg/ce107844-c319-4aa1-aaa4-377c9e02f2ff.jpeg
1045,ETC,꾸꾸카페,아메리카노,4500.0,서울특별시 동작구 성대로29길 50 (상도동) 1층,동작구,37.5005386351206,126.938184885141,https://eatssu-bucket.s3.ap-northeast-2.amazonaws.com/goodPriceStoreImg/b495f78f-73f3-4fd0-a914-b0cf42be00a5.jpg,,
1046,KOREAN,낙지랑갈비랑,동태찌개,8000.0,서울특별시 동작구 상도동209-16,동작구,37.4987087605393,126.943353594851,https://eatssu-bucket.s3.ap-northeast-2.amazonaws.com/goodPriceStoreImg/88bee358-433d-48e1-a7d9-56f3d980d613.jpg,https://eatssu-bucket.s3.ap-northeast-2.amazonaws.com/goodPriceStoreImg/8686b556-1d5d-4c43-aeb4-44f50972fd8c.jpg,https://eatssu-bucket.s3.ap-northeast-2.amazonaws.com/goodPriceStoreImg/20a694a5-77b7-42dc-8deb-c667001801ac.jpg
1047,KOREAN,남매이야기,돼지갈비(250g),14500.0,서울특별시 동작구 현충로 102 1층(흑석동),동작구,37.5075630796874,126.964797418175,https://eatssu-bucket.s3.ap-northeast-2.amazonaws.com/goodPriceStoreImg/aead59d8-0ac3-4f23-858f-07cb6e934727.jpg,,
1048,KOREAN,남원맛고을,추어탕,11000.0,서울특별시 동작구 상도로34길 8-2 (상도동) .,동작구,37.504473378439,126.945814174742,https://eatssu-bucket.s3.ap-northeast-2.amazonaws.com/goodPriceStoreImg/c60dc78b-eeef-47da-9edf-9715070bb6db.jpeg,,
1049,KOREAN,남원추어탕,추어탕,10000.0,서울특별시 동작구 동작대로15길 15 (사당동) 1층,동작구,37.482193416593,126.980782606589,https://eatssu-bucket.s3.ap-northeast-2.amazonaws.com/goodPriceStoreImg/26fdff4a-5f30-44ae-a09e-951aa748a0a4.png,,
1050,KOREAN,남원추어탕,추어탕,10000.0,서울특별시 동작구 여의대방로 250 지하1층 14호,동작구,37.5087434455459,126.924517791265,https://eatssu-bucket.s3.ap-northeast-2.amazonaws.com/goodPriceStoreImg/9e6e31de-82fa-4142-ae6d-08df1a63ded9.jpg,,
1051,KOREAN,남원추어탕아구찜,추어탕,10000.0,서울특별시 동작구 사당로29길 1,동작구,37.4847021428995,126.978949042073,https://eatssu-bucket.s3.ap-northeast-2.amazonaws.com/goodPriceStoreImg/cb3b5568-87f5-47c6-b8f5-2b82035debcb.jpg,,
1052,WESTERN,낸시스테이블,-,,서울특별시 동작구 여의대방로36길 105 (대방동) 1층,동작구,37.5088509018376,126.931873672694,https://eatssu-bucket.s3.ap-northeast-2.amazonaws.com/goodPriceStoreImg/71a06af7-4c6d-4f07-b502-31e15bb98a78.jpg,,
1053,KOREAN,냉삼한옥,대패삼겹살,5500.0,서울특별시 동작구 만양로14다길 4 (노량진동) 1층,동작구,37.5115107543748,126.945201929505,https://eatssu-bucket.s3.ap-northeast-2.amazonaws.com/goodPriceStoreImg/b12745a7-e0c2-4c9b-9c40-a570bf032b2e.jpg,,
1054,KOREAN,놀부자 정육식당,김치찌개,8000.0,서울특별시 동작구 상도로 383 (상도동) 1층,동작구,37.4950144646268,126.955121559141,https://eatssu-bucket.s3.ap-northeast-2.amazonaws.com/goodPriceStoreImg/fcecce47-7128-47fe-beac-03cd71cae62e.jpg,,
1055,KOREAN,늘콩 신대방삼거리점,콩나물국밥,6000.0,서울특별시 동작구 상도로 112 (상도동) 1층,동작구,37.5008705844498,126.932933800275,https://eatssu-bucket.s3.ap-northeast-2.amazonaws.com/goodPriceStoreImg/47456219-ff3b-4a67-a88a-e60aa8171c83.jpeg,,
1056,KOREAN,다독이네 숯불구이,돼지갈비,13000.0,서울특별시 동작구 노량진로 106-5 .,동작구,37.512959323801,126.937793917313,https://eatssu-bucket.s3.ap-northeast-2.amazonaws.com/goodPriceStoreImg/52562b91-3dda-4484-a66f-6b98f4894232.jpg,https://eatssu-bucket.s3.ap-northeast-2.amazonaws.com/goodPriceStoreImg/6386247a-1dc0-4fdb-8101-7159abcbf9f1.jpg,https://eatssu-bucket.s3.ap-northeast-2.amazonaws.com/goodPriceStoreImg/4343066c-d394-465b-ad1e-d7b66439a9fe.jpg
1057,KOREAN,단비분식,비빔밥,6000.0,서울특별시 동작구 흑석로9길 13,동작구,37.5076697361086,126.959392262499,https://eatssu-bucket.s3.ap-northeast-2.amazonaws.com/goodPriceStoreImg/74a38d61-6f2e-4b38-8368-df9a27599366.jpg,https://eatssu-bucket.s3.ap-northeast-2.amazonaws.com/goodPriceStoreImg/53a634e7-52b6-4d05-ac72-bf66533a7da2.jpg,
1058,KOREAN,대가설렁탕,설렁탕,9000.0,서울특별시 동작구 상도로 117 (상도동) 1층,동작구,37.501364369516,126.932993523385,https://eatssu-bucket.s3.ap-northeast-2.amazonaws.com/goodPriceStoreImg/15800e90-e48d-40eb-9b29-bbaae6befdb9.png,,
1059,KOREAN,대박김치찌개,셀프백반,7000.0,서울특별시 동작구 보라매로5길 5 (신대방동),동작구,37.4923884716229,126.925359044805,https://eatssu-bucket.s3.ap-northeast-2.amazonaws.com/goodPriceStoreImg/28224af3-0784-41e5-8e3b-f264fe4e0046.png,,
1060,KOREAN,돌쇠와 석쇠,삼겹살,10000.0,서울특별시 동작구 솔밭로 110 1층,동작구,37.485709644526,126.968746061726,https://eatssu-bucket.s3.ap-northeast-2.amazonaws.com/goodPriceStoreImg/a257ad1d-1c42-45c7-87a7-0ee6d9e36f3f.png,,
1061,KOREAN,동해해물탕,해물탕(중),45000.0,서울특별시 동작구 양녕로22가길 67 2층,동작구,37.496868162081,126.944062331109,https://eatssu-bucket.s3.ap-northeast-2.amazonaws.com/goodPriceStoreImg/77f78a63-0369-48e9-8be9-ba89942b935e.jpg,https://eatssu-bucket.s3.ap-northeast-2.amazonaws.com/goodPriceStoreImg/a2ac667b-a421-4066-bd0e-7718fe131423.jpg,
1062,KOREAN,딱좋아,백반,9000.0,서울특별시 동작구 동작대로29나길 39 (사당동) 1층,동작구,37.4898261998506,126.980671986971,https://eatssu-bucket.s3.ap-northeast-2.amazonaws.com/goodPriceStoreImg/cd3e71ed-77c0-4b17-904a-373ae3758e90.jpg,,
1063,ETC,떡마루,-,,서울특별시 동작구 여의대방로24길 70 (신대방동) .,동작구,37.4983472232295,126.924139915789,https://eatssu-bucket.s3.ap-northeast-2.amazonaws.com/goodPriceStoreImg/f49a8d77-6ab6-4094-a4c1-2400e4b170a1.jpg,https://eatssu-bucket.s3.ap-northeast-2.amazonaws.com/goodPriceStoreImg/7f5393f7-53a6-4897-815b-0134f7b083a2.jpeg,https://eatssu-bucket.s3.ap-northeast-2.amazonaws.com/goodPriceStoreImg/23050b16-a6ea-4da9-b701-036cc0c501b8.jpeg
1064,JAPANESE,라쿠라쿠,-,,서울특별시 동작구 대림로 14 (신대방동) 1층,동작구,37.4874050066657,126.911654079762,https://eatssu-bucket.s3.ap-northeast-2.amazonaws.com/goodPriceStoreImg/fcd0d417-27ca-4dc6-b5bd-796558e755a9.jpg,,
1065,ETC,마라양꼬치,생양꼬치,13000.0,"서울특별시 동작구 상도로30길 40 (상도동, 상도2차두산위브트레지움아파트) 상가 104호",동작구,37.5043182643342,126.942466980966,https://eatssu-bucket.s3.ap-northeast-2.amazonaws.com/goodPriceStoreImg/753a3d03-3fe1-4b20-8842-613540afe68c.jpg,https://eatssu-bucket.s3.ap-northeast-2.amazonaws.com/goodPriceStoreImg/32398d2b-808d-4fd9-bc36-736472372675.jpeg,https://eatssu-bucket.s3.ap-northeast-2.amazonaws.com/goodPriceStoreImg/3cd03ef4-9a09-4ddf-b285-e1d76e947964.jpg
1066,KOREAN,마포곱창,모듬곱창(250g),21000.0,서울특별시 동작구 사당로 185 (사당동),동작구,37.485879439011,126.969259208137,https://eatssu-bucket.s3.ap-northeast-2.amazonaws.com/goodPriceStoreImg/18a8821d-f887-4e43-b2f1-234eb47b1cab.jpg,,
1067,KOREAN,만두의정석,고기만두,6000.0,서울특별시 동작구 국사봉1길 45 1층 103호,동작구,37.4992744023286,126.930969862711,https://eatssu-bucket.s3.ap-northeast-2.amazonaws.com/goodPriceStoreImg/7638c3bb-2df0-45a2-b116-b78238188597.png,,
1068,KOREAN,명가왕족발보쌈,-,,서울특별시 동작구 만양로 92 (노량진동) 1층,동작구,37.5116122295125,126.944477404179,https://eatssu-bucket.s3.ap-northeast-2.amazonaws.com/goodPriceStoreImg/35df9e92-8bc7-485c-b8b3-f5eb1b7ebb17.jpg,,
1069,KOREAN,명동국수,-,,서울특별시 동작구 상도로41길 12 1층,동작구,37.5017330728734,126.949926491951,https://eatssu-bucket.s3.ap-northeast-2.amazonaws.com/goodPriceStoreImg/0438eca5-b619-4e29-b0a4-e4aa64e3d540.jpg,,
1070,WESTERN,모모돈까스모밀,-,,서울특별시 동작구 동작대로11길 104 (사당동) 1층,동작구,37.4816151270518,126.975763032241,https://eatssu-bucket.s3.ap-northeast-2.amazonaws.com/goodPriceStoreImg/3a4c8d5f-fd33-46af-aa01-2f445adab1e0.jpg,,
1071,WESTERN,미쁘다돈까스,-,,서울특별시 동작구 만양로14가길 4 (노량진동) 1층,동작구,37.511783275723,126.945326374606,https://eatssu-bucket.s3.ap-northeast-2.amazonaws.com/goodPriceStoreImg/dacd0e5a-3d6e-4c8b-8e8a-b272f3fb8610.jpg,,
1072,KOREAN,배꼽시계,우렁쌈밥,9000.0,서울특별시 동작구 동작대로7길 80 1층,동작구,37.4778739994415,126.978300770962,https://eatssu-bucket.s3.ap-northeast-2.amazonaws.com/goodPriceStoreImg/ef6cd53d-2d60-49fc-afc4-11e926f54ee5.jpg,https://eatssu-bucket.s3.ap-northeast-2.amazonaws.com/goodPriceStoreImg/dc0b69d6-91f6-4fb1-89f2-4dbb04c87d80.jpg,https://eatssu-bucket.s3.ap-northeast-2.amazonaws.com/goodPriceStoreImg/1b8a4769-8d37-42c1-a237-5152151ce018.jpg
1073,KOREAN,별미냉삼,-,,서울특별시 동작구 동작대로7길 34 (사당동) 1층,동작구,37.4792519596427,126.980100713597,https://eatssu-bucket.s3.ap-northeast-2.amazonaws.com/goodPriceStoreImg/cbd2be74-a512-4178-8e74-f43df6d640a7.jpg,https://eatssu-bucket.s3.ap-northeast-2.amazonaws.com/goodPriceStoreImg/066b946a-318e-4cda-89b5-89d17bad0505.jpeg,https://eatssu-bucket.s3.ap-northeast-2.amazonaws.com/goodPriceStoreImg/f3578400-4441-46b9-bc43-d0657789121b.jpeg
1074,KOREAN,부자국밥,오늘의메뉴,7000.0,서울특별시 동작구 신대방11길 34 (신대방동),동작구,37.4885523525782,126.907651664364,https://eatssu-bucket.s3.ap-northeast-2.amazonaws.com/goodPriceStoreImg/bed230e0-ed4c-4bdd-b461-446d0d3c3604.jpg,,
1075,ETC,빨간리본 샌드위치,아메리카노,2000.0,서울특별시 동작구 사당로20나길 40 (사당동) .,동작구,37.4817488882241,126.973485465979,https://eatssu-bucket.s3.ap-northeast-2.amazonaws.com/goodPriceStoreImg/7fe99d0a-5614-4080-9ae0-71d1032139fd.jpg,https://eatssu-bucket.s3.ap-northeast-2.amazonaws.com/goodPriceStoreImg/a81bca38-c3cc-461c-b45f-185aef7f387e.jpeg,https://eatssu-bucket.s3.ap-northeast-2.amazonaws.com/goodPriceStoreImg/bf94b42d-22ba-420a-b56e-e1c435372a33.jpeg
1076,KOREAN,사과나무,왕돈까스,8000.0,서울특별시 동작구 흑석로9길 7,동작구,37.5075963317812,126.959736016421,https://eatssu-bucket.s3.ap-northeast-2.amazonaws.com/goodPriceStoreImg/0dd3f58e-3cfe-4278-be83-7cd762797214.jpg,https://eatssu-bucket.s3.ap-northeast-2.amazonaws.com/goodPriceStoreImg/f0dc5537-feb2-4ba4-891d-3b02dbd50e47.jpg,https://eatssu-bucket.s3.ap-northeast-2.amazonaws.com/goodPriceStoreImg/a1d167a5-c905-4b9a-a625-680bf5483923.jpg
1077,KOREAN,삼락,삼겹살(200g),15000.0,서울특별시 동작구 여의대방로36길 10-11 (대방동),동작구,37.5045970373122,126.923423233224,https://eatssu-bucket.s3.ap-northeast-2.amazonaws.com/goodPriceStoreImg/fd48e04c-12ab-491d-9446-aa2b7cee9017.jpg,,
1078,KOREAN,삼호정,삼계탕,13000.0,서울특별시 동작구 여의대방로24길 50,동작구,37.4979468940999,126.923007080951,https://eatssu-bucket.s3.ap-northeast-2.amazonaws.com/goodPriceStoreImg/a62d5c76-8d68-4ae2-9bf0-4cc8af64c6f9.png,,
1079,KOREAN,상도칼국수,백반,7000.0,서울특별시 동작구 성대로 40 1층,동작구,37.4989412826906,126.933291526819,https://eatssu-bucket.s3.ap-northeast-2.amazonaws.com/goodPriceStoreImg/e791cb98-9584-427f-bc78-c00de42e8fd1.jpg,,
1080,ETC,서브마린,아메리카노,2500.0,서울특별시 동작구 여의대방로 22 상가동 지하1층 제1호(신대방동),동작구,37.4910969139998,126.911813692107,https://eatssu-bucket.s3.ap-northeast-2.amazonaws.com/goodPriceStoreImg/a58de6ab-59c4-477f-bd97-85604fe3c2fa.jpg,https://eatssu-bucket.s3.ap-northeast-2.amazonaws.com/goodPriceStoreImg/dd5c538a-531e-43ef-8269-a6274ef00f6b.jpg,
1081,KOREAN,서울정육식당,-,,서울특별시 동작구 사당로30길 154 (사당동) 1층,동작구,37.4779764789702,126.980571253474,https://eatssu-bucket.s3.ap-northeast-2.amazonaws.com/goodPriceStoreImg/95b3cae6-1645-471a-b30c-81f8a3294d5b.jpg,,
1082,KOREAN,성대낙지,낙지비빔밥,8000.0,서울특별시 동작구 국사봉1길 4 (상도동) 4층,동작구,37.4987738088069,126.928852981582,https://eatssu-bucket.s3.ap-northeast-2.amazonaws.com/goodPriceStoreImg/5f140df1-c47b-4cb5-9a18-bb387bdd4025.jpeg,,
1083,KOREAN,성상등갈비,등갈비,16000.0,서울특별시 동작구 신대방길 108 (신대방동),동작구,37.4903627874582,126.908514572791,https://eatssu-bucket.s3.ap-northeast-2.amazonaws.com/goodPriceStoreImg/3d42b48c-0c1c-4324-9f49-bd6159d4746e.jpg,https://eatssu-bucket.s3.ap-northeast-2.amazonaws.com/goodPriceStoreImg/586b817f-a861-448d-a471-77f3168b734f.jpg,
1084,KOREAN,소반,-,,서울특별시 동작구 신대방길 56 (신대방동) 1층,동작구,37.4884057705473,126.909765953922,https://eatssu-bucket.s3.ap-northeast-2.amazonaws.com/goodPriceStoreImg/ec8777b5-9039-4cb7-943e-b914cb112679.jpg,https://eatssu-bucket.s3.ap-northeast-2.amazonaws.com/goodPriceStoreImg/921ecbf2-d85e-4a1f-a6ac-62ac3dd6ef50.jpeg,https://eatssu-bucket.s3.ap-northeast-2.amazonaws.com/goodPriceStoreImg/34b73fcc-49a6-4360-ba6c-ac300163b0d6.jpeg
1085,KOREAN,수목화,국수,6000.0,서울특별시 동작구 매봉로 61 (상도동) 101호,동작구,37.5075143249163,126.951538051403,https://eatssu-bucket.s3.ap-northeast-2.amazonaws.com/goodPriceStoreImg/e7b03ba4-6ba1-4c26-8946-1fac7e183079.jpg,,
1086,KOREAN,수미락,-,,서울특별시 동작구 현충로 96-1 (흑석동) .,동작구,37.5078892888824,126.964348025769,https://eatssu-bucket.s3.ap-northeast-2.amazonaws.com/goodPriceStoreImg/d6e0589d-56ed-47e8-9c8d-f1afa8534e8b.jpg,https://eatssu-bucket.s3.ap-northeast-2.amazonaws.com/goodPriceStoreImg/823dbac2-4ab9-4082-b1ff-188caa6b00ab.jpeg,
1087,KOREAN,수제빚다,수제비,7800.0,서울특별시 동작구 만양로18길 31 (노량진동) 1층,동작구,37.5130327632188,126.94605580972,https://eatssu-bucket.s3.ap-northeast-2.amazonaws.com/goodPriceStoreImg/9ba1f787-cdbe-4117-b97f-4c8de175191c.jpg,,
1088,WESTERN,스카이 피자,피자,10900.0,서울특별시 동작구 노량진로6길 86,동작구,37.5096063845557,126.937053040459,https://eatssu-bucket.s3.ap-northeast-2.amazonaws.com/goodPriceStoreImg/3fd79b76-1afd-4c1b-b41e-fae89084ba71.png,,
1089,ETC,신대방대박찹쌀꽈배기,꽈배기3개,2500.0,서울특별시 동작구 신대방길 105 1층,동작구,37.4900523859475,126.908625199076,https://eatssu-bucket.s3.ap-northeast-2.amazonaws.com/goodPriceStoreImg/7f12808b-e54a-4a92-b832-85c02c8f0571.jpg,,
1090,CHINESE,신부양각,-,,서울특별시 동작구 양녕로 191 (상도동) 2층,동작구,37.4983321529172,126.943380680975,https://eatssu-bucket.s3.ap-northeast-2.amazonaws.com/goodPriceStoreImg/fe651008-03fb-45b2-a229-9ec1845a3a6b.jpg,https://eatssu-bucket.s3.ap-northeast-2.amazonaws.com/goodPriceStoreImg/471a2fdb-3f9d-4019-868b-6f9f13c3bd3b.jpeg,https://eatssu-bucket.s3.ap-northeast-2.amazonaws.com/goodPriceStoreImg/6f49336f-a1e6-4e0e-b5dd-6838fb58eebb.jpeg
1091,KOREAN,어울터,-,,서울특별시 동작구 상도로22길 36 (상도동) 1층,동작구,37.5017117332916,126.937138833158,https://eatssu-bucket.s3.ap-northeast-2.amazonaws.com/goodPriceStoreImg/e170e52a-6ecd-425c-a0d6-7001791ee511.jpg,,
1092,KOREAN,엄마손김밥,백반,6000.0,서울특별시 동작구 등용로14길 81 .,동작구,37.5127499054503,126.935727705757,https://eatssu-bucket.s3.ap-northeast-2.amazonaws.com/goodPriceStoreImg/45620d2f-c8e5-4359-a20d-b726eab4b417.png,,
1093,KOREAN,엄마의 손맛,제육볶음,7000.0,서울특별시 동작구 노량진로8길 39 (노량진동) .,동작구,37.5125948085533,126.937511222115,https://eatssu-bucket.s3.ap-northeast-2.amazonaws.com/goodPriceStoreImg/4dc877d2-8da8-46e6-959f-4fa13099d461.jpeg,,
1094,KOREAN,영주네,김치고등어,9000.0,서울특별시 동작구 동작대로29가길 15 (사당동) 1층,동작구,37.4886660780361,126.981330368012,https://eatssu-bucket.s3.ap-northeast-2.amazonaws.com/goodPriceStoreImg/2ff95ab6-d864-4a1f-bb26-c47628b37ca3.jpeg,,
1095,KOREAN,예원,생고기,17000.0,서울특별시 동작구 양녕로27길 8 (상도동) 1층,동작구,37.4989018368222,126.943334110962,https://eatssu-bucket.s3.ap-northeast-2.amazonaws.com/goodPriceStoreImg/557030a9-f6b5-4a0b-aea9-8c6187e62e9b.png,,
1096,KOREAN,옛날잔치국수,잔치국수,5000.0,서울특별시 동작구 노량진로26길 11 (본동) 1층,동작구,37.5118016078913,126.954334348772,https://eatssu-bucket.s3.ap-northeast-2.amazonaws.com/goodPriceStoreImg/d39fff5a-85bb-43a1-8353-fb1ff1e30eb9.jpg,https://eatssu-bucket.s3.ap-northeast-2.amazonaws.com/goodPriceStoreImg/1c64fe75-8028-4cd9-ba34-174782daa3dd.jpeg,
1097,KOREAN,오늘반찬,-,,서울특별시 동작구 사당로16가길 11 (사당동) 1층,동작구,37.4829180459167,126.972731821353,https://eatssu-bucket.s3.ap-northeast-2.amazonaws.com/goodPriceStoreImg/868ec6dd-1a4c-4c96-928e-6b8e5c722d41.jpg,,
1098,KOREAN,오징어야,-,,서울특별시 동작구 만양로14길 9 (노량진동) 1층,동작구,37.5115282158397,126.94496936875,https://eatssu-bucket.s3.ap-northeast-2.amazonaws.com/goodPriceStoreImg/440ada39-bf86-4094-bad4-db48b2d4418a.jpg,,
1099,KOREAN,용식이포차,김치찌개(2인),18000.0,서울특별시 동작구 사당로16가길 13 1층(사당동),동작구,37.4829417049139,126.972569679118,https://eatssu-bucket.s3.ap-northeast-2.amazonaws.com/goodPriceStoreImg/afa4be66-37b0-4daa-9c75-ccdf84f3b634.jpg,,
1100,KOREAN,우정식당,김치찌개,7000.0,서울특별시 동작구 노량진로8길 39,동작구,37.5125948085533,126.937511222115,https://eatssu-bucket.s3.ap-northeast-2.amazonaws.com/goodPriceStoreImg/ab55ad5e-2815-4b40-bfb4-e0256f5637a4.jpg,https://eatssu-bucket.s3.ap-northeast-2.amazonaws.com/goodPriceStoreImg/fa6dd37d-3e3c-489b-b172-5f77925ebb71.jpg,https://eatssu-bucket.s3.ap-northeast-2.amazonaws.com/goodPriceStoreImg/0a6032ff-2d88-4359-b375-e2a5ec3c744b.jpg
1101,KOREAN,원일이바베큐보쌈,-,,서울특별시 동작구 사당로2차길 78 (사당동) 1층,동작구,37.4856323582569,126.9678146401,https://eatssu-bucket.s3.ap-northeast-2.amazonaws.com/goodPriceStoreImg/a072271d-019a-41cf-8d21-90a164418392.jpg,,
1102,KOREAN,유미식당,순두부,8000.0,서울특별시 동작구 사당로 172 (사당동) 1층,동작구,37.4864961772848,126.967897149284,https://eatssu-bucket.s3.ap-northeast-2.amazonaws.com/goodPriceStoreImg/c88696e0-0a64-4c61-9cc8-ea9be42086a9.jpeg,,
1103,KOREAN,유정쌈밥,쌈밥(국내산),12000.0,서울특별시 동작구 서달로13길 5-14 -,동작구,37.5079857976469,126.962069546902,https://eatssu-bucket.s3.ap-northeast-2.amazonaws.com/goodPriceStoreImg/06b1f9b3-1cd4-476e-9b5d-54a38c0d7a68.jpg,https://eatssu-bucket.s3.ap-northeast-2.amazonaws.com/goodPriceStoreImg/8f04bc39-7e09-4b4a-8b25-ef5da0343983.jpg,https://eatssu-bucket.s3.ap-northeast-2.amazonaws.com/goodPriceStoreImg/eea0eb5c-e497-4367-b10d-28694985e7e9.jpg
1104,KOREAN,은혜식당,김치찌개,8000.0,서울특별시 동작구 사당로9가길 55,동작구,37.4869079819231,126.968394254394,https://eatssu-bucket.s3.ap-northeast-2.amazonaws.com/goodPriceStoreImg/df70398c-9d65-4b90-851e-cf07c24fd9dc.jpg,https://eatssu-bucket.s3.ap-northeast-2.amazonaws.com/goodPriceStoreImg/82b23a5d-54ec-40a9-bb00-dd393cdc45c9.jpg,https://eatssu-bucket.s3.ap-northeast-2.amazonaws.com/goodPriceStoreImg/545a884a-585f-403e-9cfe-7441c96118ee.jpg
1105,ETC,이가떡방,떡1팩,3000.0,서울특별시 동작구 국사봉1길 70 .,동작구,37.4982794476822,126.931324401659,https://eatssu-bucket.s3.ap-northeast-2.amazonaws.com/goodPriceStoreImg/cf26f088-aabf-416a-be10-2aa8db865251.jpg,,
1106,JAPANESE,이가초밥,이가초밥,11000.0,서울특별시 동작구 국사봉1길4 1층(상도동),동작구,37.4987738088069,126.928852981582,https://eatssu-bucket.s3.ap-northeast-2.amazonaws.com/goodPriceStoreImg/1f81b836-5906-4d60-b715-dc787af60e31.jpg,,
1107,KOREAN,이경숙육개장,-,,서울특별시 동작구 사당로13길 8 (사당동) 1층 3호,동작구,37.4845496115128,126.972815349734,https://eatssu-bucket.s3.ap-northeast-2.amazonaws.com/goodPriceStoreImg/a2ff545f-8492-4cb6-bcd1-d15d0ca700ca.jpg,,
1108,KOREAN,이수가,-,,서울특별시 동작구 동작대로27나길 6 (사당동) 2층,동작구,37.4873098680701,126.980690161214,https://eatssu-bucket.s3.ap-northeast-2.amazonaws.com/goodPriceStoreImg/74475ec3-d1cb-49cb-a3cf-659f357ebb38.jpg,https://eatssu-bucket.s3.ap-northeast-2.amazonaws.com/goodPriceStoreImg/eb941762-0c89-4a52-bb82-a9a372397aa3.jpeg,https://eatssu-bucket.s3.ap-northeast-2.amazonaws.com/goodPriceStoreImg/55502adb-686d-453f-8315-2b5339d634d9.jpeg
1109,KOREAN,일등수제비,-,,"서울특별시 동작구 여의대방로22길 121 (신대방동, 보라매자이 더 포레스트) 1층상가 1420호",동작구,37.4983519180861,126.925286048904,https://eatssu-bucket.s3.ap-northeast-2.amazonaws.com/goodPriceStoreImg/6a2321b4-7997-4c4b-9514-2c16248b94da.jpg,https://eatssu-bucket.s3.ap-northeast-2.amazonaws.com/goodPriceStoreImg/4aea9cf2-d392-4f02-9efb-5629c5ff63bc.jpeg,https://eatssu-bucket.s3.ap-northeast-2.amazonaws.com/goodPriceStoreImg/c6474eb6-26c1-483a-ae69-f979ededf687.jpeg
1110,KOREAN,일이삼식당,제육볶음,8000.0,서울특별시 동작구 흑석로13마길 65-3 1층(흑석동),동작구,37.5074794281654,126.959085635956,https://eatssu-bucket.s3.ap-northeast-2.amazonaws.com/goodPriceStoreImg/6e170820-5862-4ba3-9e99-4bb01b322de9.jpg,,
1111,KOREAN,장승칡냉면&장족,냉면,8000.0,서울특별시 동작구 상도로34길 3 (상도동) .,동작구,37.5045183023461,126.94612888962,https://eatssu-bucket.s3.ap-northeast-2.amazonaws.com/goodPriceStoreImg/12439e5a-a42c-41c9-8307-45d0471fbc1f.png,,
1112,KOREAN,정선메밀고을,"비빔
막국수",7000.0,서울특별시 동작구 양녕로26길 63 2층,동작구,37.4957803921073,126.943715072218,https://eatssu-bucket.s3.ap-northeast-2.amazonaws.com/goodPriceStoreImg/d782f872-9974-4b98-8802-cbdb32b33a59.jpg,https://eatssu-bucket.s3.ap-northeast-2.amazonaws.com/goodPriceStoreImg/777f48aa-1b80-4c9e-be22-cc5fdd262063.jpg,
1113,KOREAN,정식당,제육덮밥,8000.0,서울특별시 동작구 흑석로 85-9 (흑석동) .,동작구,37.5075973693228,126.959345477855,https://eatssu-bucket.s3.ap-northeast-2.amazonaws.com/goodPriceStoreImg/37163f68-54f4-48b2-b4c1-966ba04c1a84.jpeg,,
1114,KOREAN,족발슈퍼 상도점,칼국수,4000.0,서울특별시 동작구 상도로 296-2 .,동작구,37.5011765524644,126.948946135113,https://eatssu-bucket.s3.ap-northeast-2.amazonaws.com/goodPriceStoreImg/d248443a-776d-4dac-8108-9d9543044d89.png,,
1115,KOREAN,종로곱창,-,,서울특별시 동작구 상도로22길 34 (상도동) 1층,동작구,37.5018358034079,126.937141895729,https://eatssu-bucket.s3.ap-northeast-2.amazonaws.com/goodPriceStoreImg/81419871-946b-4178-95f4-7969d4647c27.jpg,,
1116,KOREAN,준우식당,백반,8000.0,서울특별시 동작구 등용로 93 1층(대방동),동작구,37.5094484261479,126.931992001799,https://eatssu-bucket.s3.ap-northeast-2.amazonaws.com/goodPriceStoreImg/13c1097c-2d62-4837-aa9d-b02d0561bb2d.jpg,,
1117,KOREAN,준호네즉석떡볶이본점,즉석떡볶이,5900.0,서울특별시 동작구 흑석로 83-1 지층(흑석동),동작구,37.5072480440976,126.958809118302,https://eatssu-bucket.s3.ap-northeast-2.amazonaws.com/goodPriceStoreImg/c80041ba-6dc8-452e-87ef-8b55bbdbe63f.png,,
1118,JAPANESE,진수산,"초밥(활어,12pcs)",15000.0,서울특별시 동작구 사당로16가길 12 (사당동),동작구,37.4830818405106,126.972693772284,https://eatssu-bucket.s3.ap-northeast-2.amazonaws.com/goodPriceStoreImg/f3a517ec-f0a1-4a2c-8e8e-f0c598cab5b0.jpg,https://eatssu-bucket.s3.ap-northeast-2.amazonaws.com/goodPriceStoreImg/c980013e-2ae2-4ae3-a5cd-012f6fb748c5.jpg,
1119,KOREAN,짱오기네,떡볶이,4000.0,서울특별시 동작구 사당로14길 10 (사당동) 102호,동작구,37.483633782229,126.971856890819,https://eatssu-bucket.s3.ap-northeast-2.amazonaws.com/goodPriceStoreImg/bac414f9-f0bc-435d-8e9c-968b66be8de9.jpeg,,
1120,KOREAN,쭈꾸미술관,-,,서울특별시 동작구 사당로14길 13 (사당동) 1층,동작구,37.4834515345434,126.971967762555,https://eatssu-bucket.s3.ap-northeast-2.amazonaws.com/goodPriceStoreImg/261b4445-8571-4975-b03d-744989904548.jpg,,
1121,KOREAN,찐떡분식,떡볶이,4000.0,서울특별시 동작구 사당로14길 11 (사당동) 101호,동작구,37.483517868433,126.972050727314,https://eatssu-bucket.s3.ap-northeast-2.amazonaws.com/goodPriceStoreImg/0c44bc0d-2a46-482d-a846-da34b90dba8d.jpeg,,
1122,KOREAN,찬도락,오삼불고기,9000.0,서울특별시 동작구 보라매로 83 (신대방동),동작구,37.4966586765235,126.927339768223,https://eatssu-bucket.s3.ap-northeast-2.amazonaws.com/goodPriceStoreImg/eae30399-97bb-4432-9f0c-563dcd91f412.jpg,https://eatssu-bucket.s3.ap-northeast-2.amazonaws.com/goodPriceStoreImg/e30a882d-8973-49cc-a5bf-6dcb1d1efbf2.jpg,
1123,KOREAN,참숯 생고기촌,-,,서울특별시 동작구 동작대로7길 31 (사당동) 1층,동작구,37.4791812661917,126.980314299355,https://eatssu-bucket.s3.ap-northeast-2.amazonaws.com/goodPriceStoreImg/d9f33135-5393-4371-a4b9-ad58109dd2be.jpg,https://eatssu-bucket.s3.ap-northeast-2.amazonaws.com/goodPriceStoreImg/4cf20abe-90ee-425e-8e01-f06573a587bc.jpeg,https://eatssu-bucket.s3.ap-northeast-2.amazonaws.com/goodPriceStoreImg/91aa34e3-f78d-4b83-8356-ad76028a36ba.jpeg
1124,ETC,초록상어,-,,서울특별시 동작구 상도로26길 14 (상도동) 1층,동작구,37.5038309780692,126.938661582133,https://eatssu-bucket.s3.ap-northeast-2.amazonaws.com/goodPriceStoreImg/f0daa84d-8118-4303-8458-dfb962e155da.jpg,https://eatssu-bucket.s3.ap-northeast-2.amazonaws.com/goodPriceStoreImg/decd3a91-fbf3-43af-a199-3f6621a88418.jpeg,https://eatssu-bucket.s3.ap-northeast-2.amazonaws.com/goodPriceStoreImg/3bb00f32-7e5d-4d2b-b33e-8ebe49c7e73b.jpeg
1125,ETC,커피바이핸즈,아메리카노,3500.0,서울특별시 동작구 상도로47길 22 (상도동) 1층,동작구,37.5001414771671,126.951954237532,https://eatssu-bucket.s3.ap-northeast-2.amazonaws.com/goodPriceStoreImg/58f5ae7a-44c5-4271-9a62-f417a6e13cb6.jpg,,
1126,KOREAN,코코스 중앙식당,백반,6000.0,서울특별시 동작구 흑석로 24,동작구,37.5048578584376,126.953244252537,https://eatssu-bucket.s3.ap-northeast-2.amazonaws.com/goodPriceStoreImg/4f974ff8-7f1a-4fec-a9e8-cbe14584cf9d.jpg,https://eatssu-bucket.s3.ap-northeast-2.amazonaws.com/goodPriceStoreImg/e9b9da10-b295-467e-8127-1c0635554908.jpg,https://eatssu-bucket.s3.ap-northeast-2.amazonaws.com/goodPriceStoreImg/4dc66ff5-0310-4784-bdf5-b6defc07b567.jpg
1127,KOREAN,큰손갈비,된장찌개,6000.0,서울특별시 동작구 장승배기로27길 7,동작구,37.5116950809166,126.93961904713,https://eatssu-bucket.s3.ap-northeast-2.amazonaws.com/goodPriceStoreImg/852bff30-b7d9-4123-994e-af1443c769b1.jpg,,
1128,CHINESE,타이판,-,,"서울특별시 동작구 상도로30길 40 (상도동, 상도2차두산위브트레지움아파트) 1층 107호",동작구,37.5043182643342,126.942466980966,https://eatssu-bucket.s3.ap-northeast-2.amazonaws.com/goodPriceStoreImg/b72775c5-2ed0-4b19-b0bf-646b971573cd.jpg,https://eatssu-bucket.s3.ap-northeast-2.amazonaws.com/goodPriceStoreImg/c182b49d-13c6-49b5-8914-12bc3f8dfdf9.jpeg,https://eatssu-bucket.s3.ap-northeast-2.amazonaws.com/goodPriceStoreImg/9bfffb86-65f9-4a3a-9473-831bd8af75ff.jpeg
1129,KOREAN,통큰포차,-,,서울특별시 동작구 사당로16가길 10 (사당동) 1층,동작구,37.4830286367495,126.97289289741,https://eatssu-bucket.s3.ap-northeast-2.amazonaws.com/goodPriceStoreImg/48a6891b-1bfd-4012-9132-f4de6e1654b0.jpg,,
1130,ETC,퍼홍,볶음쌀국수,10000.0,"서울특별시 동작구 상도로30길 40 (상도동, 상도2차두산위브트레지움아파트) 1층 103호",동작구,37.5043182643342,126.942466980966,https://eatssu-bucket.s3.ap-northeast-2.amazonaws.com/goodPriceStoreImg/ae2e6a18-a827-43d1-95c0-8480d42decf4.jpg,https://eatssu-bucket.s3.ap-northeast-2.amazonaws.com/goodPriceStoreImg/460df389-f3d2-4f56-9a42-dd2111abc2ca.jpeg,
1131,KOREAN,포항물회,회덮밥,11000.0,서울특별시 동작구 서달로14가길19 1층 1호,동작구,37.5070833284348,126.962848699086,https://eatssu-bucket.s3.ap-northeast-2.amazonaws.com/goodPriceStoreImg/837fbb99-dc64-4f09-812a-4b74b1c89343.png,,
1132,KOREAN,풀향기 칼국수,비빔밥,7000.0,서울특별시 동작구 보라매로 73,동작구,37.4958804032825,126.927366079096,https://eatssu-bucket.s3.ap-northeast-2.amazonaws.com/goodPriceStoreImg/669dfabe-781e-40ae-8ba4-fbd6512474a5.jpg,,
1133,KOREAN,풍미원,오리주물럭,40000.0,서울특별시 동작구 사당동 324-17,동작구,37.4837730271195,126.976127535647,https://eatssu-bucket.s3.ap-northeast-2.amazonaws.com/goodPriceStoreImg/6a3ad876-19e3-4caf-990f-08bb2413f1c9.jpg,https://eatssu-bucket.s3.ap-northeast-2.amazonaws.com/goodPriceStoreImg/0ae3f66d-bbc2-49ba-8139-31991a56efb5.jpg,https://eatssu-bucket.s3.ap-northeast-2.amazonaws.com/goodPriceStoreImg/2ca45249-8f8a-4484-aa1c-d03b6fff4e73.jpg
1134,KOREAN,하꼬멘,돈코츠멘,8000.0,서울특별시 동작구 흑석로9길 15 (흑석동) .,동작구,37.507694643771,126.959246574635,https://eatssu-bucket.s3.ap-northeast-2.amazonaws.com/goodPriceStoreImg/43db192d-85bf-46ce-aab3-809284c620bb.jpeg,,
1135,KOREAN,학교종이 땡땡땡,김치고기덮밥,7500.0,서울특별시 동작구 흑석로13마길 65-9 (흑석동) .,동작구,37.5076040669017,126.959171637857,https://eatssu-bucket.s3.ap-northeast-2.amazonaws.com/goodPriceStoreImg/da9bee8b-9d0e-4678-949a-de82061121d7.jpeg,,
1136,KOREAN,한식뷔페식당,백반,8000.0,서울특별시 동작구 여의대방로24길 97,동작구,37.4990123600908,126.925435798068,https://eatssu-bucket.s3.ap-northeast-2.amazonaws.com/goodPriceStoreImg/0923ecbd-f5b8-4438-bf57-508d7d2af70f.png,,
1137,KOREAN,함지박,우렁강된장(쌈밥),10000.0,서울특별시 동작구 상도로37길 68-1 (상도동) 1층,동작구,37.4981916915481,126.952602909175,https://eatssu-bucket.s3.ap-northeast-2.amazonaws.com/goodPriceStoreImg/ad0e007c-26b6-4383-92e9-4d4071afcea1.png,,
1138,KOREAN,호순네집,김치찌개,7000.0,서울특별시 동작구 등용로 107 1층(대방동),동작구,37.5107065351472,126.93189901847,https://eatssu-bucket.s3.ap-northeast-2.amazonaws.com/goodPriceStoreImg/5d27ee51-5e0a-455d-b056-400f0cae1ad3.jpg,,
1139,KOREAN,호이네,닭강정,5000.0,서울특별시 동작구 신대방길 71 (신대방동) 1층,동작구,37.4890512723188,126.909792088867,https://eatssu-bucket.s3.ap-northeast-2.amazonaws.com/goodPriceStoreImg/ed598370-c244-4bbc-82c5-34125418a7f3.jpg,,
1140,KOREAN,호프왕노가리,-,,서울특별시 동작구 상도로22길 44 (상도동) 1층,동작구,37.5014864126722,126.937178151835,https://eatssu-bucket.s3.ap-northeast-2.amazonaws.com/goodPriceStoreImg/599f6ffe-941f-499a-89b3-9ef731bb7758.jpg,,
1141,KOREAN,홍가네 양평해장국,해장국,10000.0,서울특별시 동작구 사당로17나길 2 (사당동) 1층,동작구,37.4840111951286,126.973326035611,https://eatssu-bucket.s3.ap-northeast-2.amazonaws.com/goodPriceStoreImg/81a0493d-0aea-435f-b74e-bfc83101bf96.jpg,,
1142,KOREAN,화풍정,시래기밥,8000.0,서울특별시 동작구 상도로 102 (상도동) 성대전통시장 2층,동작구,37.4999426964441,126.931776254273,https://eatssu-bucket.s3.ap-northeast-2.amazonaws.com/goodPriceStoreImg/da3941a2-7f2e-45a6-af3c-e47aa59b442d.jpg,https://eatssu-bucket.s3.ap-northeast-2.amazonaws.com/goodPriceStoreImg/ad2db422-a00f-4fa4-916c-f4b84fa074e5.jpg,https://eatssu-bucket.s3.ap-northeast-2.amazonaws.com/goodPriceStoreImg/209c1cd8-cd1b-4062-8be1-ad90dee5b551.jpg
1143,KOREAN,황금오리,오리훈제,50000.0,서울특별시 동작구 신대방길 112-2 -,동작구,37.4904424766943,126.908566490181,https://eatssu-bucket.s3.ap-northeast-2.amazonaws.com/goodPriceStoreImg/c5b80b89-57f2-4ff4-a89b-c7107849e779.jpg,,
1144,KOREAN,황새골손칼국수,닭한마리,24000.0,서울특별시 동작구 상도로37길 74 (상도동) .,동작구,37.4979307591584,126.952825628307,https://eatssu-bucket.s3.ap-northeast-2.amazonaws.com/goodPriceStoreImg/65b0f65d-4e92-4e20-a1d8-59150db9ea0f.png,,
1145,KOREAN,황토정,돼지갈비(250g),15000.0,서울특별시 동작구 서달로13길 5-23 (흑석동),동작구,37.5077037178759,126.961866899112,https://eatssu-bucket.s3.ap-northeast-2.amazonaws.com/goodPriceStoreImg/325a356a-32c2-4bc3-bf7b-8c4ba41b4e03.jpg,,
1146,KOREAN,1900원 김밥,김밥,1900.0,서울특별시 관악구 신림로 153 (신림동) 1층,관악구,37.4727043443441,126.932916694759,,,
1147,KOREAN,감센,제육덮밥,8000.0,서울특별시 관악구 봉천로14길 27 (신림동) 1층,관악구,37.4869977463425,126.930534194841,https://eatssu-bucket.s3.ap-northeast-2.amazonaws.com/goodPriceStoreImg/36e15ba9-8565-460c-85db-82e641ffba61.jpg,,
1148,KOREAN,감쪽같이,뼈해장국,8000.0,서울특별시 관악구 조원로16길 33 101호(신림동),관악구,37.4827014482824,126.911379220656,https://eatssu-bucket.s3.ap-northeast-2.amazonaws.com/goodPriceStoreImg/d1301e2a-1b4d-4bb5-af31-b22e0ec5d423.jpg,https://eatssu-bucket.s3.ap-northeast-2.amazonaws.com/goodPriceStoreImg/d61831a2-2bbe-4e32-a242-39d05ac1b533.jpg,
1149,KOREAN,갯벌철판낙지,낙지덮밥,10000.0,서울특별시 관악구 봉천로 596 (봉천동),관악구,37.4761931967303,126.963440682682,,,
1150,KOREAN,거북이분식,튀김(5개),2000.0,서울특별시 관악구 난곡로 87 거북이분식,관악구,37.4632673198827,126.918814496453,https://eatssu-bucket.s3.ap-northeast-2.amazonaws.com/goodPriceStoreImg/fd27b897-d93e-4105-ab03-80168a1188cc.jpg,,
1151,KOREAN,건호네집,백반,8000.0,서울특별시 관악구 청림6길 18 (봉천동) 1층,관악구,37.4867679553338,126.959241323906,https://eatssu-bucket.s3.ap-northeast-2.amazonaws.com/goodPriceStoreImg/2dd98d42-3a7c-49f2-adb2-e6100d2db876.jpeg,https://eatssu-bucket.s3.ap-northeast-2.amazonaws.com/goodPriceStoreImg/562053e6-12b6-4af8-a867-a71ad4f1cf71.jpeg,
1152,KOREAN,고가네칼국수,칼국수,7000.0,서울특별시 관악구 남부순환로248길 17 (봉천동) 1층,관악구,37.4752090779357,126.96572572194,https://eatssu-bucket.s3.ap-northeast-2.amazonaws.com/goodPriceStoreImg/14af34f1-915c-4159-8d61-4dbfd0387986.jpg,https://eatssu-bucket.s3.ap-northeast-2.amazonaws.com/goodPriceStoreImg/28e4de9a-1e13-4de9-82d4-e241367b77c7.jpg,
1153,KOREAN,고기한판,소고기(등심),15900.0,서울특별시 관악구 신림로 262,관악구,37.4785126378715,126.932801498321,https://eatssu-bucket.s3.ap-northeast-2.amazonaws.com/goodPriceStoreImg/b946abf7-287c-45ae-98f8-86a2557b9ed4.png,,
1154,KOREAN,고시칼국수,칼국수,5000.0,서울특별시 관악구 신림로18가길 42 (신림동),관악구,37.4724368301981,126.934352983357,https://eatssu-bucket.s3.ap-northeast-2.amazonaws.com/goodPriceStoreImg/ac7942bf-82c3-4e89-a6e6-efa4b6e732fe.jpg,https://eatssu-bucket.s3.ap-northeast-2.amazonaws.com/goodPriceStoreImg/81ba26be-d80b-4d11-9123-53a4848bdf07.jpg,https://eatssu-bucket.s3.ap-northeast-2.amazonaws.com/goodPriceStoreImg/d147118c-e3bc-4c74-bc38-ad29eef75468.jpg
1155,KOREAN,국민우동,김밥,4000.0,서울특별시 관악구 봉천로 601 (봉천동) 1층,관악구,37.4762423753884,126.964270473667,,,
1156,KOREAN,국수가땡긴다,잔치국수,6500.0,서울특별시 관악구 은천로 117 1층,관악구,37.4868991368563,126.948394234809,https://eatssu-bucket.s3.ap-northeast-2.amazonaws.com/goodPriceStoreImg/48575766-b52c-4261-b871-53d43c0348cb.jpg,https://eatssu-bucket.s3.ap-northeast-2.amazonaws.com/goodPriceStoreImg/86bf608c-f34d-40ef-b1fe-57eec62df111.jpg,
1157,KOREAN,국수당,잔치국수,5500.0,서울특별시 관악구 남부순환로 1881 (봉천동),관악구,37.4792717380646,126.958706785697,,,
1158,KOREAN,국수회관,칼국수,7000.0,서울특별시 관악구 신림로 277 (신림동),관악구,37.4792616009636,126.931002295576,https://eatssu-bucket.s3.ap-northeast-2.amazonaws.com/goodPriceStoreImg/0512fc14-4a9b-4a05-946b-00e24397949f.jpg,https://eatssu-bucket.s3.ap-northeast-2.amazonaws.com/goodPriceStoreImg/2cd6a65f-6922-462a-9aa8-605eaf2781e0.jpg,https://eatssu-bucket.s3.ap-northeast-2.amazonaws.com/goodPriceStoreImg/945478a5-7ecd-4ef1-9568-192cc5193222.jpg
1159,ETC,굿띵커피,아메리카노,2500.0,서울특별시 관악구 조원로4길 37 (신림동),관악구,37.4820184327171,126.905387263824,https://eatssu-bucket.s3.ap-northeast-2.amazonaws.com/goodPriceStoreImg/2104ebe4-ae78-45bc-8f06-7cfcb4f33b3c.png,,
1160,KOREAN,길목김밥,김밥,2000.0,서울특별시 관악구 미성길 4 (신림동),관악구,37.4748158874832,126.916549904581,https://eatssu-bucket.s3.ap-northeast-2.amazonaws.com/goodPriceStoreImg/92f731b3-83c6-4b07-938b-48123e5c0d10.jpg,https://eatssu-bucket.s3.ap-northeast-2.amazonaws.com/goodPriceStoreImg/6ca8893d-4863-4b27-b071-13c3b457df4d.jpg,
1161,KOREAN,난곡덮밥과김밥,김밥,3500.0,서울특별시 관악구 난곡로35길 3 난곡덮밥과김밥,관악구,37.4727737734194,126.918652843305,https://eatssu-bucket.s3.ap-northeast-2.amazonaws.com/goodPriceStoreImg/a7829954-24cc-408a-b155-284fcaafbef4.png,,
1162,KOREAN,내친구김밥본점,김밥,3000.0,서울특별시 관악구 호암로22길 81 (신림동),관악구,37.4686003890934,126.937286394337,https://eatssu-bucket.s3.ap-northeast-2.amazonaws.com/goodPriceStoreImg/83bb3b1a-a83c-448e-909b-240622c2e867.jpg,https://eatssu-bucket.s3.ap-northeast-2.amazonaws.com/goodPriceStoreImg/f2a7cfd3-9645-4050-ae13-53c9c43118d1.jpg,
1163,ETC,네모네모,아메리카노,3000.0,서울특별시 관악구 낙성대로3길 33-14 1층,관악구,37.4738474879657,126.96057735934,https://eatssu-bucket.s3.ap-northeast-2.amazonaws.com/goodPriceStoreImg/0d2248be-d0db-45b0-a1b2-c6d133f5d07f.png,,
1164,ETC,네이밍카페커피GO!#1,아메리카노,2900.0,서울특별시 관악구 난곡로 317 (신림동),관악구,37.4823160470791,126.91425577063,https://eatssu-bucket.s3.ap-northeast-2.amazonaws.com/goodPriceStoreImg/cb1484fe-e7aa-46f0-af98-5ddd453bde02.png,,
1165,JAPANESE,눈꽃초밥,눈초밥,8000.0,서울특별시 관악구 법원단지길 38 (신림동),관악구,37.4742868513626,126.919724281979,https://eatssu-bucket.s3.ap-northeast-2.amazonaws.com/goodPriceStoreImg/18813b50-a056-4c45-85f5-4d892b33bf7f.jpg,,
1166,KOREAN,늘콩 서울대점,전주비빔밥,7000.0,서울특별시 관악구 관악로 199 늘콩 서울대점,관악구,37.4830752493665,126.953587750655,https://eatssu-bucket.s3.ap-northeast-2.amazonaws.com/goodPriceStoreImg/3be368b1-6a32-4f84-b6e0-99312a37e941.jpg,https://eatssu-bucket.s3.ap-northeast-2.amazonaws.com/goodPriceStoreImg/1b8f300e-5843-453a-8bb7-3f7a9070367c.jpg,
1167,KOREAN,다리목,김치찌개,8000.0,서울특별시 관악구 신림로58가길 7 (신림동),관악구,37.4821470112564,126.931035483269,https://eatssu-bucket.s3.ap-northeast-2.amazonaws.com/goodPriceStoreImg/6dbc247c-5bd8-471e-9f48-1986615c6c2f.jpg,https://eatssu-bucket.s3.ap-northeast-2.amazonaws.com/goodPriceStoreImg/eafe14e7-cfcb-41c5-92bf-0cc510aceb94.jpg,https://eatssu-bucket.s3.ap-northeast-2.amazonaws.com/goodPriceStoreImg/20ce9806-1ee7-4d96-8927-0f87528c4a23.jpg
1168,WESTERN,다부찌,부대찌개,9000.0,서울특별시 관악구 호암로24길 43 다부찌,관악구,37.4695659281209,126.935640349144,https://eatssu-bucket.s3.ap-northeast-2.amazonaws.com/goodPriceStoreImg/939b4808-8ea5-4df0-b120-94f6057db0fa.jpg,https://eatssu-bucket.s3.ap-northeast-2.amazonaws.com/goodPriceStoreImg/24b7703b-d576-48dc-ab72-79fb0367fcdc.jpg,
1169,KOREAN,대가왕돈카츠,왕돈까스,9000.0,서울특별시 관악구 호암로22길 69 신국고시원,관악구,37.4686588903793,126.936658847251,https://eatssu-bucket.s3.ap-northeast-2.amazonaws.com/goodPriceStoreImg/0a23a24f-6e2c-473d-b9ab-1ea4243c4360.png,,
1170,KOREAN,돈나라,한식뷔페,8000.0,서울특별시 관악구 청림길 2 (봉천동),관악구,37.4880450240089,126.958408197026,https://eatssu-bucket.s3.ap-northeast-2.amazonaws.com/goodPriceStoreImg/0bcba694-d1b7-416b-8330-2d5db69128cc.jpg,,
1171,KOREAN,돈벼락삼겹살,생삼겹살(200g),16000.0,서울특별시 관악구 난곡로 341 (신림동) -,관악구,37.4844445006364,126.913762518137,https://eatssu-bucket.s3.ap-northeast-2.amazonaws.com/goodPriceStoreImg/caaaf31e-5165-475f-afba-3840f6f1bf8b.jpg,https://eatssu-bucket.s3.ap-northeast-2.amazonaws.com/goodPriceStoreImg/58e8dd6f-b837-47ff-bcb3-e8837c2464d3.jpg,https://eatssu-bucket.s3.ap-northeast-2.amazonaws.com/goodPriceStoreImg/96198ba0-fd43-428e-a8d6-5757cbbd4f91.jpg
1172,CHINESE,동화반점,짜장면,6000.0,서울특별시 관악구 관악로 268 동화반점,관악구,37.4879253230576,126.958274612985,https://eatssu-bucket.s3.ap-northeast-2.amazonaws.com/goodPriceStoreImg/0cb35989-7dc8-4de1-9ea3-2f17d16071f5.jpg,,
1173,KOREAN,두꺼비정육식당,삼겹살(200g),14000.0,서울특별시 관악구 난곡로24길 12 (신림동),관악구,37.4695687426033,126.920570259945,,,
1174,KOREAN,등촌샤브칼국수 신림점,얼큰버섯칼국수,10000.0,서울특별시 관악구 신림로 309 (신림동),관악구,37.4820077948762,126.929642229259,,,
1175,ETC,라빈느,아메리카노,2000.0,서울특별시 관악구 신림로17길 57 (신림동),관악구,37.4682228425064,126.936400349631,,,
1176,KOREAN,레커훈스,치킨반마리(포장),6500.0,서울특별시 관악구 호암로22길 51 (신림동),관악구,37.4687862780246,126.935630165472,https://eatssu-bucket.s3.ap-northeast-2.amazonaws.com/goodPriceStoreImg/02b60ab5-0313-4f1f-a811-ddfd6b2e88b8.jpg,,
1177,KOREAN,마늘오리,생삼겹살,15000.0,서울특별시 관악구 신림로66길 10 (신림동) 2층,관악구,37.4853074720651,126.930256935549,https://eatssu-bucket.s3.ap-northeast-2.amazonaws.com/goodPriceStoreImg/36c973ba-3bda-45bf-8c1a-8da6001006cb.jpg,https://eatssu-bucket.s3.ap-northeast-2.amazonaws.com/goodPriceStoreImg/bc293dde-8b48-4ce8-9d78-9d68ebbbc774.jpg,https://eatssu-bucket.s3.ap-northeast-2.amazonaws.com/goodPriceStoreImg/cb9b4e00-e657-4ae4-a04a-12bc464b181e.jpg
1178,KOREAN,만나칼국수,칼국수,7000.0,"서울특별시 관악구 봉천로7길 23 (봉천동, 주흥빌딩)",관악구,37.4905215967602,126.926383555551,https://eatssu-bucket.s3.ap-northeast-2.amazonaws.com/goodPriceStoreImg/84a30da4-c677-4eab-870a-5d13ed15b578.jpg,https://eatssu-bucket.s3.ap-northeast-2.amazonaws.com/goodPriceStoreImg/da7ba94a-9f8e-4f72-a4e7-052776206356.jpg,https://eatssu-bucket.s3.ap-northeast-2.amazonaws.com/goodPriceStoreImg/96d31ae7-eaa6-4ab0-8afd-ff7aa3b6b1b7.jpg
1179,CHINESE,만리향,짬뽕,7000.0,서울특별시 관악구 은천로41길 20 (봉천동),관악구,37.4866419380685,126.9553464882,https://eatssu-bucket.s3.ap-northeast-2.amazonaws.com/goodPriceStoreImg/7875e5e8-a297-4523-9014-80ac51dee2d9.jpg,https://eatssu-bucket.s3.ap-northeast-2.amazonaws.com/goodPriceStoreImg/b170f373-16a9-46e6-aa5b-71a8780fa995.jpg,https://eatssu-bucket.s3.ap-northeast-2.amazonaws.com/goodPriceStoreImg/c70cfc30-0810-4e0f-950d-cca9bef5154a.jpg
1180,KOREAN,맛밥김밥전문점,김치볶음밥,7000.0,서울특별시 관악구 남부순환로 1740 (봉천동),관악구,37.4819000975612,126.943337342715,https://eatssu-bucket.s3.ap-northeast-2.amazonaws.com/goodPriceStoreImg/491eb2e6-59c1-49e0-b856-850a53a32426.jpg,https://eatssu-bucket.s3.ap-northeast-2.amazonaws.com/goodPriceStoreImg/4ac35ad4-280e-47d2-bfdc-611059bf7f8c.jpg,
1181,WESTERN,맛있구마피자,콤비네이션L,19000.0,서울특별시 관악구 봉천로 612 맛있구마피자,관악구,37.4756202607874,126.964981420174,https://eatssu-bucket.s3.ap-northeast-2.amazonaws.com/goodPriceStoreImg/1cdbc1f8-f281-4bf5-bd18-0164c5e1204e.jpg,,
1182,KOREAN,먹깨비김밥만두,떡볶이,2500.0,서울특별시 관악구 난곡로 358 (신림동) -,관악구,37.4859041696085,126.913935191709,https://eatssu-bucket.s3.ap-northeast-2.amazonaws.com/goodPriceStoreImg/73ab8e0a-bd19-4d34-8758-026a98019d7f.jpg,https://eatssu-bucket.s3.ap-northeast-2.amazonaws.com/goodPriceStoreImg/d6236307-6ce8-47f6-b874-d88cb83a80ce.jpg,
1183,KOREAN,멸치국수집,멸치국수,6000.0,서울특별시 관악구 과천대로 951 (남현동),관악구,37.4755280988508,126.981275188365,https://eatssu-bucket.s3.ap-northeast-2.amazonaws.com/goodPriceStoreImg/a2e37f5b-e976-4dcc-84d0-3145d083f35b.jpeg,https://eatssu-bucket.s3.ap-northeast-2.amazonaws.com/goodPriceStoreImg/40dfad5f-f80f-4407-92bc-18c6905998b0.jpeg,https://eatssu-bucket.s3.ap-northeast-2.amazonaws.com/goodPriceStoreImg/60b9d5f8-ee77-4d1e-aaac-a2b0b5a0c934.jpeg
1184,KOREAN,모락미반,추어탕,10000.0,서울특별시 관악구 관악로 211 A동 1층 3호,관악구,37.4841859042134,126.954466715324,https://eatssu-bucket.s3.ap-northeast-2.amazonaws.com/goodPriceStoreImg/f9c9d1d0-7670-4c10-a7c4-56bf54e5f921.jpg,https://eatssu-bucket.s3.ap-northeast-2.amazonaws.com/goodPriceStoreImg/3d203ba1-fb6e-4d53-9919-cf37e95097bf.jpg,
1185,KOREAN,목우촌부추삼겹살,삽겹살,13000.0,서울특별시 관악구 남현1길 68-10 (남현동),관악구,37.475339578085,126.981089942431,https://eatssu-bucket.s3.ap-northeast-2.amazonaws.com/goodPriceStoreImg/5fe21853-fccc-41f6-a417-c169c94a7df8.jpg,https://eatssu-bucket.s3.ap-northeast-2.amazonaws.com/goodPriceStoreImg/32af9e78-8a95-4d99-8cd8-5cfaa2b932f5.jpg,https://eatssu-bucket.s3.ap-northeast-2.amazonaws.com/goodPriceStoreImg/00603d91-13d3-4d63-9409-15a648c39f54.jpg
1186,KOREAN,미림분식,즉석떡볶이,5000.0,서울특별시 관악구 호암로 553,관악구,37.4670743790165,126.931346513518,https://eatssu-bucket.s3.ap-northeast-2.amazonaws.com/goodPriceStoreImg/0348c9a3-1978-4360-8690-83c8ce048b60.png,,
1187,KOREAN,미미육,주먹고기(목살 200g),14000.0,"서울특별시 관악구 봉천로 435 (봉천동, 신봉마을)",관악구,37.482841046811,126.948306009688,,,
1188,BAKERY,미인브레드 호암로점,단팥빵,1200.0,서울특별시 관악구 호암로26길 7 (신림동),관악구,37.4709226389593,126.934113067896,https://eatssu-bucket.s3.ap-northeast-2.amazonaws.com/goodPriceStoreImg/fc64851c-1daf-4fd5-9963-92a982d0b2c0.jpg,https://eatssu-bucket.s3.ap-northeast-2.amazonaws.com/goodPriceStoreImg/a943b9b2-07f5-4e3a-a175-220a1a87a442.jpg,
1189,KOREAN,바르닭치킨,옛날통닭(1마리),9000.0,서울특별시 관악구 관악로24길 37 (봉천동),관악구,37.4846584022175,126.956402013712,https://eatssu-bucket.s3.ap-northeast-2.amazonaws.com/goodPriceStoreImg/ddded675-cba0-47a1-a075-5b050bd7b3ad.png,,
1190,ETC,바른꽈배기,찹쌀꽈배기(3개),2500.0,서울특별시 관악구 은천로 92 103호(봉천동),관악구,37.4867772255744,126.945377054435,https://eatssu-bucket.s3.ap-northeast-2.amazonaws.com/goodPriceStoreImg/6ea6fcf3-8f2c-4adc-b14a-8d45422a555f.jpg,https://eatssu-bucket.s3.ap-northeast-2.amazonaws.com/goodPriceStoreImg/a2a3063a-09a5-4340-b01c-7ce282efab63.jpg,
1191,KOREAN,배할머니네 파절이 삼겹살,김치찌개,6000.0,서울특별시 관악구 봉천로 594-1 배할머니네 파절이 삼겹살,관악구,37.4762438836574,126.963311889703,https://eatssu-bucket.s3.ap-northeast-2.amazonaws.com/goodPriceStoreImg/397b0574-e80c-47b6-b153-47220b9a7913.jpg,https://eatssu-bucket.s3.ap-northeast-2.amazonaws.com/goodPriceStoreImg/8f70cafb-0ae5-42b2-84f8-79e6040d613b.jpg,
1192,KOREAN,백가집,김치찌개,6000.0,서울특별시 관악구 호암로24길 11 (신림동) 오성빌딩 1층,관악구,37.4700189935324,126.933912302835,,,
1193,JAPANESE,벌소,등심돈가스덮밥,10000.0,서울특별시 관악구 솔밭로 11-1 (봉천동) 1층,관악구,37.4786684549832,126.962878372661,https://eatssu-bucket.s3.ap-northeast-2.amazonaws.com/goodPriceStoreImg/8cfcd792-8a2c-4d3a-bae8-c793d14e368f.jpg,https://eatssu-bucket.s3.ap-northeast-2.amazonaws.com/goodPriceStoreImg/56d840b7-7ec1-4372-b371-af08a44841d6.jpg,
1194,KOREAN,보라매칼국수,오징어덮밥,9000.0,"서울특별시 관악구 보라매로3길 29 (봉천동, 해태보라매타워)",관악구,37.4912113425285,126.924990343437,,,
1195,KOREAN,복숙이순대국,순대국,9000.0,서울특별시 관악구 남부순환로 1647 (신림동),관악구,37.4849926982048,126.933768410023,https://eatssu-bucket.s3.ap-northeast-2.amazonaws.com/goodPriceStoreImg/81e4e4a1-3dd3-48f3-a20e-59d3a3258161.jpg,https://eatssu-bucket.s3.ap-northeast-2.amazonaws.com/goodPriceStoreImg/ed2a1df0-bb21-487b-92c2-c1512927159b.jpg,https://eatssu-bucket.s3.ap-northeast-2.amazonaws.com/goodPriceStoreImg/95dba770-7b33-47aa-a077-99c9ddcdad55.jpg
1196,KOREAN,봄날햇살,닭갈비,11000.0,서울특별시 관악구 신림동7길 46 (신림동) 우영빌딩 1층,관악구,37.4850065001339,126.926628443209,,,
1197,KOREAN,봉천동식당 병천순대국,순대국,8000.0,서울특별시 관악구 인헌4길 15 (봉천동),관악구,37.474646558485,126.965971865622,https://eatssu-bucket.s3.ap-northeast-2.amazonaws.com/goodPriceStoreImg/aafa343a-6786-41b9-a71c-824facca6827.jpg,https://eatssu-bucket.s3.ap-northeast-2.amazonaws.com/goodPriceStoreImg/07e7f758-d720-4453-9e88-be0ee0707804.jpg,
1198,KOREAN,부영식당,된장찌개,8000.0,서울특별시 관악구 난곡로65길 10 (신림동) 1층,관악구,37.4824240571509,126.913608700187,https://eatssu-bucket.s3.ap-northeast-2.amazonaws.com/goodPriceStoreImg/fcdaa916-7e11-4767-9184-2c55bb6724a0.jpg,,
1199,KOREAN,비타김밥,멸치국수,5000.0,서울특별시 관악구 신림동7길 51 (신림동),관악구,37.4848553151336,126.926925956652,https://eatssu-bucket.s3.ap-northeast-2.amazonaws.com/goodPriceStoreImg/a55f9c7f-b591-42af-bc26-21e7926c94cc.jpeg,,
1200,WESTERN,사담,브런치플레이트,15000.0,서울특별시 관악구 남부순환로 1852 (봉천동) 5층,관악구,37.479887345745,126.95558273167,,,
1201,KOREAN,산마루해장탕,백반,8000.0,서울특별시 관악구 조원중앙로2길 116 (신림동) 1층,관악구,37.481806344004,126.911202770241,https://eatssu-bucket.s3.ap-northeast-2.amazonaws.com/goodPriceStoreImg/caa77646-aaab-4495-8f50-a8119885aab4.jpg,,
1202,KOREAN,산야로,떡만두국,9000.0,서울특별시 관악구 관악로 111 1층,관악구,37.4750032782962,126.952431360159,https://eatssu-bucket.s3.ap-northeast-2.amazonaws.com/goodPriceStoreImg/fe1f8540-a319-479f-a479-d0c92c220f8b.png,,
1203,KOREAN,삽교곱창,생삼겹살(200g),16000.0,서울특별시 관악구 당곡길 65 (봉천동) -,관악구,37.4916156840771,126.927393276689,,,
1204,KOREAN,서울밥집,김치찌개,7900.0,서울특별시 관악구 관천로 36-1 (신림동),관악구,37.4831942527483,126.927570796996,https://eatssu-bucket.s3.ap-northeast-2.amazonaws.com/goodPriceStoreImg/25f5f98d-8175-4d02-a3f3-da3ce3914949.jpg,,
1205,KOREAN,서울밥집 르네상스점,비빔밥,6900.0,서울특별시 관악구 봉천로12길 49 (신림동) -,관악구,37.4864806223175,126.930168216331,,,
1206,KOREAN,서울밥집 봉천점,김치찌개,7900.0,서울특별시 관악구 장군봉1길 45 (봉천동),관악구,37.4817359311495,126.942585377766,https://eatssu-bucket.s3.ap-northeast-2.amazonaws.com/goodPriceStoreImg/d02719e1-66ca-46f6-a129-8a3c5539c723.jpg,https://eatssu-bucket.s3.ap-northeast-2.amazonaws.com/goodPriceStoreImg/9d7331a2-d9c5-45c0-850f-7f8a2393406d.jpg,
1207,KOREAN,서원김밥,참치야채비빔밥,7000.0,서울특별시 관악구 신림로 250 (신림동) 1층,관악구,37.4781784095771,126.933841240986,,,
1208,CHINESE,선짜장,짜장면,6000.0,서울특별시 관악구 신림로 130 선짜장,관악구,37.4715341751044,126.935127012227,https://eatssu-bucket.s3.ap-northeast-2.amazonaws.com/goodPriceStoreImg/700c1d0d-35a2-4e95-8893-3e16197d0aba.jpg,https://eatssu-bucket.s3.ap-northeast-2.amazonaws.com/goodPriceStoreImg/173930f6-ffa6-4e1b-b54d-54e8043f3755.jpg,
1209,CHINESE,성원우육면,우육면,7000.0,서울특별시 관악구 난곡로 343 (신림동),관악구,37.4846536177839,126.913753119394,,,
1210,ETC,솔이네커피볶는집,아메리카노,3500.0,서울특별시 관악구 행운2길 32 (봉천동) 1층,관악구,37.478905980111,126.960708223394,,,
1211,KOREAN,송림정,삼겹살,13000.0,서울특별시 관악구 은천로 36 (봉천동),관악구,37.4860281873598,126.939226784168,https://eatssu-bucket.s3.ap-northeast-2.amazonaws.com/goodPriceStoreImg/30974926-bc3b-4766-9bdf-45f823e761fc.jpg,https://eatssu-bucket.s3.ap-northeast-2.amazonaws.com/goodPriceStoreImg/e1523a9a-aaee-45ce-a0c9-2c49bd9d93db.jpg,https://eatssu-bucket.s3.ap-northeast-2.amazonaws.com/goodPriceStoreImg/dd923932-9809-4ff1-a747-64ecf17dda30.jpg
1212,KOREAN,수자타착한식당,된장찌개,6000.0,서울특별시 관악구 남부순환로143나길 6 (신림동),관악구,37.4826890851505,126.910874406777,https://eatssu-bucket.s3.ap-northeast-2.amazonaws.com/goodPriceStoreImg/ba2d7775-cb7f-4989-9842-da9b3729a89d.jpg,https://eatssu-bucket.s3.ap-northeast-2.amazonaws.com/goodPriceStoreImg/e4c94d4a-b4e3-4484-933d-d909db4d9a83.jpg,https://eatssu-bucket.s3.ap-northeast-2.amazonaws.com/goodPriceStoreImg/5d2cf08c-149f-4d15-8973-98f7135688c1.jpg
1213,KOREAN,수제비손칼국수,칼국수,6000.0,서울 관악구 남부순환로248길 78 1층 105호,관악구,37.4728076303555,126.966088348062,https://eatssu-bucket.s3.ap-northeast-2.amazonaws.com/goodPriceStoreImg/12827e84-de51-461f-8a1d-51864d4787f5.jpg,https://eatssu-bucket.s3.ap-northeast-2.amazonaws.com/goodPriceStoreImg/3804064b-609d-4129-b7e1-921881daa83c.jpg,https://eatssu-bucket.s3.ap-northeast-2.amazonaws.com/goodPriceStoreImg/9406661b-5479-4c16-801c-166b39434648.jpg
1214,KOREAN,시골집,비빔밥,7000.0,서울특별시 관악구 관악로30길 6 (봉천동),관악구,37.4862793054799,126.957610796235,,,
1215,KOREAN,시민식당,김치찌개,7000.0,서울특별시 관악구 남부순환로 1869 1층(봉천동),관악구,37.4798286976066,126.957564468163,https://eatssu-bucket.s3.ap-northeast-2.amazonaws.com/goodPriceStoreImg/52549161-4a49-47a6-b8da-0f3e55c97e68.jpg,https://eatssu-bucket.s3.ap-northeast-2.amazonaws.com/goodPriceStoreImg/32a8d699-65ce-44f5-b3e8-33cf34b2bbbb.jpg,https://eatssu-bucket.s3.ap-northeast-2.amazonaws.com/goodPriceStoreImg/0a562161-c4b3-48dc-9457-c103abbb9b59.jpg
1216,KOREAN,시장탕수육,야채김밥,3000.0,서울특별시 관악구 관천로 19 (신림동) 신원시장 A-68,관악구,37.4817908767576,126.928218754074,https://eatssu-bucket.s3.ap-northeast-2.amazonaws.com/goodPriceStoreImg/3daf04b5-2395-4efb-ab54-2e9ca6bd801b.jpg,,
1217,CHINESE,신대성각,짜장면,6000.0,서울특별시 관악구 호암로22길 76 (신림동),관악구,37.4684626167985,126.936933252936,,,
1218,KOREAN,신림홍미닭발,무뼈닭발,17000.0,서울특별시 관악구 신림로68길 7 (신림동),관악구,37.4865511753391,126.929719265446,https://eatssu-bucket.s3.ap-northeast-2.amazonaws.com/goodPriceStoreImg/ae4851d9-3465-4d14-b0bc-c9f36db84de9.jpg,https://eatssu-bucket.s3.ap-northeast-2.amazonaws.com/goodPriceStoreImg/3f2082d2-018b-4c84-9ecd-6eacab792d99.jpg,
1219,ETC,어느멋진날,아메리카노,3000.0,서울특별시 관악구 신림로11길 67 (신림동),관악구,37.4674698036737,126.938839272955,https://eatssu-bucket.s3.ap-northeast-2.amazonaws.com/goodPriceStoreImg/406d89cd-8d12-407d-a050-12e9679d1fce.jpg,https://eatssu-bucket.s3.ap-northeast-2.amazonaws.com/goodPriceStoreImg/74d80859-75db-495a-ae80-e217f76571c7.jpg,https://eatssu-bucket.s3.ap-northeast-2.amazonaws.com/goodPriceStoreImg/483e45ae-559b-40ec-8e68-e8c53e2fe816.jpg
1220,KOREAN,얼큰수제비해물칼국수,해물수제비,8500.0,서울특별시 관악구 관악로 113 1층,관악구,37.4751998173278,126.952502910709,https://eatssu-bucket.s3.ap-northeast-2.amazonaws.com/goodPriceStoreImg/6973a727-bb09-449d-8cf7-08f0c7f9ea3a.png,,
1221,KOREAN,엄마가,쫄면,5500.0,서울특별시 관악구 신림로 280 1층(신림동),관악구,37.4795832636001,126.931470854766,https://eatssu-bucket.s3.ap-northeast-2.amazonaws.com/goodPriceStoreImg/ec535ba7-631f-45ac-b48a-05907eb11a9c.jpg,https://eatssu-bucket.s3.ap-northeast-2.amazonaws.com/goodPriceStoreImg/3e18715d-4588-47e8-ad68-81af6dfc0147.jpg,
1222,KOREAN,영원참숯갈비,갈비탕,14000.0,서울특별시 관악구 남부순환로181길 34 (신림동),관악구,37.4861135274245,126.93089321509,https://eatssu-bucket.s3.ap-northeast-2.amazonaws.com/goodPriceStoreImg/0268a71d-84a6-46f1-b64d-9e618c309df6.jpg,https://eatssu-bucket.s3.ap-northeast-2.amazonaws.com/goodPriceStoreImg/8a74a8dc-941c-499e-b3b6-3667aff30467.jpg,https://eatssu-bucket.s3.ap-northeast-2.amazonaws.com/goodPriceStoreImg/874216ad-fffb-404f-9c8b-28d053e90a40.jpg
1223,KOREAN,영희네국수집,멸치국수,6000.0,서울특별시 관악구 장군봉2길 18 영희네국수집,관악구,37.4827545881081,126.939293881988,https://eatssu-bucket.s3.ap-northeast-2.amazonaws.com/goodPriceStoreImg/5350e37b-89c3-4398-9529-315d1e97bba2.jpg,https://eatssu-bucket.s3.ap-northeast-2.amazonaws.com/goodPriceStoreImg/0153c911-89f8-4aff-9387-5eef7772858a.jpg,
1224,KOREAN,예가돈까스,로스까스,10500.0,서울특별시 관악구 보라매로 4 (봉천동),관악구,37.4899597205932,126.92797868299,https://eatssu-bucket.s3.ap-northeast-2.amazonaws.com/goodPriceStoreImg/39a6522f-6776-42ac-b104-e7797cab4571.jpg,,
1225,KOREAN,예소담,부대찌개,8500.0,서울특별시 관악구 호암로24길 56 예소담,관악구,37.4693001487135,126.936173237217,https://eatssu-bucket.s3.ap-northeast-2.amazonaws.com/goodPriceStoreImg/21131881-8cf6-45c9-a251-e672667ebe5f.jpg,https://eatssu-bucket.s3.ap-northeast-2.amazonaws.com/goodPriceStoreImg/148f3174-bc48-4c2c-9f99-1099129cc1cf.jpg,
1226,ETC,오제커피,아메리카노,1800.0,서울특별시 관악구 신림로21길 39,관악구,37.468655708931,126.935277133072,https://eatssu-bucket.s3.ap-northeast-2.amazonaws.com/goodPriceStoreImg/3adce654-de9d-4d0e-b0c4-fbd813a7bc6d.jpg,,
1227,KOREAN,우리동네고기집,삼겹살(180g),11800.0,서울특별시 관악구 인헌6길 24,관악구,37.4741312260839,126.965506669825,https://eatssu-bucket.s3.ap-northeast-2.amazonaws.com/goodPriceStoreImg/46ee9a1e-8765-4401-8e98-857ecf2af401.jpg,https://eatssu-bucket.s3.ap-northeast-2.amazonaws.com/goodPriceStoreImg/e9a91e19-4737-4d5e-8a67-23e3af37a772.jpg,
1228,JAPANESE,우마이텐,일본라멘,9000.0,서울특별시 관악구 봉천로 596 (봉천동),관악구,37.4761931967303,126.963440682682,,,
1229,KOREAN,원조소문난순대국집,순대국,9000.0,서울특별시 관악구 남부순환로143길 29 (신림동) 1층,관악구,37.4826160742343,126.910478206356,,,
1230,KOREAN,원조정가네매운갈비찜,삼겹살,15000.0,서울특별시 관악구 남부순환로216길 8 (봉천동),관악구,37.4811462364274,126.948897808933,https://eatssu-bucket.s3.ap-northeast-2.amazonaws.com/goodPriceStoreImg/0af37445-0c5d-4e2e-9446-41daf1794b67.jpg,https://eatssu-bucket.s3.ap-northeast-2.amazonaws.com/goodPriceStoreImg/4896cc58-1733-4baf-8579-954812cb9dbd.jpg,https://eatssu-bucket.s3.ap-northeast-2.amazonaws.com/goodPriceStoreImg/0933d44e-5559-4651-9a10-dfd2c0e53664.jpg
1231,KOREAN,유창숯불갈비,삼겹살,12000.0,"서울특별시 관악구 은천로23길 14 (봉천동,유창빌)",관악구,37.4872600005025,126.948211038667,https://eatssu-bucket.s3.ap-northeast-2.amazonaws.com/goodPriceStoreImg/05c17727-14a9-4b0b-a6b0-9e3c8d66391e.jpg,https://eatssu-bucket.s3.ap-northeast-2.amazonaws.com/goodPriceStoreImg/09878c4b-34f4-4c05-ba2a-68ea72d3e668.jpg,https://eatssu-bucket.s3.ap-northeast-2.amazonaws.com/goodPriceStoreImg/1683aaaa-99df-4a1a-9625-f33bf0b8cc58.jpg
1232,KOREAN,이레삼계탕,녹두삼계탕,15000.0,서울특별시 관악구 봉천로 609 2층,관악구,37.4759827181586,126.964917828088,https://eatssu-bucket.s3.ap-northeast-2.amazonaws.com/goodPriceStoreImg/5b426abc-424c-4979-93d0-bff7e7e97e41.jpg,https://eatssu-bucket.s3.ap-northeast-2.amazonaws.com/goodPriceStoreImg/e9efd8d0-aaef-41a9-b39c-c4ba91d7a220.jpg,
1233,JAPANESE,이행춘초밥본점,초밥,7000.0,서울특별시 관악구 관악로 229-1 (봉천동) 1층,관악구,37.4851305369971,126.955452992517,,,
1234,KOREAN,임가네칼국수,바지락칼국수,9000.0,서울특별시 관악구 관악로 237 1층,관악구,37.4858643261563,126.955955032353,https://eatssu-bucket.s3.ap-northeast-2.amazonaws.com/goodPriceStoreImg/fd87a20f-7a25-4019-9abb-d3b8211c35bd.jpg,,
1235,KOREAN,장우동,돈가스,8000.0,서울특별시 관악구 호암로24길 57 (신림동),관악구,37.4694747023673,126.936392054261,https://eatssu-bucket.s3.ap-northeast-2.amazonaws.com/goodPriceStoreImg/e6d00e26-21f7-4f0f-8a1f-03e398b1ddf3.jpg,https://eatssu-bucket.s3.ap-northeast-2.amazonaws.com/goodPriceStoreImg/2ca58be2-1db3-45b9-9966-d44afaa5ffbd.jpg,
1236,KOREAN,전주식당,냉삼겹살(200g독일),9000.0,서울특별시 관악구 신림로66길 20 (신림동),관악구,37.4854174183208,126.930756026865,https://eatssu-bucket.s3.ap-northeast-2.amazonaws.com/goodPriceStoreImg/24a9fd8f-6bca-41cd-9dd8-5a4a80aeef97.jpg,https://eatssu-bucket.s3.ap-northeast-2.amazonaws.com/goodPriceStoreImg/b696301d-b94c-4b2d-a216-da860ac2f9bb.jpg,https://eatssu-bucket.s3.ap-northeast-2.amazonaws.com/goodPriceStoreImg/bb186b60-96f9-46c6-b9d1-7720aaf928da.jpg
1237,KOREAN,정 김밥(精),정김밥,4000.0,서울특별시 관악구 신원로1길 2 (신림동) 1층 105호,관악구,37.4802344708588,126.927769925725,https://eatssu-bucket.s3.ap-northeast-2.amazonaws.com/goodPriceStoreImg/1692eb01-a1df-43e4-8e62-e29e516f7b10.jpg,,
1238,KOREAN,정김밥,제육김밥,4500.0,서울특별시 관악구 문성로38길 70 (신림동) 101호,관악구,37.4755502765276,126.92997003141,https://eatssu-bucket.s3.ap-northeast-2.amazonaws.com/goodPriceStoreImg/32e1e2e1-07d0-46bd-a846-4277df2111e9.jpeg,https://eatssu-bucket.s3.ap-northeast-2.amazonaws.com/goodPriceStoreImg/a464e353-c398-4523-a61b-f318f007fb71.jpeg,
1239,KOREAN,정육점식당 낙성대,생삼겹살(160g),10000.0,서울특별시 관악구 봉천로 456 (봉천동),관악구,37.4821054065899,126.950487720839,,,
1240,CHINESE,정직한명품한우,탕수육(특대),14000.0,서울특별시 관악구 인헌6길 24,관악구,37.4741312260839,126.965506669825,https://eatssu-bucket.s3.ap-northeast-2.amazonaws.com/goodPriceStoreImg/89ed2d89-f1f7-4cca-a984-cc4220973d1e.png,,
1241,ETC,종베이커리,아메리카노,2000.0,서울특별시 관악구 난우길 39,관악구,37.476141235668,126.917394863453,https://eatssu-bucket.s3.ap-northeast-2.amazonaws.com/goodPriceStoreImg/1db8a765-83be-4c72-82eb-182651c61a3d.jpg,https://eatssu-bucket.s3.ap-northeast-2.amazonaws.com/goodPriceStoreImg/a9d83f31-bf1d-40c7-a426-e4114659c8e4.jpg,
1242,KOREAN,진미정,백반,8000.0,서울특별시 관악구 남부순환로141길 14 (신림동),관악구,37.4816836013091,126.909624570338,https://eatssu-bucket.s3.ap-northeast-2.amazonaws.com/goodPriceStoreImg/327e0a44-ee6a-4631-b2d5-936098b6b5e2.jpg,https://eatssu-bucket.s3.ap-northeast-2.amazonaws.com/goodPriceStoreImg/687c182b-6a00-46ad-af05-4005d61e9dad.jpg,
1243,CHINESE,짜장면집,짜장면,6000.0,서울특별시 관악구 신원로 16,관악구,37.4807396753723,126.927931907461,https://eatssu-bucket.s3.ap-northeast-2.amazonaws.com/goodPriceStoreImg/f585e1c9-80c9-4470-994a-976c68209770.jpg,https://eatssu-bucket.s3.ap-northeast-2.amazonaws.com/goodPriceStoreImg/c1bfdbf4-5ffd-4f58-96d8-fe29ed786eb2.jpg,
1244,KOREAN,착한생칼국수,칼국수,5000.0,서울특별시 관악구 관천로 49,관악구,37.483461524086,126.926023135987,https://eatssu-bucket.s3.ap-northeast-2.amazonaws.com/goodPriceStoreImg/cd36122c-639d-4cf1-9b86-cc04045d3185.jpg,https://eatssu-bucket.s3.ap-northeast-2.amazonaws.com/goodPriceStoreImg/4cc8d4a3-bd4e-4227-b1bf-4beb9756bdb7.jpg,
1245,KOREAN,청년밥상문간 낙성대점,김치찌개,4000.0,서울특별시 관악구 남부순환로244길 26 지하1층,관악구,37.4759782784513,126.962775581118,https://eatssu-bucket.s3.ap-northeast-2.amazonaws.com/goodPriceStoreImg/1e059377-956f-4165-8dd7-5a0952d4d3e6.jpg,https://eatssu-bucket.s3.ap-northeast-2.amazonaws.com/goodPriceStoreImg/3fdb1e81-2e2b-424a-bdab-c725aad82a00.jpg,
1246,KOREAN,청진동해장국,물냉면,7000.0,"서울특별시 관악구 관악로 105 1층(봉천동, 동산빌딩)",관악구,37.474629606862,126.952599252174,https://eatssu-bucket.s3.ap-northeast-2.amazonaws.com/goodPriceStoreImg/0b5ede3b-707d-40cf-8865-16e385584a84.png,,
1247,KOREAN,체리부로하림직판장,닭강정(대),10000.0,서울특별시 관악구 신원로5길 21 (신림동) B-35호,관악구,37.4821512684385,126.927461793779,https://eatssu-bucket.s3.ap-northeast-2.amazonaws.com/goodPriceStoreImg/19e557f9-98c8-4598-86b4-5d2b8a35f8da.png,,
1248,JAPANESE,초밥아저씨,모듬초밥(10P),8000.0,서울특별시 관악구 신원로 9 (신림동) (관악종합시장 108호),관악구,37.4803331182162,126.92774846244,https://eatssu-bucket.s3.ap-northeast-2.amazonaws.com/goodPriceStoreImg/e36a7787-57da-4479-8b4d-facc05805fe4.jpg,https://eatssu-bucket.s3.ap-northeast-2.amazonaws.com/goodPriceStoreImg/1dc4a83e-748d-488f-8f74-a2705b012c94.jpg,https://eatssu-bucket.s3.ap-northeast-2.amazonaws.com/goodPriceStoreImg/ac0ce65c-2822-427e-a904-18b9590db71f.jpg
1249,KOREAN,코알라김밥,김밥,3500.0,서울특별시 관악구 조원로16길 34 (신림동),관악구,37.4826974288122,126.911066152566,https://eatssu-bucket.s3.ap-northeast-2.amazonaws.com/goodPriceStoreImg/fef76e76-1baa-470f-9090-3063d9b15208.png,,
1250,KOREAN,콩숙이,삼겹살숙주김치,9000.0,서울특별시 관악구 대학길 57 -,관악구,37.4681607801568,126.937786857718,https://eatssu-bucket.s3.ap-northeast-2.amazonaws.com/goodPriceStoreImg/548c71d6-99c8-45fc-9fe0-22134b01c0dd.jpg,https://eatssu-bucket.s3.ap-northeast-2.amazonaws.com/goodPriceStoreImg/bc77c863-11c6-42d1-af01-404b02bd188a.jpg,
1251,KOREAN,토방닭한마리,닭한마리(2인분),28000.0,서울특별시 관악구 신림로22길 5 (신림동),관악구,37.4716466293968,126.935306320424,https://eatssu-bucket.s3.ap-northeast-2.amazonaws.com/goodPriceStoreImg/ae204758-762b-466e-a3cf-509bd7e1556f.jpg,https://eatssu-bucket.s3.ap-northeast-2.amazonaws.com/goodPriceStoreImg/981f213d-215e-4987-80a1-daebbd5d8524.jpg,https://eatssu-bucket.s3.ap-northeast-2.amazonaws.com/goodPriceStoreImg/90a95405-7c37-49df-8a1c-a9b3bd4fc558.jpg
1252,KOREAN,투가리,김치찌개,7500.0,서울특별시 관악구 봉천로 595-1 (봉천동),관악구,37.4764505167259,126.9637057823,https://eatssu-bucket.s3.ap-northeast-2.amazonaws.com/goodPriceStoreImg/2ca01ca8-24bc-4ff2-91bd-de21957d144d.png,,
1253,ETC,포첸하우스,양지쌀국수,7900.0,서울특별시 관악구 인헌6길 16 (봉천동),관악구,37.4740985743928,126.966007272791,,,
1254,KOREAN,풍년집본가,삼겹살(300g),18000.0,서울특별시 관악구 난곡로 232 1층(신림동),관악구,37.474932484887,126.917071395984,https://eatssu-bucket.s3.ap-northeast-2.amazonaws.com/goodPriceStoreImg/8a76a96c-0b01-45b8-b413-1237318fa6e0.jpg,https://eatssu-bucket.s3.ap-northeast-2.amazonaws.com/goodPriceStoreImg/e90e90fd-90be-476f-bd88-ab8cdc0c6a00.jpg,https://eatssu-bucket.s3.ap-northeast-2.amazonaws.com/goodPriceStoreImg/f81dc729-f0c8-414c-8317-4c7995eaa89e.jpg
1255,KOREAN,해뜨는 잔치국수,잔치국수,6000.0,서울특별시 관악구 신원로1길 1 (신림동),관악구,37.4801028543936,126.927804196413,https://eatssu-bucket.s3.ap-northeast-2.amazonaws.com/goodPriceStoreImg/d4dcb608-f0b1-4b15-ac6a-52503f61f824.jpg,,
1256,KOREAN,해뜨는집,옛날통닭,9900.0,서울특별시 관악구 미성3길 1 (신림동) 1층,관악구,37.4744259202628,126.916408006901,https://eatssu-bucket.s3.ap-northeast-2.amazonaws.com/goodPriceStoreImg/0343f7cf-22e4-4010-bec7-72d3187b0778.jpg,,
1257,WESTERN,행운동 한식 분식,김밥,3000.0,서울특별시 관악구 행운1길 48,관악구,37.4808730221753,126.957217459351,https://eatssu-bucket.s3.ap-northeast-2.amazonaws.com/goodPriceStoreImg/47a7763c-082f-4c64-803f-0d099275ff30.jpg,https://eatssu-bucket.s3.ap-northeast-2.amazonaws.com/goodPriceStoreImg/29cd0843-d100-47b8-b84c-9eb881520080.jpg,
1258,KOREAN,허수아비,돈까스,8500.0,서울특별시 관악구 호암로26길 72,관악구,37.4700904530354,126.937574769597,https://eatssu-bucket.s3.ap-northeast-2.amazonaws.com/goodPriceStoreImg/356607fa-726b-481f-b99c-455242047925.png,,
1259,KOREAN,형제국수,잔치국수,6000.0,서울특별시 관악구 신원로3길 57 (신림동) 1층,관악구,37.482992963673,126.925678639822,,,
1260,KOREAN,형제순대국,육개장,9000.0,서울특별시 관악구 관천로 25 (신림동),관악구,37.4820497302716,126.927912446154,,,
1261,KOREAN,(주)에이치앤디이서울만남의광장휴게소,실속바지락미역국,7000.0,서울특별시 서초구 양재대로12길 73-71 (원지동) 서울만남의광장휴게소,서초구,37.4596446385464,127.042624862658,https://eatssu-bucket.s3.ap-northeast-2.amazonaws.com/goodPriceStoreImg/f4a30fb0-69c2-4b36-9de4-8e04fdd3f245.jpg,,
1262,KOREAN,가정식백반,백반,8000.0,서울특별시 서초구 논현로31길 30 (양재동) 1층,서초구,37.4814414744761,127.041503346203,https://eatssu-bucket.s3.ap-northeast-2.amazonaws.com/goodPriceStoreImg/6965c06e-686f-46b4-9857-3507a3c2798a.jpg,,
1264,CHINESE,구룡각,갓성비짜장면,7000.0,서울특별시 서초구 논현로 61 (양재동) 구룡각,서초구,37.4755823869223,127.046360698463,https://eatssu-bucket.s3.ap-northeast-2.amazonaws.com/goodPriceStoreImg/1f80885c-d363-40f4-b7d5-9af31c543497.jpg,,
1265,KOREAN,김가네손칼국수,칼국수,8000.0,"서울특별시 서초구 남부순환로358길 13 (양재동) 1층 101, 102호",서초구,37.4843589424891,127.038296032874,https://eatssu-bucket.s3.ap-northeast-2.amazonaws.com/goodPriceStoreImg/dfac3451-8094-4bfc-a5fa-fe5d4a573211.jpg,,
1266,KOREAN,꽃보다 라면,꽃보다라면 정식,7000.0,서울특별시 서초구 사임당로178 지하1층 103,서초구,37.4922279155329,127.029056271279,https://eatssu-bucket.s3.ap-northeast-2.amazonaws.com/goodPriceStoreImg/6196812a-07ee-4a59-bd17-cd01554caacd.jpg,,
1267,KOREAN,꿉냉,제주산냉동삼겹살150g(냉면포함),13900.0,서울특별시 서초구 신반포로49길 11 (잠원동) 1층,서초구,37.5114559933202,127.020032137371,https://eatssu-bucket.s3.ap-northeast-2.amazonaws.com/goodPriceStoreImg/19e48add-1765-4d68-95e6-06b11a8ef39e.jpg,,
1268,KOREAN,누렁국수,우국수,9000.0,서울특별시 서초구 언남19길 11 (양재동) 1층,서초구,37.4758921722265,127.045619599495,https://eatssu-bucket.s3.ap-northeast-2.amazonaws.com/goodPriceStoreImg/e1d6b2ff-58f7-4c47-ac5c-6c5f5fd421e3.jpg,,
1269,JAPANESE,니카이,가츠동,9000.0,서울특별시 서초구 서초중앙로2길 37 (서초동) 202호,서초구,37.4841775919612,127.019376306751,https://eatssu-bucket.s3.ap-northeast-2.amazonaws.com/goodPriceStoreImg/092145b6-9278-411a-9406-e629de8de673.jpg,,
1270,JAPANESE,니카이 양재점,니카이 로스가츠,9800.0,서울특별시 서초구 논현로17길 22 (양재동) 2층,서초구,37.4760533082885,127.044582318354,https://eatssu-bucket.s3.ap-northeast-2.amazonaws.com/goodPriceStoreImg/a7a34c76-a673-42cd-9197-da337e7b8023.jpg,,
1271,KOREAN,도시락&한식 하늘채,점심부페,10000.0,서울특별시 서초구 동산로19길 40-1 (양재동) 1층,서초구,37.474534767185,127.046170351389,https://eatssu-bucket.s3.ap-northeast-2.amazonaws.com/goodPriceStoreImg/8fee64c6-7498-46b8-8987-bc44935ad493.jpg,,
1272,KOREAN,두리미가 솥밥,백반,9000.0,서울특별시 서초구 사임당로 108 (서초동) 1층,서초구,37.4902878178638,127.021737194327,https://eatssu-bucket.s3.ap-northeast-2.amazonaws.com/goodPriceStoreImg/7329e53c-b48b-477e-ac38-8d755257eee5.jpg,,
1273,KOREAN,들름집,불해물쌀국수,9000.0,서울특별시 서초구 사임당로178 지하1층 104,서초구,37.4922279155329,127.029056271279,https://eatssu-bucket.s3.ap-northeast-2.amazonaws.com/goodPriceStoreImg/9cbb0680-2ee4-4a1a-b98c-e4d09be691cd.png,,
1274,ETC,마실,매콤볶음면,10000.0,서울특별시 서초구 명달로 58 (서초동) 1층 104호,서초구,37.4825306878643,127.004801571654,https://eatssu-bucket.s3.ap-northeast-2.amazonaws.com/goodPriceStoreImg/0ce07412-141c-4556-9318-c053b57fa341.jpeg,,
1276,CHINESE,만추,짜장면,8000.0,서울특별시 서초구 사평대로55길 82-14 (반포동) 1층 103호,서초구,37.5078339161083,127.021777455614,https://eatssu-bucket.s3.ap-northeast-2.amazonaws.com/goodPriceStoreImg/ed91f422-3c86-4535-ba1d-2e1303e79b18.jpg,,
1277,KOREAN,미각,선지해장국,9000.0,서울특별시 서초구 반포대로28길8,서초구,37.4902271153586,127.009126274044,https://eatssu-bucket.s3.ap-northeast-2.amazonaws.com/goodPriceStoreImg/bb528660-995e-404c-a76a-0fd981c814ae.jpg,https://eatssu-bucket.s3.ap-northeast-2.amazonaws.com/goodPriceStoreImg/5eb74dba-8d51-4ca5-afea-728ac572b62e.jpg,https://eatssu-bucket.s3.ap-northeast-2.amazonaws.com/goodPriceStoreImg/722dca9e-60e9-4a5a-8ca1-4cc03c4f5e39.jpg
1278,KOREAN,미미치킨,후라이드치킨,18000.0,서울특별시 서초구 서초대로 108,서초구,37.4875261941992,126.994201615542,https://eatssu-bucket.s3.ap-northeast-2.amazonaws.com/goodPriceStoreImg/bbaf47b7-bbe3-478f-85c7-1521e820107b.jpg,,
1279,KOREAN,미소마을,순두부,10000.0,서울특별시 서초구 강남대로41길 18 2층,서초구,37.4871091179104,127.031489707266,https://eatssu-bucket.s3.ap-northeast-2.amazonaws.com/goodPriceStoreImg/ffae3f8b-7ddd-41b8-9206-14ac0c24d479.jpg,,
1280,KOREAN,밥심,비빔밥,8000.0,서울특별시 서초구 사임당로178 지하1층 106,서초구,37.4922279155329,127.029056271279,https://eatssu-bucket.s3.ap-northeast-2.amazonaws.com/goodPriceStoreImg/cb80d0f6-2c30-4783-9adb-c27cf54d308b.png,,
1281,KOREAN,백씨네백년삼겹살,제육쌈정식,10000.0,서울특별시 서초구 효령로 316-1 (서초동) .,서초구,37.4854201490875,127.018966531325,https://eatssu-bucket.s3.ap-northeast-2.amazonaws.com/goodPriceStoreImg/496efb38-c41e-49fe-adb2-61eaedf93def.jpg,,
1282,ETC,버팔로스팟,오리지널 버팔로윙,21000.0,서울특별시 서초구 효령로31길 81 (방배동) 1층,서초구,37.4845835204403,126.99460718594,https://eatssu-bucket.s3.ap-northeast-2.amazonaws.com/goodPriceStoreImg/cab50574-1591-426f-9ad9-eadefa851db0.jpeg,,
1283,CHINESE,비취,짜장면,7000.0,서울특별시 서초구 신반포로 213 (잠원동) 지하1층,서초구,37.5072710399738,127.007270897569,https://eatssu-bucket.s3.ap-northeast-2.amazonaws.com/goodPriceStoreImg/9267e568-b98e-416c-8f24-066dfaeb3cc9.jpg,,
1284,KOREAN,서울닭칼,닭칼국수,8900.0,"서울특별시 서초구 방배로13길 18 (방배동, 방배아크로타워) 1층 128호",서초구,37.4831366198927,126.995288953995,https://eatssu-bucket.s3.ap-northeast-2.amazonaws.com/goodPriceStoreImg/97f62181-737b-4bf9-87cd-32f58657e2d4.jpeg,,
1285,KOREAN,소앤돼지,한우된장전골,8000.0,서울특별시 서초구 강남대로95길 55,서초구,37.5126296796735,127.01752494488,https://eatssu-bucket.s3.ap-northeast-2.amazonaws.com/goodPriceStoreImg/67c49715-a9e9-47e5-8619-c73d594f4a96.jpg,,
1286,KOREAN,어랑생선밥상,고등어구이(1마리),14000.0,서울특별시 서초구 사평대로55길 21-2 (반포동) 1층,서초구,37.5050549368966,127.022309110193,https://eatssu-bucket.s3.ap-northeast-2.amazonaws.com/goodPriceStoreImg/8c45f8e0-70be-47f6-99ea-486dd90fcb7e.jpg,,
1287,KOREAN,우리집,김치찌개,9000.0,서울특별시 서초구 서초중앙로8길 106 (서초동) 1층,서초구,37.4868997244394,127.021427871072,https://eatssu-bucket.s3.ap-northeast-2.amazonaws.com/goodPriceStoreImg/ab740b75-4478-4095-a85b-1ab147eba1bd.jpeg,,
1288,KOREAN,은순이네 반찬가게,코다리,6000.0,서울특별시 서초구 서초중앙로24길 43 지114호,서초구,37.4959475181655,127.018985138118,https://eatssu-bucket.s3.ap-northeast-2.amazonaws.com/goodPriceStoreImg/20543920-9e0c-4712-a1c2-e69c82d05a75.jpg,,
1290,KOREAN,정하지송탄부대찌개,점심부대찌개,10000.0,서울특별시 서초구 논현로27길 91 (양재동) 1층,서초구,37.4778819733485,127.040124691325,https://eatssu-bucket.s3.ap-northeast-2.amazonaws.com/goodPriceStoreImg/10cbbd1e-2aef-4fac-a628-67d3dc5cb578.jpg,,
1291,ETC,크러스트,흑임자바게트,4000.0,서울특별시 서초구 서초대로51길 30 1층,서초구,37.4965487457678,127.013909496322,https://eatssu-bucket.s3.ap-northeast-2.amazonaws.com/goodPriceStoreImg/804d92b2-ff7f-47e9-907e-63b578fbbdd9.png,,
1292,ETC,플로우,아메리카노,3500.0,서울특별시 서초구 신반포로43길 45 1층,서초구,37.5121971845084,127.017613294229,https://eatssu-bucket.s3.ap-northeast-2.amazonaws.com/goodPriceStoreImg/ddc0d0ab-12f7-482f-a0dd-6a89b63d724a.jpg,,
1293,ETC,필드매뉴얼커피,아메리카노,3200.0,서울특별시 서초구 논현로27길 97 (양재동) 1층,서초구,37.4777321782042,127.039998666796,https://eatssu-bucket.s3.ap-northeast-2.amazonaws.com/goodPriceStoreImg/126998f6-3459-4a8c-ba45-c417d1dd46f2.jpg,,
1294,KOREAN,행복밥상,순두부찌개,9000.0,서울특별시 서초구 마방로10길 18-15 1층,서초구,37.4758847870347,127.043214499845,https://eatssu-bucket.s3.ap-northeast-2.amazonaws.com/goodPriceStoreImg/b7ef7071-2220-44fd-8de1-88b0795fc822.jpg,,
1295,KOREAN,正닭곰탕,닭곰탕,9500.0,"서울특별시 강남구 언주로30길 13 (도곡동, 대림아크로빌, 대림아크로텔) B01층 11호",강남구,37.4881276085659,127.050686658826,https://eatssu-bucket.s3.ap-northeast-2.amazonaws.com/goodPriceStoreImg/7aaf8045-e0e6-4f90-b65d-8c257124776f.jpg,,
1296,KOREAN,감자보리밥,감자보리밥,9000.0,서울특별시 강남구 선릉로 519 (역삼동) 지하1층,강남구,37.5058724287544,127.048007701663,https://eatssu-bucket.s3.ap-northeast-2.amazonaws.com/goodPriceStoreImg/adf2bf31-a77e-442a-aeb4-ec6f7b9b28cd.jpg,,
1297,KOREAN,강남불고기,생삼겹살(200g),15000.0,서울특별시 강남구 테헤란로25길 20 210호,강남구,37.50163099585,127.03565182565,https://eatssu-bucket.s3.ap-northeast-2.amazonaws.com/goodPriceStoreImg/0b362ba9-a82e-4e11-ad03-8eff3f717d80.jpg,https://eatssu-bucket.s3.ap-northeast-2.amazonaws.com/goodPriceStoreImg/2fd22e03-ff2c-4286-8941-7e975cf03923.jpg,
1298,KOREAN,강남손제비,손수제비,7500.0,서울특별시 강남구 테헤란로25길 20 2층,강남구,37.50163099585,127.03565182565,https://eatssu-bucket.s3.ap-northeast-2.amazonaws.com/goodPriceStoreImg/b233776a-25fc-40b2-a1fd-5208ad51abc5.jpg,https://eatssu-bucket.s3.ap-northeast-2.amazonaws.com/goodPriceStoreImg/111f52ca-099e-427e-8f9d-a749e4a3a5ac.jpg,https://eatssu-bucket.s3.ap-northeast-2.amazonaws.com/goodPriceStoreImg/ea519bb3-cdb8-4f6e-8522-0fc0eda24efd.jpg
1299,KOREAN,거평식당,삼겹살백반,9700.0,서울특별시 강남구 테헤란로 322 (역삼동) 지하1층 161호,강남구,37.5032355765545,127.046582379785,https://eatssu-bucket.s3.ap-northeast-2.amazonaws.com/goodPriceStoreImg/30e8d289-a872-4370-b96c-ac370d178339.jpg,,
1300,KOREAN,고등어식당,묵은지고등어조림,10000.0,서울특별시 강남구 강남대로84길 33 (역삼1동),강남구,37.4975461306128,127.031093425879,https://eatssu-bucket.s3.ap-northeast-2.amazonaws.com/goodPriceStoreImg/81087796-cd67-4a50-a2e4-f28f81a47b60.jpg,,
1301,KOREAN,고불초삼겹,생삼겹살(180g),13000.0,서울특별시 강남구 도곡로7길 25 (역삼동) 2층,강남구,37.4922293654383,127.034082923727,https://eatssu-bucket.s3.ap-northeast-2.amazonaws.com/goodPriceStoreImg/e313daf9-514a-447a-af5d-4e664ffd0e98.jpg,,
1302,KOREAN,공원분식,떡볶이,3000.0,서울특별시 강남구 일원로3길 18 (일원동) 1층,강남구,37.4914622849152,127.082040791815,https://eatssu-bucket.s3.ap-northeast-2.amazonaws.com/goodPriceStoreImg/72309633-96a1-4ccb-adda-198488407d2b.jpg,https://eatssu-bucket.s3.ap-northeast-2.amazonaws.com/goodPriceStoreImg/256159e3-3ef8-42f9-bc79-be360235789e.jpg,
1303,KOREAN,광개토정육식당,생삼겹살(200g),14000.0,서울특별시 강남구 강남대로114길 22 (논현동) 1층,강남구,37.5060393121226,127.026132366328,https://eatssu-bucket.s3.ap-northeast-2.amazonaws.com/goodPriceStoreImg/c192e283-3107-4837-b98e-643cd6b92346.jpg,https://eatssu-bucket.s3.ap-northeast-2.amazonaws.com/goodPriceStoreImg/b0060bad-437e-4b16-9123-f732d839f998.jpg,
1304,KOREAN,국민한우집 삼성역본점,차돌된장찌개,10000.0,서울특별시 강남구 테헤란로86길 15 (대치동) 1층,강남구,37.5064466344777,127.059502015213,https://eatssu-bucket.s3.ap-northeast-2.amazonaws.com/goodPriceStoreImg/5510a867-7599-4871-8d24-760594c32bc8.jpg,,
1305,KOREAN,국수마을,마을국수,5000.0,서울특별시 강남구 봉은사로114길 42 (삼성동) 1층,강남구,37.5121679088032,127.065327205542,https://eatssu-bucket.s3.ap-northeast-2.amazonaws.com/goodPriceStoreImg/0d22a4c5-d022-4090-b46a-a6779bbc11ef.jpg,,
1306,KOREAN,김밥여행,김치볶음밥,8500.0,서울특별시 강남구 논현로4길 47 (개포4동),강남구,37.4743060882944,127.053444017695,https://eatssu-bucket.s3.ap-northeast-2.amazonaws.com/goodPriceStoreImg/4b7aac44-75f7-406e-9eb6-e99307a4dda8.jpg,,
1307,KOREAN,노숙자아구샤브샤브,대구탕.지리,8000.0,서울특별시 강남구 개포로22길 13 (개포4동),강남구,37.4780865422542,127.048213320797,https://eatssu-bucket.s3.ap-northeast-2.amazonaws.com/goodPriceStoreImg/31d068c1-4e49-4a3a-beba-475885378202.jpg,,
1308,JAPANESE,다미카츠,로스카츠,9500.0,서울특별시 강남구 논현로38길 46 (도곡동) 1층,강남구,37.4856896418346,127.045416945736,https://eatssu-bucket.s3.ap-northeast-2.amazonaws.com/goodPriceStoreImg/93c6c9c4-3311-487e-8c70-625e4c4b0b11.jpg,,
1309,KOREAN,다복콩비지,오리육개장,9000.0,서울특별시 강남구 개포로22길 31 (개포4동),강남구,37.4771061849164,127.049230526072,https://eatssu-bucket.s3.ap-northeast-2.amazonaws.com/goodPriceStoreImg/b7e4ec03-4691-403b-843e-85c1de86671c.jpg,,
1310,KOREAN,다시사랑한다면,잔치국수,6000.0,서울특별시 강남구 언주로 407 (역삼동),강남구,37.4994325517909,127.043914402162,https://eatssu-bucket.s3.ap-northeast-2.amazonaws.com/goodPriceStoreImg/5d794a2e-42ad-4266-be65-e119c255ad28.jpg,,
1311,KOREAN,대청분식,어묵우동,6000.0,서울특별시 강남구 개포로 621 (개포동) B102호,강남구,37.4941838335606,127.078914935431,https://eatssu-bucket.s3.ap-northeast-2.amazonaws.com/goodPriceStoreImg/2ac88e63-353a-4dc3-99e2-55b441b7990d.jpg,,
1312,ETC,대청플레이스,아메리카노,2800.0,서울특별시 강남구 개포로 621 (개포동) 지하1층,강남구,37.4941838335606,127.078914935431,https://eatssu-bucket.s3.ap-northeast-2.amazonaws.com/goodPriceStoreImg/230edbfd-392d-47d5-84c1-f185f40fa533.jpg,,
1313,KOREAN,대치동영지,닭곰탕,9500.0,서울특별시 강남구 삼성로 212 (대치2동),강남구,37.4996157705058,127.065915414443,https://eatssu-bucket.s3.ap-northeast-2.amazonaws.com/goodPriceStoreImg/c131596c-900d-4b3a-8d16-eafdaf0fa123.jpg,https://eatssu-bucket.s3.ap-northeast-2.amazonaws.com/goodPriceStoreImg/c92e4744-6dbc-4a6a-a930-8eac54d436fb.jpg,
1314,KOREAN,대풍참숯갈비,삼겹살(200g),17000.0,서울특별시 강남구 논현로 76길 8 (역삼2동) 1층,강남구,37.496839443499,127.039615885648,https://eatssu-bucket.s3.ap-northeast-2.amazonaws.com/goodPriceStoreImg/1c98162c-5a5e-4e8a-aec0-f420fab0e733.jpg,,
1315,WESTERN,돈까스리,돈까스,7500.0,서울특별시 강남구 테헤란로 322 (역삼2동) 지하층 124호,강남구,37.5032355765545,127.046582379785,https://eatssu-bucket.s3.ap-northeast-2.amazonaws.com/goodPriceStoreImg/4be9789d-9b99-4c73-8b4d-e509729bff14.jpg,,
1316,JAPANESE,돈바치,키즈네 우동,6500.0,서울특별시 강남구 개포로 250 (개포동) 103호,강남구,37.4789044166346,127.049881788155,https://eatssu-bucket.s3.ap-northeast-2.amazonaws.com/goodPriceStoreImg/a0115482-63bc-47d4-a203-684b5e3134c7.jpg,,
1317,KOREAN,동신식당,뚝배기불고기백반,9000.0,서울특별시 강남구 언주로 314 (역삼동) 지하1층,강남구,37.4958917878081,127.046476269108,https://eatssu-bucket.s3.ap-northeast-2.amazonaws.com/goodPriceStoreImg/f65e29a8-4bb8-4b66-ba5d-53192ec35a9b.jpg,https://eatssu-bucket.s3.ap-northeast-2.amazonaws.com/goodPriceStoreImg/c531d098-b145-4a7e-a856-1af54be999bb.jpg,
1318,KOREAN,뒷돈거래소 신논현본점,꽃항정(150g),13000.0,서울특별시 강남구 강남대로114길 10 (논현동) 1층,강남구,37.5057507392319,127.02521549098,https://eatssu-bucket.s3.ap-northeast-2.amazonaws.com/goodPriceStoreImg/e92f4c0f-db86-4164-864d-9a7141c05c2a.png,,
1319,KOREAN,만나식당,칼국수,6000.0,서울특별시 강남구 개포로 109길 5 (개포동) 106호,강남구,37.4923220024104,127.074601198665,https://eatssu-bucket.s3.ap-northeast-2.amazonaws.com/goodPriceStoreImg/c98a78d5-9ee9-4d6e-b856-be71c4cec8e1.jpg,,
1320,KOREAN,만아정육점식당,삼겹살(180g),16000.0,서울특별시 강남구 광평로56길 11 (수서동) 수서아파트상가 103호,강남구,37.4878478418441,127.105794693568,https://eatssu-bucket.s3.ap-northeast-2.amazonaws.com/goodPriceStoreImg/49a8086c-4361-4072-a8c2-2a2ebbb7b6f9.jpg,,
1321,KOREAN,명동만두,수제고기떡만두국,8000.0,서울특별시 강남구 역삼로 133 (역삼1동) 지상1층 1호,강남구,37.4944388836393,127.034157430577,https://eatssu-bucket.s3.ap-northeast-2.amazonaws.com/goodPriceStoreImg/cd56d0f8-94f8-4d48-bb92-9734cd01bd91.jpg,,
1322,KOREAN,명동칼국수,명동칼국수,8000.0,서울특별시 강남구 강남대로84길 32 (역삼동) 2층,강남구,37.4970371393745,127.031141502202,https://eatssu-bucket.s3.ap-northeast-2.amazonaws.com/goodPriceStoreImg/4ad07272-03b7-439a-b7e5-4e35664d5c36.jpg,https://eatssu-bucket.s3.ap-northeast-2.amazonaws.com/goodPriceStoreImg/cae6e1d6-9351-4593-bd59-6ab3d218feb5.jpg,
1323,KOREAN,바우골화로구이,양념돼지갈비찜,10000.0,서울특별시 강남구 강남대로92길 29 (역삼1동),강남구,37.4994031006711,127.029708406711,https://eatssu-bucket.s3.ap-northeast-2.amazonaws.com/goodPriceStoreImg/a9b53015-6f20-4132-85f3-e07e73729607.jpg,https://eatssu-bucket.s3.ap-northeast-2.amazonaws.com/goodPriceStoreImg/1bc9c9cf-856d-4627-9207-e980a8a1b615.jpg,
1324,KOREAN,별하곱창,한우곱창(200g),19900.0,서울특별시 강남구 강남대로122길 10 (논현동) 1층,강남구,37.5076427273665,127.024075389189,https://eatssu-bucket.s3.ap-northeast-2.amazonaws.com/goodPriceStoreImg/8f05dc7e-f161-47e5-9a1c-d94211140f3a.jpg,,
1325,KOREAN,부뚜막,콩나물국밥,9000.0,서울특별시 강남구 테헤란로 313 (역삼동) 성지하이트 B01층,강남구,37.5038016513092,127.045261212369,https://eatssu-bucket.s3.ap-northeast-2.amazonaws.com/goodPriceStoreImg/af118f27-b84a-4b3b-a49c-ae9cf49f7d0e.jpg,,
1326,KOREAN,북청김치찌개,김치찌개,8000.0,서울특별시 강남구 개포로 668 1층,강남구,37.4953836210464,127.085508123578,https://eatssu-bucket.s3.ap-northeast-2.amazonaws.com/goodPriceStoreImg/d94cdc0c-c752-4a5a-aeee-c103af0614f2.jpg,https://eatssu-bucket.s3.ap-northeast-2.amazonaws.com/goodPriceStoreImg/c0ccc350-385a-4b9c-8abf-d1e5094442b9.jpg,
1327,ETC,브레드_히어,아메리카노,2500.0,서울특별시 강남구 양재대로33길 24 (일원동) 1층,강남구,37.4910671484036,127.082751043067,https://eatssu-bucket.s3.ap-northeast-2.amazonaws.com/goodPriceStoreImg/ea160e72-3b1a-4f67-bf52-bf7c19aeb9ea.jpg,,
1328,KOREAN,빨강우산 부대찌개,부대찌개,10000.0,서울특별시 강남구 테헤란로 313 성지하이츠 B107호,강남구,37.5038016513092,127.045261212369,https://eatssu-bucket.s3.ap-northeast-2.amazonaws.com/goodPriceStoreImg/8af54960-0e36-43d6-9ed6-04c82abae8b2.jpg,,
1329,KOREAN,사천옥,가정식백반,8500.0,서울특별시 강남구 선릉로86길 16 (대치4동) 지상1층,강남구,37.5032622144877,127.051021356675,https://eatssu-bucket.s3.ap-northeast-2.amazonaws.com/goodPriceStoreImg/5f773269-241d-4c2c-a023-ad56b1c82a02.jpg,https://eatssu-bucket.s3.ap-northeast-2.amazonaws.com/goodPriceStoreImg/c8634a5c-43be-461f-a701-f64e2748e12f.jpg,
1330,KOREAN,삼탱이시래기밥,시래기밥정식,9000.0,서울특별시 강남구 테헤란로 322 (역삼동) 지하2층,강남구,37.5032355765545,127.046582379785,https://eatssu-bucket.s3.ap-northeast-2.amazonaws.com/goodPriceStoreImg/bb2bfa46-d8b1-421f-9c11-4c98e7978650.jpg,https://eatssu-bucket.s3.ap-northeast-2.amazonaws.com/goodPriceStoreImg/aa5cc2d9-e210-4ea7-b1b3-861b158508e2.jpg,
1331,KOREAN,서희네,고등어구이,11000.0,서울특별시 강남구 개포로22길 41 (개포4동) 1층 101호,강남구,37.4766078138352,127.049715089269,https://eatssu-bucket.s3.ap-northeast-2.amazonaws.com/goodPriceStoreImg/3e992e6a-9587-4414-8379-fc822d0f79ac.jpg,https://eatssu-bucket.s3.ap-northeast-2.amazonaws.com/goodPriceStoreImg/a13f5427-6008-4753-bf9e-b88798083f52.jpg,
1332,KOREAN,석화촌,불고기덮밥,8500.0,서울특별시 강남구 강남대로240 (도곡1동) 지하1층 B111,강남구,37.4852596091178,127.034429700831,https://eatssu-bucket.s3.ap-northeast-2.amazonaws.com/goodPriceStoreImg/c867db40-06d8-41bf-ae8f-d629e18b3377.jpg,https://eatssu-bucket.s3.ap-northeast-2.amazonaws.com/goodPriceStoreImg/30abf003-a2cc-4822-9162-cec4476a2e2f.jpg,
1333,KOREAN,선릉불고기,즉석돼지불고기,9000.0,서울특별시 강남구 선릉로82길 43 (대치동) 1층  101호,강남구,37.5035296114159,127.05351358548,https://eatssu-bucket.s3.ap-northeast-2.amazonaws.com/goodPriceStoreImg/e9fa64c3-ce0d-4025-a6d5-2d7dfeac7289.jpg,,
1334,KOREAN,소담,차돌된장찌개,9000.0,서울특별시 강남구 개포로 615 (일원2동) 지하115호,강남구,37.4926580850327,127.07558248914,https://eatssu-bucket.s3.ap-northeast-2.amazonaws.com/goodPriceStoreImg/94782692-581d-4c66-91b8-9617be6691b5.jpg,https://eatssu-bucket.s3.ap-northeast-2.amazonaws.com/goodPriceStoreImg/c98ab82f-6b9c-45cd-a1e2-ede3a80897b5.jpg,
1335,KOREAN,소울담은 퓨전요리(대박식당),목살김치찌개,7000.0,서울특별시 강남구 영동대로96길 37 2층,강남구,37.5116744058932,127.065531273265,https://eatssu-bucket.s3.ap-northeast-2.amazonaws.com/goodPriceStoreImg/8a500945-eddf-41a3-9449-7d61a4c3a207.jpg,https://eatssu-bucket.s3.ap-northeast-2.amazonaws.com/goodPriceStoreImg/0ab01a2c-d87e-4fbd-acaa-387d826de28c.jpg,
1336,JAPANESE,송송카레,카레,7000.0,서울특별시 강남구 역삼로 207 1층,강남구,37.4963549501034,127.039949227864,https://eatssu-bucket.s3.ap-northeast-2.amazonaws.com/goodPriceStoreImg/faf6e7eb-0e9c-4b77-812e-e241cbe5ef8b.jpg,https://eatssu-bucket.s3.ap-northeast-2.amazonaws.com/goodPriceStoreImg/86da6998-1af4-45de-be08-e13b6075aae2.jpg,
1337,KOREAN,수림복국,까치복지리,15000.0,서울특별시 강남구 테헤란로77길 11-13 (삼성동) 1층,강남구,37.5067869422082,127.053476778004,https://eatssu-bucket.s3.ap-northeast-2.amazonaws.com/goodPriceStoreImg/28d29c3a-d2c1-4db6-9f46-9ca62a67f772.jpg,https://eatssu-bucket.s3.ap-northeast-2.amazonaws.com/goodPriceStoreImg/afe318d7-73f6-4e18-aebb-e813dedca251.jpg,
1338,KOREAN,수미정,순두부찌개,9000.0,서울특별시 강남구 강남대로84길 33 (역삼1동) 지하1층 114호,강남구,37.4975461306128,127.031093425879,https://eatssu-bucket.s3.ap-northeast-2.amazonaws.com/goodPriceStoreImg/ed42c8cf-8d82-4c3b-8a02-b69e7b5baf4f.jpg,,
1339,KOREAN,수서골목냉면,냉면,9000.0,서울특별시 강남구 광평로 232 (수서동) 1층,강남구,37.4854851061287,127.098094165552,https://eatssu-bucket.s3.ap-northeast-2.amazonaws.com/goodPriceStoreImg/22f03676-0964-49d2-8ccf-5b8d64ed20e9.jpg,,
1340,KOREAN,시골밥상,멸치국수,5500.0,"서울특별시 강남구 테헤란로 313 (역삼동) B01, 3호",강남구,37.5038016513092,127.045261212369,https://eatssu-bucket.s3.ap-northeast-2.amazonaws.com/goodPriceStoreImg/5ca4f7f1-7ea7-4540-a2f6-f2fcf820c9d6.jpg,,
1341,KOREAN,시골청국장,청국장,9000.0,서울특별시 강남구 학동로 504 (삼성1동) 서울빌딩 101호,강남구,37.5187150712487,127.051018075872,https://eatssu-bucket.s3.ap-northeast-2.amazonaws.com/goodPriceStoreImg/374aa5fc-b9e6-4920-b7bf-36402293adee.jpg,,
1342,KOREAN,신석기부대찌개,점심백반,8000.0,서울특별시 강남구 개포로15길 14 (개포동) 1층,강남구,37.4793458834141,127.045250641062,https://eatssu-bucket.s3.ap-northeast-2.amazonaws.com/goodPriceStoreImg/d6d111d1-5719-4b74-9870-7931fffa5014.jpg,,
1343,KOREAN,신토불이 정육식당,한우생등심(200g),45000.0,서울특별시 강남구 남부순환로 2629 (도곡1동),강남구,37.4853222404544,127.037358403634,https://eatssu-bucket.s3.ap-northeast-2.amazonaws.com/goodPriceStoreImg/c7d8f7f4-cb02-4c91-8d3c-cf600441bf56.jpg,,
1344,KOREAN,양구식당,닭곰탕국밥,9000.0,서울특별시 강남구 논현로151길 26 (신사동),강남구,37.5199245187125,127.026076462729,https://eatssu-bucket.s3.ap-northeast-2.amazonaws.com/goodPriceStoreImg/da5ddefa-c53b-48e6-ad05-395ffc0b5db4.jpg,,
1345,KOREAN,엄마밥상,된장찌개,8000.0,서울특별시 강남구 언주로125길 5 (논현동) B01층,강남구,37.5129254503567,127.034755491508,https://eatssu-bucket.s3.ap-northeast-2.amazonaws.com/goodPriceStoreImg/d5caef13-ca5b-49dc-8892-6293a4bd1a4e.jpg,,
1346,KOREAN,엄마손김밥,김치볶음밥,6000.0,서울특별시 강남구 언주로 314 (역삼2동),강남구,37.4958917878081,127.046476269108,https://eatssu-bucket.s3.ap-northeast-2.amazonaws.com/goodPriceStoreImg/8a8f8fa8-dc79-4d7f-8e4a-5a4b4dc98ee2.jpg,,
1347,KOREAN,엄지네집,김치찌개,8000.0,서울특별시 강남구 학동로20길 24 (논현동) 1층,강남구,37.5117439046988,127.028215982462,https://eatssu-bucket.s3.ap-northeast-2.amazonaws.com/goodPriceStoreImg/8c3bd4a7-2fe1-4e86-82ad-d99e8bccb657.jpg,,
1348,ETC,역삼 커피로스터스,아메리카노,2500.0,서울특별시 강남구 테헤란로25길 20 (역삼동) 1층,강남구,37.50163099585,127.03565182565,https://eatssu-bucket.s3.ap-northeast-2.amazonaws.com/goodPriceStoreImg/dac0bb8d-e46a-46c6-98d7-464399fe25f4.jpg,,
1349,KOREAN,영심이네집밥,바지락칼국수,8000.0,서울특별시 강남구 개포로17길 3-10 (개포4동) 지상1층,강남구,37.4788964908109,127.045639062802,https://eatssu-bucket.s3.ap-northeast-2.amazonaws.com/goodPriceStoreImg/0cd6e846-2210-4c61-b8f1-9d0cbe5729ec.jpg,,
1350,KOREAN,왕두꺼비 부대찌개,부대찌개,10000.0,서울특별시 강남구 역삼로4길 16 성우스타우스 103호,강남구,37.4924044673041,127.032021362216,https://eatssu-bucket.s3.ap-northeast-2.amazonaws.com/goodPriceStoreImg/53c317ad-6ecd-4fb9-be91-0d4e990a364b.jpg,,
1351,KOREAN,우리생고기,"생삼겹살
(200g)",17000.0,서울특별시 강남구 개포로82길 13-17 (개포2동) 2층 2호,강남구,37.4888984889947,127.068580508628,https://eatssu-bucket.s3.ap-northeast-2.amazonaws.com/goodPriceStoreImg/251a9bea-4999-44c7-856a-ebf1deda834c.jpg,https://eatssu-bucket.s3.ap-northeast-2.amazonaws.com/goodPriceStoreImg/d5931197-8259-45f1-b771-01c03abca814.jpg,https://eatssu-bucket.s3.ap-northeast-2.amazonaws.com/goodPriceStoreImg/a5a426da-b9bc-401f-a422-616f907f7710.jpg
1352,KOREAN,월드맛집,제육뚝배기,8000.0,서울특별시 강남구 논현로151길 26 (신사동),강남구,37.5199245187125,127.026076462729,https://eatssu-bucket.s3.ap-northeast-2.amazonaws.com/goodPriceStoreImg/6337b063-ef41-4fb6-976a-42285f1f5848.jpg,,
1353,CHINESE,웨스턴차이나,새우볶음밥,8000.0,서울특별시 강남구 압구정로36길 22 (신사동) 1층,강남구,37.5271405120994,127.031443513188,https://eatssu-bucket.s3.ap-northeast-2.amazonaws.com/goodPriceStoreImg/c99d5cab-8072-4ac6-9a0d-bea5295b3b42.jpg,,
1354,KOREAN,육판장,차돌된장찌개,8000.0,서울특별시 강남구 삼성로 155 (대치1동) 지상1층 122호,강남구,37.4938813994708,127.062951852624,https://eatssu-bucket.s3.ap-northeast-2.amazonaws.com/goodPriceStoreImg/657fd49e-c3ac-4e6b-987e-e236ad96e988.jpg,https://eatssu-bucket.s3.ap-northeast-2.amazonaws.com/goodPriceStoreImg/3f5ed335-80ce-4d69-adc6-e8dd6a5e8e83.jpg,
1355,KOREAN,이가네김밥마을,김밥,4000.0,서울특별시 강남구 양재대로33길 21 (일원동) 1층,강남구,37.490827350609,127.082550295202,https://eatssu-bucket.s3.ap-northeast-2.amazonaws.com/goodPriceStoreImg/27683258-38b2-4a4d-bbc5-4d863a98ce08.jpg,,
1356,KOREAN,이모네분식,쫄면,8000.0,서울특별시 강남구 도곡로21길 15 (역삼1동) 지상1층 5호,강남구,37.4927234910716,127.038718694165,https://eatssu-bucket.s3.ap-northeast-2.amazonaws.com/goodPriceStoreImg/261cf0ea-671a-49f4-b4de-d3d14924155f.jpg,,
1357,KOREAN,이모네손칼국수,닭칼국수,7000.0,서울특별시 강남구 언주로69길 9 (역삼2동) 1층,강남구,37.4963464751175,127.044502102454,https://eatssu-bucket.s3.ap-northeast-2.amazonaws.com/goodPriceStoreImg/099b3b34-fcd1-4307-aa99-6e26dddd570c.jpg,,
1358,KOREAN,장독묵은지,묵은지삼겹살(200g),16000.0,서울특별시 강남구 삼성로 38 (개포2동),강남구,37.4886879268822,127.066845330996,https://eatssu-bucket.s3.ap-northeast-2.amazonaws.com/goodPriceStoreImg/bd44bb3d-c7e7-418e-9e12-0075d24e76d1.jpg,,
1359,KOREAN,장모님밥상,제육덮밥정식,10000.0,서울특별시 강남구 강남대로94길 57 (역삼동) 2층,강남구,37.5006004195982,127.031889605624,https://eatssu-bucket.s3.ap-northeast-2.amazonaws.com/goodPriceStoreImg/5a2d6890-beec-450e-b0cd-13c3cc64334e.jpg,https://eatssu-bucket.s3.ap-northeast-2.amazonaws.com/goodPriceStoreImg/73f68bbc-a4b0-4e9f-a18f-0bf940f199b3.jpg,
1360,KOREAN,장원식당,김치찌개,7000.0,서울특별시 강남구 강남대로152길 67 1층,강남구,37.5190033953527,127.024524046101,https://eatssu-bucket.s3.ap-northeast-2.amazonaws.com/goodPriceStoreImg/3000ce17-61c1-4b9d-9bed-e20e1522cc64.jpg,,
1361,KOREAN,정든김밥,비빔밥,6500.0,서울특별시 강남구 테헤란로25길 17 (역삼동) 1층,강남구,37.5017984360259,127.035240588466,https://eatssu-bucket.s3.ap-northeast-2.amazonaws.com/goodPriceStoreImg/ecb8dfdb-730b-43a1-a019-9164d2de48aa.jpg,,
1362,KOREAN,정원식당,백반,8000.0,서울특별시 강남구 논현로 507 지하1층 2호,강남구,37.5015784938059,127.036157208818,https://eatssu-bucket.s3.ap-northeast-2.amazonaws.com/goodPriceStoreImg/683bf7a7-c6f0-4ee1-bab7-8ca06c48e784.jpg,https://eatssu-bucket.s3.ap-northeast-2.amazonaws.com/goodPriceStoreImg/e152610a-baea-45fd-a1c0-930b5f6339d6.jpg,
1363,JAPANESE,주식회사 선릉착한식당 (스시이찌),런치오마카세,29000.0,"서울특별시 강남구 테헤란로63길 9 (삼성동, 삼성동 롯데캐슬 클라쎄) 2층",강남구,37.5057875814315,127.05011127646,https://eatssu-bucket.s3.ap-northeast-2.amazonaws.com/goodPriceStoreImg/72448fbf-7230-41fc-a771-112b456ef351.jpg,,
1364,KOREAN,주식회사 지음에프앤드 (사누키제면소),카케우동,7000.0,서울특별시 강남구 강남대로 428 (역삼동) 3층,강남구,37.5008659330556,127.026869951723,https://eatssu-bucket.s3.ap-northeast-2.amazonaws.com/goodPriceStoreImg/5fa05366-0845-4184-ad44-3510f9e89b6b.jpg,,
1365,ETC,준,아메리카노,2000.0,서울특별시 강남구 테헤란로 322 (역삼동) 1층,강남구,37.5032355765545,127.046582379785,https://eatssu-bucket.s3.ap-northeast-2.amazonaws.com/goodPriceStoreImg/43cfa3b8-f58a-4212-9b04-cb397265121b.jpg,,
1366,CHINESE,중화요리일품,짜장면,6500.0,서울특별시 강남구 테헤란로 322 (역삼2동),강남구,37.5032355765545,127.046582379785,https://eatssu-bucket.s3.ap-northeast-2.amazonaws.com/goodPriceStoreImg/327511e8-4346-492f-887f-780b4b216b8a.jpg,,
1367,KOREAN,지리산,닭곰탕,10000.0,서울특별시 강남구 학동로43길 7 (논현2동) 지상1층,강남구,37.5165832293341,127.037207816393,https://eatssu-bucket.s3.ap-northeast-2.amazonaws.com/goodPriceStoreImg/43e391df-9887-497a-93b5-eb5080e7ad95.jpg,,
1368,KOREAN,청양해물칼국수,해물칼국수,9000.0,서울특별시 강남구 언주로147길 28 (논현동) 1층,강남구,37.5195194304161,127.031935663343,https://eatssu-bucket.s3.ap-northeast-2.amazonaws.com/goodPriceStoreImg/f0408027-5b9c-4b97-aa6d-5aad98c09e56.jpg,,
1369,ETC,터프커피,아메리카노,2500.0,서울특별시 강남구 테헤란로25길 19 (역삼동) 1층,강남구,37.5019456383321,127.035314393993,https://eatssu-bucket.s3.ap-northeast-2.amazonaws.com/goodPriceStoreImg/27c0b433-d751-49e0-8b39-0eefc27db8c0.jpg,https://eatssu-bucket.s3.ap-northeast-2.amazonaws.com/goodPriceStoreImg/b4c92e47-39b9-4baf-885f-8bd3a9a6b1d0.jpg,
1370,KOREAN,트윈쿡,김치찌개,9500.0,서울특별시 강남구 영동대로 513 (삼성1동) 지하1층 M112호,강남구,37.5118239121138,127.059159043842,https://eatssu-bucket.s3.ap-northeast-2.amazonaws.com/goodPriceStoreImg/bdf6d912-5a26-4b4e-acc2-2d36b6f1b444.jpg,https://eatssu-bucket.s3.ap-northeast-2.amazonaws.com/goodPriceStoreImg/bfcd372f-0027-411b-89b1-513c9db00d08.jpg,https://eatssu-bucket.s3.ap-northeast-2.amazonaws.com/goodPriceStoreImg/a54a7d6a-2931-45ac-87d4-d823e91cd6b5.jpg
1371,WESTERN,피자느반,치즈피자S,7800.0,서울 강남구 삼성로 212 은마상가 지하1층,강남구,37.4996157705058,127.065915414443,https://eatssu-bucket.s3.ap-northeast-2.amazonaws.com/goodPriceStoreImg/b188ed17-5bfe-475f-84d4-5825ebe50131.jpg,,
1372,CHINESE,하우마라탕,마라탕,9000.0,서울특별시 강남구 강남대로94길 23 (역삼동) 2층,강남구,37.4997484038191,127.029196249265,https://eatssu-bucket.s3.ap-northeast-2.amazonaws.com/goodPriceStoreImg/20ce8545-188a-435b-9c04-5b8b44c1a1af.jpg,https://eatssu-bucket.s3.ap-northeast-2.amazonaws.com/goodPriceStoreImg/738aaec6-f446-4569-9bdc-3925679be743.jpg,
1373,JAPANESE,하하,하하우동,6500.0,서울특별시 강남구 논현로151길 24 (신사동),강남구,37.5199795548403,127.026145032459,https://eatssu-bucket.s3.ap-northeast-2.amazonaws.com/goodPriceStoreImg/ccc672d1-658a-42f1-a69d-b617f435a588.jpg,,
1374,KOREAN,학동부대,부대찌개,9000.0,서울특별시 강남구 학동로 224 (논현동) B101호,강남구,37.5144831085922,127.033499319221,https://eatssu-bucket.s3.ap-northeast-2.amazonaws.com/goodPriceStoreImg/56491476-9152-4662-823c-ed9e6bfd316e.jpg,,
1375,KOREAN,한벽루전주콩나물국밥,콩나물국밥,8000.0,서울특별시 강남구 개포로 648 (일원1동) 1층,강남구,37.4947799872553,127.083689872919,https://eatssu-bucket.s3.ap-northeast-2.amazonaws.com/goodPriceStoreImg/2d0b5db9-2e71-406f-891b-ae5ce8400a05.jpg,,
1376,KOREAN,한우네정육점식당,한우알아서(200G),43000.0,서울특별시 강남구 논현로38길 20 (도곡동) 1층,강남구,37.4851900565627,127.043190913802,https://eatssu-bucket.s3.ap-northeast-2.amazonaws.com/goodPriceStoreImg/e0b5423e-08ce-48b0-9c14-275bbf86a59b.jpg,,
1377,KOREAN,할머니분식,제육덮밥,6500.0,서울특별시 강남구 도곡로 516 (대치동) 지하1층,강남구,37.4991812807975,127.062987853204,https://eatssu-bucket.s3.ap-northeast-2.amazonaws.com/goodPriceStoreImg/bfd889ef-b8e5-4727-9ee2-ad07f95e76bd.jpg,,
1378,KOREAN,해남식당,청국장,9000.0,서울특별시 강남구 학동로101길 26 (청담동) 청담삼익상가 지하1층 4호,강남구,37.5224447996482,127.057620352182,https://eatssu-bucket.s3.ap-northeast-2.amazonaws.com/goodPriceStoreImg/64a24b5a-b8ea-45f5-9a6d-809970e75511.jpg,https://eatssu-bucket.s3.ap-northeast-2.amazonaws.com/goodPriceStoreImg/a0e0e230-f599-4280-9c79-e4a78a70e116.jpg,https://eatssu-bucket.s3.ap-northeast-2.amazonaws.com/goodPriceStoreImg/2b5b111d-85ee-4f4c-9f69-172ba2260782.jpg
1379,KOREAN,행복한잔치국수,잔치국수,6000.0,서울특별시 강남구 광평로 196 (수서동) 2층 201호,강남구,37.4840043478689,127.094271408288,https://eatssu-bucket.s3.ap-northeast-2.amazonaws.com/goodPriceStoreImg/adfcd7cc-cff5-4a08-a080-1576e4f5a548.jpg,,
1380,KOREAN,향원,반계탕,10000.0,서울특별시 강남구 역삼로4길 16 성우스타우스 104호,강남구,37.4924044673041,127.032021362216,https://eatssu-bucket.s3.ap-northeast-2.amazonaws.com/goodPriceStoreImg/35f0b8da-5008-4df0-b4ba-2eb47790d80b.jpg,,
1381,KOREAN,현미네 뼈감자탕 파불고기,생오겹살(160g),14000.0,서울특별시 강남구 논현로 62 (개포동) 1층,강남구,37.4757892765369,127.046999915551,https://eatssu-bucket.s3.ap-northeast-2.amazonaws.com/goodPriceStoreImg/d01010d5-6b7c-4dad-9e48-ce3e82c498ff.jpg,,
1382,ETC,형제들이 파는 과일 브룻츠,아메리카노,1500.0,서울특별시 강남구 역삼로 161 (역삼동) 1층,강남구,37.4952495813751,127.036656695827,https://eatssu-bucket.s3.ap-northeast-2.amazonaws.com/goodPriceStoreImg/8b170837-9d73-4cd8-ab63-406a6c025674.jpg,,
1383,KOREAN,홍가네김치독,김치찌개,8000.0,서울특별시 강남구 도곡로7길 7 B01층,강남구,37.4911851303324,127.034591405782,https://eatssu-bucket.s3.ap-northeast-2.amazonaws.com/goodPriceStoreImg/decb9469-1b3d-44bf-b43e-a9c67b5dcf22.jpg,,
1384,KOREAN,강원도청국장,김치찌개,8000.0,서울특별시 송파구 오금로 19길 14 강원도청국장,송파구,37.5108784819042,127.113994007938,https://eatssu-bucket.s3.ap-northeast-2.amazonaws.com/goodPriceStoreImg/02b94d09-6a0e-4dcd-bffc-2bc6111d23d6.jpg,https://eatssu-bucket.s3.ap-northeast-2.amazonaws.com/goodPriceStoreImg/bea9a964-8497-4362-80fd-34a6464c8cf4.jpg,
1385,KOREAN,국대돼지,고기무한리필,17900.0,서울 송파구 마천로 167 1동 1층,송파구,37.5037982053492,127.137911036383,https://eatssu-bucket.s3.ap-northeast-2.amazonaws.com/goodPriceStoreImg/b6860592-df3c-4910-9f2e-4e82d12155f1.jpg,,
1386,KOREAN,국일관,자장면,5000.0,서울특별시 송파구 성내천로63길 6-1 (거여동) 국일관,송파구,37.4903388692437,127.15725704504,https://eatssu-bucket.s3.ap-northeast-2.amazonaws.com/goodPriceStoreImg/d2d36c63-433f-4fc8-8261-e3d867f9a0dc.jpg,https://eatssu-bucket.s3.ap-northeast-2.amazonaws.com/goodPriceStoreImg/24d9376d-b270-4862-89e8-9bf817773383.jpg,
1387,WESTERN,긴밀,오일파스타,13000.0,서울특별시 송파구 삼전로9길 19 (잠실동) 1층 102호,송파구,37.5065269983435,127.087343203156,https://eatssu-bucket.s3.ap-northeast-2.amazonaws.com/goodPriceStoreImg/c6526903-1422-40e9-8316-748d81b319d6.jpg,,
1388,KOREAN,김밥나라,비빔밥,7000.0,서울특별시 송파구 마천로 194 (오금동) 1층,송파구,37.5022689011655,127.140155267419,https://eatssu-bucket.s3.ap-northeast-2.amazonaws.com/goodPriceStoreImg/d24a1bd4-13cb-4f80-98b6-4d2de957e599.jpg,,
1389,KOREAN,김자순수제돈까스,돈가스 2장(포장),6500.0,서울특별시 송파구 석촌호수로12길 16 .,송파구,37.5090384975447,127.084565825992,https://eatssu-bucket.s3.ap-northeast-2.amazonaws.com/goodPriceStoreImg/9590d59f-3ceb-42d1-878e-4627b73b1cdc.png,,
1390,KOREAN,깡통구이최가,삼겹살200g,14000.0,서울특별시 송파구 성내천로18길 1 (거여동) 1층,송파구,37.4988490476233,127.143010109737,https://eatssu-bucket.s3.ap-northeast-2.amazonaws.com/goodPriceStoreImg/bea3a477-4cb2-4790-a6db-14ca33454a25.jpg,,
1391,KOREAN,내담,아구찜小,35000.0,서울특별시 송파구 바람드리길 33 (풍납동) 1층 1호,송파구,37.5377185895209,127.119571451276,https://eatssu-bucket.s3.ap-northeast-2.amazonaws.com/goodPriceStoreImg/9de7a621-9ec2-40a1-a8c6-c314efcc09a7.jpg,,
1393,KOREAN,돈가야우가야,생삼겹살,15000.0,서울 송파구 올림픽로47길 23 돈가야우가야,송파구,37.5285803260745,127.116369914958,https://eatssu-bucket.s3.ap-northeast-2.amazonaws.com/goodPriceStoreImg/6d93ff3f-f9c1-42ab-8b31-90985f3e72e6.jpg,,
1394,KOREAN,동촌,돼지갈비김치찜정식,10000.0,서울 송파구 토성로 35 2층,송파구,37.5302544298158,127.114202355917,https://eatssu-bucket.s3.ap-northeast-2.amazonaws.com/goodPriceStoreImg/9d75e642-1b9f-45df-b7aa-612e3779352e.jpg,,
1395,KOREAN,두꺼비닷컴,떡볶이,4500.0,서울특별시 송파구 동남로18길 39 (가락동) 1층,송파구,37.493323586072,127.134294263962,https://eatssu-bucket.s3.ap-northeast-2.amazonaws.com/goodPriceStoreImg/4321a219-7971-4327-9328-baa1cad8cbd6.png,,
1396,KOREAN,맛고을식당,백반,7500.0,서울특별시 송파구 올림픽로 45길 21 1층,송파구,37.5273217419011,127.115794839209,https://eatssu-bucket.s3.ap-northeast-2.amazonaws.com/goodPriceStoreImg/812ef374-a7b0-4fa4-ad39-1e287d18bbca.jpg,,
1397,KOREAN,명가냉삼,냉삼무한리필,15000.0,서울 송파구 마천로41길 31 1층,송파구,37.4970210989676,127.151036791951,https://eatssu-bucket.s3.ap-northeast-2.amazonaws.com/goodPriceStoreImg/fa9d89cb-ac62-43ee-abee-02a0a1ca48fd.jpg,,
1398,KOREAN,명동홍두깨손칼국수,칼국수,5000.0,서울특별시 송파구 마천로51길 32 (마천동) 1층,송파구,37.4968071624783,127.15295687859,https://eatssu-bucket.s3.ap-northeast-2.amazonaws.com/goodPriceStoreImg/edf4ff41-5c15-4f63-8a36-90df5b018022.jpg,,
1399,ETC,모어모어베이크샵,에그타르트,3000.0,서울 송파구 풍성로26길 51 모어모어베이크샵,송파구,37.5297217315157,127.116535280548,https://eatssu-bucket.s3.ap-northeast-2.amazonaws.com/goodPriceStoreImg/24272b84-02e0-442f-9be0-94a0e6250b56.jpg,,
1400,KOREAN,무진감자탕,뼈해장국,9000.0,서울 송파구 마천로7가길 3-1 101호,송파구,37.5087084777738,127.127588139818,https://eatssu-bucket.s3.ap-northeast-2.amazonaws.com/goodPriceStoreImg/e2d32d4a-0d0d-48ad-951f-705a03a3ae9d.jpg,,
1401,KOREAN,문정김밥천국,김치찌개,7500.0,서울특별시 송파구 법원로 114 (문정동) 엠스테이트 E동 지하1층 175호,송파구,37.4860552797801,127.12100938212,https://eatssu-bucket.s3.ap-northeast-2.amazonaws.com/goodPriceStoreImg/6424a4f7-c31d-49ca-9f5a-cac7ab5247a5.jpg,,
1402,KOREAN,방이뚝배기,청국장,5000.0,서울특별시 송파구 오금로23길 25 .,송파구,37.5107577171675,127.116791835312,https://eatssu-bucket.s3.ap-northeast-2.amazonaws.com/goodPriceStoreImg/809f9910-98fe-42ce-bf60-21264e60460b.jpg,,
1403,KOREAN,벧엘손칼국수,칼국수,6000.0,서울특별시 송파구 마천로 41길 22 벧엘손칼국수,송파구,37.4968946341351,127.14994730411,https://eatssu-bucket.s3.ap-northeast-2.amazonaws.com/goodPriceStoreImg/39c8986a-4d5c-4164-8d8d-4c05b5c2f617.jpg,https://eatssu-bucket.s3.ap-northeast-2.amazonaws.com/goodPriceStoreImg/9397c158-22bf-49b0-8e21-aadd44cc64d8.jpg,
1404,KOREAN,본가감자탕,감자탕 小,28000.0,서울특별시 송파구 백제고분로22길 16 (삼전동) 1층,송파구,37.5025229781401,127.088731283778,https://eatssu-bucket.s3.ap-northeast-2.amazonaws.com/goodPriceStoreImg/c6b1c8e6-99b6-4811-85ca-f6857dd09169.jpg,,
1405,KOREAN,봉평매시담막국수,막국수,9000.0,"서울특별시 송파구 송파대로37길 4-31 (석촌동, 선한빌딩) 1층",송파구,37.501217727026,127.110004608942,https://eatssu-bucket.s3.ap-northeast-2.amazonaws.com/goodPriceStoreImg/7c3b7887-d8a6-489d-af91-fa8b5d37b941.jpg,,
1406,KOREAN,삼전신성김밥,김밥,3500.0,서울특별시 송파구 백제고분로 22길 28 삼전신성김밥,송파구,37.5014879697226,127.088281423676,https://eatssu-bucket.s3.ap-northeast-2.amazonaws.com/goodPriceStoreImg/5c1b6887-09b3-4c9c-86ab-d77d0779fce1.png,,
1407,KOREAN,서울분식,비빔밥,6500.0,서울특별시 송파구 가락로 42길 13 서울분식,송파구,37.5122078555715,127.121201347113,https://eatssu-bucket.s3.ap-northeast-2.amazonaws.com/goodPriceStoreImg/28191964-5cfb-4156-b7bd-65af7c3ed2a3.jpg,https://eatssu-bucket.s3.ap-northeast-2.amazonaws.com/goodPriceStoreImg/b1928af7-d216-4217-ad61-714265cdf766.jpg,
1408,KOREAN,성내천칼국수,칼국수,5500.0,서울 송파구 마천로 240 102호,송파구,37.4995275032697,127.144049558959,https://eatssu-bucket.s3.ap-northeast-2.amazonaws.com/goodPriceStoreImg/8a264e2c-cd05-4dfe-b3e3-510a9a01c9c5.jpg,,
1409,KOREAN,소림만두냉면,만두,5000.0,서울특별시 송파구 양재대로62길 14 (가락동) 1층,송파구,37.498393628748,127.118379092299,https://eatssu-bucket.s3.ap-northeast-2.amazonaws.com/goodPriceStoreImg/c782dc1b-a27b-4d38-b4a8-6e502582ffeb.jpg,,
1410,ETC,송파인커피,아메리카노,2000.0,서울특별시 송파구 바람드리길 62 (풍납동) 1층,송파구,37.5367003001398,127.122365863486,https://eatssu-bucket.s3.ap-northeast-2.amazonaws.com/goodPriceStoreImg/05caebb2-1c7e-49dc-accb-5e14769545f2.jpg,,
1411,CHINESE,송화반점,자장면,6000.0,서울 송파구 가락로 165 102호,송파구,37.5037769729035,127.113590203805,https://eatssu-bucket.s3.ap-northeast-2.amazonaws.com/goodPriceStoreImg/c3660531-7c7e-48af-b5c6-349d158b40d1.jpg,,
1412,KOREAN,쎄오부대찌개,부대찌개,9000.0,서울 송파구 마천로 146 1층 1호,송파구,37.5042891278687,127.135527988681,https://eatssu-bucket.s3.ap-northeast-2.amazonaws.com/goodPriceStoreImg/d61b23db-02e0-4140-8814-e5a2709babf6.jpg,,
1413,KOREAN,아우네,물냉면,8000.0,서울특별시 송파구 거마로2길 7 (거여동) 1층,송파구,37.4935515324088,127.145632958429,https://eatssu-bucket.s3.ap-northeast-2.amazonaws.com/goodPriceStoreImg/a93c970a-b69b-4761-b088-4135744b4294.jpg,,
1414,ETC,어썸피크닉,아메리카노,2500.0,서울특별시 송파구 풍성로 75 (풍납동) 1층 101호,송파구,37.5333907927703,127.120832953588,https://eatssu-bucket.s3.ap-northeast-2.amazonaws.com/goodPriceStoreImg/ad412571-75ec-42a3-9d15-f28a59469340.jpg,,
1415,WESTERN,어쩌다양식포차,명란오일파스타,13000.0,서울 송파구 송파대로30길 41-25 1층,송파구,37.4970781412082,127.120624470035,https://eatssu-bucket.s3.ap-northeast-2.amazonaws.com/goodPriceStoreImg/a25a4b91-677c-4243-903e-11319230b419.jpg,,
1416,ETC,예쁜소나무,아메리카노,3000.0,서울 송파구 양재대로71길 15 예쁜소나무,송파구,37.5106766752585,127.124933733214,https://eatssu-bucket.s3.ap-northeast-2.amazonaws.com/goodPriceStoreImg/ed50608a-4f14-435d-aa4c-3fbe36647df6.jpg,,
1417,CHINESE,옛날맛짜장,자장면,7000.0,서울특별시 송파구 가락로 113 옛날맛짜장,송파구,37.5016797600912,127.10864433644,https://eatssu-bucket.s3.ap-northeast-2.amazonaws.com/goodPriceStoreImg/16e6324c-a90f-42d6-a9dc-7bb11d02400f.jpg,https://eatssu-bucket.s3.ap-northeast-2.amazonaws.com/goodPriceStoreImg/5446a31d-ff78-4416-872d-58299c2df76b.jpg,https://eatssu-bucket.s3.ap-northeast-2.amazonaws.com/goodPriceStoreImg/5d49bb4a-046e-488a-a168-5fcd2438043b.jpg
1418,KOREAN,오백냥분식,김치찌개,7000.0,서울특별시 송파구 가락로 112 (석촌동) .,송파구,37.5012719988373,127.108509506025,https://eatssu-bucket.s3.ap-northeast-2.amazonaws.com/goodPriceStoreImg/1a9ded0b-78e7-4a67-9ef3-60cb0ccabdfb.jpg,,
1419,KOREAN,옥이네김밥&라면,라면,4000.0,서울특별시 송파구 백제고분로14길 3 (잠실동) 103호,송파구,37.505252607596,127.083365888537,https://eatssu-bucket.s3.ap-northeast-2.amazonaws.com/goodPriceStoreImg/a682129e-d46c-4b0c-81a5-bd64c11f5308.jpg,,
1420,CHINESE,왕짜장,자장면,4000.0,서울특별시 송파구 올림픽로55길 11 (풍납동) 1층,송파구,37.5343724035872,127.120420439652,https://eatssu-bucket.s3.ap-northeast-2.amazonaws.com/goodPriceStoreImg/3ba0edb9-ded1-4ef1-9a6f-ec0f7ebf5b64.jpg,,
1421,KOREAN,울엄마김밥,김밥,3000.0,서울 송파구 백제고분로34길 4 울엄마김밥,송파구,37.5021410186537,127.098644434483,https://eatssu-bucket.s3.ap-northeast-2.amazonaws.com/goodPriceStoreImg/070bae42-9ebb-483f-9f69-e140e8b4c821.jpg,,
1422,KOREAN,원조명성곱창,야채곱창,12000.0,서울 송파구 백제고분로48길 8 1층,송파구,37.5114655181139,127.114054055606,https://eatssu-bucket.s3.ap-northeast-2.amazonaws.com/goodPriceStoreImg/181eb8cb-9edf-4a49-82ab-664ded58d0a1.jpg,,
1423,KOREAN,유부정원,유부초밥,2500.0,서울특별시 송파구 새말로 62 (문정동) 상가동 1층 117호,송파구,37.4807917612963,127.120842269438,https://eatssu-bucket.s3.ap-northeast-2.amazonaws.com/goodPriceStoreImg/0bd56be1-1928-4684-92c3-727956dcca7e.jpg,,
1424,KOREAN,윤가네김밥,김밥,3500.0,서울특별시 송파구 가락로 208 윤가네김밥,송파구,37.5067871247812,127.11629117693,https://eatssu-bucket.s3.ap-northeast-2.amazonaws.com/goodPriceStoreImg/7bfd0a73-f548-4de4-aed4-d034a1eb3175.jpg,,
1425,KOREAN,장수설렁탕,설렁탕,6000.0,서울특별시 송파구 백제고분로 148,송파구,37.5054870414361,127.083121066144,https://eatssu-bucket.s3.ap-northeast-2.amazonaws.com/goodPriceStoreImg/ed554860-c6f6-4586-96d8-d8f3d312df4e.jpg,https://eatssu-bucket.s3.ap-northeast-2.amazonaws.com/goodPriceStoreImg/3606dced-b2c1-46e9-b2f5-7aee74dd42e6.jpg,https://eatssu-bucket.s3.ap-northeast-2.amazonaws.com/goodPriceStoreImg/427d99d1-df40-4d1d-8b9a-cfefabbcdb29.jpg
1426,KOREAN,참좋은식탁,김치찌개,3000.0,서울 송파구 동남로9길 27 참좋은식탁,송파구,37.4946222024823,127.126712556585,https://eatssu-bucket.s3.ap-northeast-2.amazonaws.com/goodPriceStoreImg/f5d92281-0e5f-474c-9b0d-099af95460d1.jpg,,
1427,ETC,커피볶음,아메리카노,2900.0,서울 송파구 중대로16길 15 가락풍림상가 107호,송파구,37.4956387100866,127.126045953637,https://eatssu-bucket.s3.ap-northeast-2.amazonaws.com/goodPriceStoreImg/d0927cbf-7d55-4e58-8678-8f680eeb5832.jpg,,
1428,WESTERN,파네파네,알리오올리오,8000.0,서울 송파구 법원로 114 B동 지하1층 162호,송파구,37.4860552797801,127.12100938212,https://eatssu-bucket.s3.ap-northeast-2.amazonaws.com/goodPriceStoreImg/66fa6e20-348c-4909-9ab3-e5e62ecae416.jpg,,
1429,ETC,포하이쌀국수,양지차돌쌀국수,9000.0,서울특별시 송파구 오금로 527 (거여동) 1층 1호,송파구,37.493062789198,127.147334414767,https://eatssu-bucket.s3.ap-northeast-2.amazonaws.com/goodPriceStoreImg/c893295b-b8ff-432c-a24c-ca00015d86e0.jpg,,
1430,KOREAN,푼양이부대&김치찌개,김치찌개,8500.0,서울 송파구 송파대로30길 41-5 1층(가락동),송파구,37.4963658734224,127.121262475596,https://eatssu-bucket.s3.ap-northeast-2.amazonaws.com/goodPriceStoreImg/2f4306d0-b217-4801-8532-fc67e36eff42.jpg,,
1431,KOREAN,풍납주먹고기,주먹고기,14000.0,서울특별시 송파구 토성로15길 3-3 (풍납동) 1층,송파구,37.5293230752836,127.116953821124,https://eatssu-bucket.s3.ap-northeast-2.amazonaws.com/goodPriceStoreImg/4f11d810-e110-4979-a7a3-5a146ce64e76.jpg,,
1432,BAKERY,행담화,아메리카노,2500.0,서울특별시 송파구 풍성로25길 20 (풍납동) 1층,송파구,37.5350709336671,127.12070034595,https://eatssu-bucket.s3.ap-northeast-2.amazonaws.com/goodPriceStoreImg/791c91f1-25d4-4fda-9b92-f160834e6f1f.jpg,,
1433,CHINESE,홍보성,자장면,7000.0,서울특별시 송파구 마천로28길 6 (오금동) 1층,송파구,37.5020719729717,127.139595995397,https://eatssu-bucket.s3.ap-northeast-2.amazonaws.com/goodPriceStoreImg/a1926a1c-22b9-471a-9946-92b9adab5312.jpg,https://eatssu-bucket.s3.ap-northeast-2.amazonaws.com/goodPriceStoreImg/9d987820-e73e-4d4e-ac0a-bc183094eeed.jpg,
1434,KOREAN,화담,삼겹살,9000.0,서울특별시 송파구 올림픽로8길 12 1층,송파구,37.5105567979224,127.080013458382,https://eatssu-bucket.s3.ap-northeast-2.amazonaws.com/goodPriceStoreImg/7b2fb8d9-3c76-41a8-a42f-7ab7b46ca24f.jpg,,
1435,KOREAN,훼밀리김밥,김밥,4000.0,서울 송파구 마천로 237 훼밀리김밥,송파구,37.4997730915857,127.144292154681,https://eatssu-bucket.s3.ap-northeast-2.amazonaws.com/goodPriceStoreImg/5f6949f8-a214-4a44-aeed-dcd49957dcb9.jpg,https://eatssu-bucket.s3.ap-northeast-2.amazonaws.com/goodPriceStoreImg/13e1ae45-6f53-4ea9-b10f-e3d4dcef5e89.jpg,
1437,KOREAN,119닭발 성내점,석쇠구이닭발,10500.0,서울특별시 강동구 양재대로87길 81 (성내동) 1층,강동구,37.5264347099026,127.130563309272,https://eatssu-bucket.s3.ap-northeast-2.amazonaws.com/goodPriceStoreImg/46929529-942f-4ae6-8c9e-8146a35e7c1e.jpg,,
1438,KOREAN,119닭발 천호본점,석쇠구이닭발,10500.0,서울특별시 강동구 천중로 73 (천호동),강동구,37.5449996605145,127.130214565495,https://eatssu-bucket.s3.ap-northeast-2.amazonaws.com/goodPriceStoreImg/cd3536b3-b70d-4705-b9ef-8a6da36fae03.jpg,,
1439,KOREAN,강동갈빗살,차돌박이(200g),16900.0,서울특별시 강동구 천호옛14길 36 (성내동),강동구,37.5358433170031,127.12743182812,https://eatssu-bucket.s3.ap-northeast-2.amazonaws.com/goodPriceStoreImg/4147e67f-b833-440c-83ab-527b505edff2.jpg,,
1440,KOREAN,강동집,백반(점심메뉴 11:30~13:30),6900.0,서울특별시 강동구 천호대로188길 15 (둔촌동) 1층,강동구,37.533420708637,127.143457039519,https://eatssu-bucket.s3.ap-northeast-2.amazonaws.com/goodPriceStoreImg/a570ccbd-4971-409e-809f-c4e957a8bb1f.jpg,,
1441,KOREAN,경송,경송마늘갈비,21000.0,서울특별시 강동구 천호대로159길 22 (천호동) 1층,강동구,37.5385393238767,127.12798258008,https://eatssu-bucket.s3.ap-northeast-2.amazonaws.com/goodPriceStoreImg/b0b7d5df-5b0b-4a66-b1f1-4c504de89297.jpg,,
1442,CHINESE,고덕옛날손짜장,기계짜장,5000.0,서울특별시 강동구 동남로85길 36 (고덕동) 1층,강동구,37.5611047752101,127.154801234259,https://eatssu-bucket.s3.ap-northeast-2.amazonaws.com/goodPriceStoreImg/bef76381-33fa-4401-8bf5-9d1e4210e6fd.jpg,,
1443,KOREAN,고향국시,칼국수,8000.0,서울특별시 강동구 양재대로111길 34 (길동),강동구,37.5375427955667,127.13777175832,https://eatssu-bucket.s3.ap-northeast-2.amazonaws.com/goodPriceStoreImg/267b3a48-bdff-4d6f-9a43-4e0a275c009e.jpg,,
1444,KOREAN,금마루,백반,8000.0,서울 강동구 천호옛17길 38 금마루식당,강동구,37.5378032867701,127.124023566617,https://eatssu-bucket.s3.ap-northeast-2.amazonaws.com/goodPriceStoreImg/4636da7b-be91-4ebc-99b0-0c64ca809d45.png,https://eatssu-bucket.s3.ap-northeast-2.amazonaws.com/goodPriceStoreImg/98bb6263-024c-4b7d-8243-8485ed66dce1.png,
1445,KOREAN,다인,뚝배기청국장,7000.0,서울특별시 강동구 양재대로147길 7 (명일동) 1층,강동구,37.5521741842574,127.143534849647,https://eatssu-bucket.s3.ap-northeast-2.amazonaws.com/goodPriceStoreImg/5a20e298-6947-4f32-af77-64cc39b1a3a3.jpg,,
1446,KOREAN,대팔이네곱창 천호본점,국내산 직화 돼지곱창(양념)(200g),13900.0,서울특별시 강동구 구천면로24길 20-9 (천호동) 1층,강동구,37.5398267594193,127.125466295133,https://eatssu-bucket.s3.ap-northeast-2.amazonaws.com/goodPriceStoreImg/b7439dad-6bfe-41c2-a668-b258f12c3d6a.jpg,,
1447,KOREAN,두메막국수능이백숙,능이삼계탕(점심시간 할인),13000.0,서울 강동구 상일로5길 29 1층,강동구,37.5487688997124,127.171410248523,https://eatssu-bucket.s3.ap-northeast-2.amazonaws.com/goodPriceStoreImg/7b12ea66-3e49-4759-a9bf-918b099685d2.jpg,https://eatssu-bucket.s3.ap-northeast-2.amazonaws.com/goodPriceStoreImg/54b21cfe-5550-4d8f-ab18-501b2684f19c.jpg,https://eatssu-bucket.s3.ap-northeast-2.amazonaws.com/goodPriceStoreImg/07554259-490a-4d7d-a1f4-5f475f306ebe.png
1448,ETC,디자인카페허브,아메리카노,3800.0,서울특별시 강동구 천호대로200길 15-16 (둔촌동) 1층,강동구,37.5360015628289,127.150385709195,https://eatssu-bucket.s3.ap-northeast-2.amazonaws.com/goodPriceStoreImg/c8b00e9c-157d-4862-98e3-5cec759eae24.jpg,,
1449,KOREAN,뚝배기해장국,김치찌개,6000.0,서울특별시 강동구 양재대로 1389 (성내동) .,강동구,37.5301855837389,127.136767500935,https://eatssu-bucket.s3.ap-northeast-2.amazonaws.com/goodPriceStoreImg/272eaa82-de4d-4498-b24d-cdac57e09509.jpg,https://eatssu-bucket.s3.ap-northeast-2.amazonaws.com/goodPriceStoreImg/1943dc9b-1432-46ac-bbe1-dc456e99e794.jpg,https://eatssu-bucket.s3.ap-northeast-2.amazonaws.com/goodPriceStoreImg/812c35dc-0637-4e9d-9873-067f167b6110.jpg
1450,CHINESE,만리장성,짜장면,5000.0,서울 강동구 올림픽로93길 12 1층(암사동),강동구,37.5493581955151,127.126525869075,https://eatssu-bucket.s3.ap-northeast-2.amazonaws.com/goodPriceStoreImg/991933d1-ef64-44ec-989a-16b8d9e6a6fb.jpg,,
1451,KOREAN,만선국수,멸치국수,6000.0,서울특별시 강동구 풍성로 111 (성내동),강동구,37.5322704992601,127.124637343587,https://eatssu-bucket.s3.ap-northeast-2.amazonaws.com/goodPriceStoreImg/8c5d1fd5-7f3d-4746-b72e-ea557a42fcbc.jpg,,
1452,KOREAN,면사무소,칼국수,7000.0,서울 강동구 올림픽로 727 1층,강동구,37.5462901129602,127.125854513702,https://eatssu-bucket.s3.ap-northeast-2.amazonaws.com/goodPriceStoreImg/fb96ec59-3972-4354-a106-9b82e4efef60.jpg,https://eatssu-bucket.s3.ap-northeast-2.amazonaws.com/goodPriceStoreImg/1350f214-40d0-490d-ae9a-fb334438a69d.jpg,https://eatssu-bucket.s3.ap-northeast-2.amazonaws.com/goodPriceStoreImg/b7f3032d-237e-477e-a097-6b89c9065fd9.jpg
1453,KOREAN,명성김밥,라면,4000.0,"서울특별시 강동구 구천면로 297 (천호동) 2층 202호(천호동, 강동아트타워)",강동구,37.5464155070304,127.133904900422,https://eatssu-bucket.s3.ap-northeast-2.amazonaws.com/goodPriceStoreImg/d6a5c9c5-8285-43d6-86bd-182b1ea2dfb6.jpg,,
1454,KOREAN,미소분식,아침국밥,3000.0,서울특별시 강동구 성내로3가길 7 1층(성내동),강동구,37.5308825330952,127.123239386257,https://eatssu-bucket.s3.ap-northeast-2.amazonaws.com/goodPriceStoreImg/f09bb684-b3e8-4fcb-ae00-7e63178c6c92.jpg,,
1455,KOREAN,백년국수,멸치국수,7000.0,서울특별시 강동구 천호대로176길 8 (성내동) 1층,강동구,37.534129455265,127.136133306145,https://eatssu-bucket.s3.ap-northeast-2.amazonaws.com/goodPriceStoreImg/7f09096f-e497-4f73-a2ed-0d032afacb39.jpg,,
1456,KOREAN,복희주방,김치볶음밥,7000.0,서울특별시 강동구 풍성로41길 73 (성내동) 103호,강동구,37.5345553156929,127.128780661623,https://eatssu-bucket.s3.ap-northeast-2.amazonaws.com/goodPriceStoreImg/d1fd3fce-e7dd-4910-9716-68a160d0b20b.jpg,https://eatssu-bucket.s3.ap-northeast-2.amazonaws.com/goodPriceStoreImg/b558731f-953b-4b7d-a799-3a6f82c070e7.jpg,https://eatssu-bucket.s3.ap-northeast-2.amazonaws.com/goodPriceStoreImg/65ff72f6-271b-426e-8354-6067959eed72.jpg
1457,KOREAN,부부식당,떡만두국,9000.0,서울특별시 강동구 풍성로56길 7 (성내동),강동구,37.5287996881642,127.135181447858,https://eatssu-bucket.s3.ap-northeast-2.amazonaws.com/goodPriceStoreImg/c7928042-7c78-43c4-b1f3-9e08a5ad532c.jpg,,
1458,KOREAN,서울진우동덮밥,서울진우동,6900.0,서울특별시 강동구 성내로 11 (성내동) 107호,강동구,37.5305063973591,127.122167825834,https://eatssu-bucket.s3.ap-northeast-2.amazonaws.com/goodPriceStoreImg/51b5af5c-fd17-4e8f-a6ff-80a24a7d1e3d.jpg,,
1459,KOREAN,소만,온니소밥(소고기덮밥+피크닉음료),9900.0,"서울특별시 강동구 양재대로127길 33 (천호동, 원덕아트) 1층",강동구,37.5454369964572,127.140820846708,https://eatssu-bucket.s3.ap-northeast-2.amazonaws.com/goodPriceStoreImg/c477278a-2481-41fc-a150-5a9bd5f3a8d9.jpg,,
1460,KOREAN,암사집 원조소금구이,국내산 갈매기살(150g),15000.0,서울특별시 강동구 상암로 51 (암사동) 1층 105호,강동구,37.5495418689964,127.129142765794,https://eatssu-bucket.s3.ap-northeast-2.amazonaws.com/goodPriceStoreImg/917dbeb9-9815-4b87-80dd-2778effdfa86.jpg,,
1461,KOREAN,와고숯불구이,생삼겹살,15000.0,서울특별시 강동구 천호옛14길 37 (성내동) 1층,강동구,37.5361046435657,127.127648264789,https://eatssu-bucket.s3.ap-northeast-2.amazonaws.com/goodPriceStoreImg/c2f77e27-5e8c-4f6e-bb94-569d68c671f2.jpg,,
1462,KOREAN,우렁찬,나물류,2000.0,서울특별시 강동구 풍성로37가길 67 (성내동) 1층 101호,강동구,37.5325472571979,127.130013135688,https://eatssu-bucket.s3.ap-northeast-2.amazonaws.com/goodPriceStoreImg/394aa642-2c9b-4fc3-93b4-7207e72ab1ed.jpg,,
1463,KOREAN,원조멸치국수,열무국수,7000.0,서울특별시 강동구 고덕로8길 51 (암사동) 1층,강동구,37.5523994925284,127.129125289066,https://eatssu-bucket.s3.ap-northeast-2.amazonaws.com/goodPriceStoreImg/60547fa2-982b-4dc9-9c1d-fd2282702f34.jpg,,
1464,ETC,일하는카페 허브건축편,아메리카노,3000.0,서울특별시 강동구 천호대로 1240-13 (둔촌동) 1층,강동구,37.5358651089613,127.14899761506,https://eatssu-bucket.s3.ap-northeast-2.amazonaws.com/goodPriceStoreImg/02fed2ef-ba20-4802-b9d5-6de461d0185b.jpg,,
1465,KOREAN,전주식당,된장찌개,6000.0,서울 강동구 동남로75길 19 지하1층,강동구,37.5541302080444,127.15517770003,https://eatssu-bucket.s3.ap-northeast-2.amazonaws.com/goodPriceStoreImg/ccd87aa2-e92d-4731-8b13-ce80c1b2781c.jpg,https://eatssu-bucket.s3.ap-northeast-2.amazonaws.com/goodPriceStoreImg/f6d06195-b949-4b60-9750-aabdfe84a683.jpg,https://eatssu-bucket.s3.ap-northeast-2.amazonaws.com/goodPriceStoreImg/b79c4686-6d2f-43fa-af2a-81b05deccaeb.jpg
1466,ETC,카페Roi : 후아,아메리카노,2500.0,서울특별시 강동구 상암로23길 49 1층(암사동),강동구,37.5492530189566,127.135486010147,https://eatssu-bucket.s3.ap-northeast-2.amazonaws.com/goodPriceStoreImg/f16ef970-43b8-4d2f-a14e-7fa05c410946.jpg,,
1467,ETC,카페선사,아메리카노(Takeout),2000.0,서울특별시 강동구 상암로 53 (암사동),강동구,37.5494941609275,127.129266485207,https://eatssu-bucket.s3.ap-northeast-2.amazonaws.com/goodPriceStoreImg/4f117397-3ba4-4611-965c-33020fb9ca68.jpg,,
1468,ETC,커피노트,아메리카노,3000.0,서울특별시 강동구 천중로39길 102 (천호동),강동구,37.5454733802605,127.140683541105,https://eatssu-bucket.s3.ap-northeast-2.amazonaws.com/goodPriceStoreImg/022e6d08-0f56-438f-a557-53e32cb33768.jpg,,
1469,KOREAN,코끼리식당,김치찌개,7000.0,서울특별시 강동구 천호대로176길 33 (성내동) 1층,강동구,37.5329737932921,127.136010712197,https://eatssu-bucket.s3.ap-northeast-2.amazonaws.com/goodPriceStoreImg/620e36fd-b19a-4a14-8564-e1ed89eb57e5.jpg,https://eatssu-bucket.s3.ap-northeast-2.amazonaws.com/goodPriceStoreImg/025e2429-3a84-4c76-837b-ffb45e965e47.jpg,
1470,ETC,피크커피,아메리카노,3000.0,서울특별시 강동구 성내로 42 (성내동) 1층,강동구,37.5288187075913,127.124776862823,https://eatssu-bucket.s3.ap-northeast-2.amazonaws.com/goodPriceStoreImg/3a2eac4d-b513-420d-859a-63bc65472bca.jpg,,
1471,ETC,협동조합 먹을거리,반찬,3000.0,"서울 강동구 천호대로 1242 107호(둔촌동, 정산빌딩)",강동구,37.5362937769465,127.148733710264,https://eatssu-bucket.s3.ap-northeast-2.amazonaws.com/goodPriceStoreImg/7c5e6cb3-f08b-45ac-98b4-05517cf1b081.jpg,https://eatssu-bucket.s3.ap-northeast-2.amazonaws.com/goodPriceStoreImg/b7594fd9-7dbb-45be-900d-d8a056a97395.jpg,https://eatssu-bucket.s3.ap-northeast-2.amazonaws.com/goodPriceStoreImg/cf53a5be-3a37-444b-aa9c-94b3119f1bae.jpg
